5010511482313
5060116211443
5024071260038
5029053582979
811422
5410228316282
8000500418222
5000382114987
5060947545496
5029053582986
4010198017717
5029053581279
407908
808867
5000227000932
5056079901675
5010102340251
5410228316305
5014379026849
5000354924552
5014379012965
5010102245235
5000143950328
5014379004823
5411188083191
819262
815942
8445291255722
817460
8718951608030
5055552409646
8723400832645
819584
5411188124689
5000328022024
8711900022291
816410
8445291117556
799464
799453
8700216465083
8445290640079
816222
072417337253
8445290640093
819583
5054267013308
817445
8700216048927
5000382121053
K238164000
9002490271367
5000159604222
5014379012859
819586
8445291528246
5060947545700
5000227510844
7622202342950
8700216026307
7622202341823
50173167
5010478250451
819616
671307
5055552409660
5010478154780
5060592007882
7622202363870
8008440246066
5000354800986
5010102244931
8008440552006
7622202209932
5000309007651
5000112673937
5000227001298
5011309302417
606525
5060592005390
5054267013810
819836
5000181029161
8445291337428
5017726166885
7312040553129
5010605240072
40099002
5010137015001
5000382100799
5000143996821
822821
8445290698148
821285
3073780828628
5000143968118
7622202816567
123
821282
0101100000515
822825
820179
821283
628662
50375301
820715
5000382114390
9002490271381
5015552555170
90456626
5054267013148
9002490271411
819990
819988
819989
96184394
821076
5000382114765
5056079901644
5000237139509
5000382112686
5000431027572
5000143901412
5449000085276
5056079901651
816254
5000354924347
820203
5000143902228
96184356
5000431027312
5017375036690
7622202351730
123456
7622202341885
5056079901132
5000143950939
820707
7622202234682
5000143906912
821148
5056079901668
9002490271398
42070719
818232
5000431026292
819257
615357000124
7622202209956
5054267010154
5000143958638
5054267013216
5000328036298
5000382121831
7622202814518
5054073008598
4010198023244
825024
5024993862969
8445291491113
5000382121039
7622202234774
9002490271343
5397005909656
690163
7622202341922
5410438044869
809143
5012035001995
8003440928110
5060044511448
1234567
7622202816581
5000143967715
821152
820708
5000237202470
7622202234712
819992
796661
7622201675349
5054073008611
5000382112723
3057640111648
628673
628695
5000393364876
5000166052115
5000393364814
5000143945928
5711953145278
7610900037346
7622201746742
9322214006205
5000382114444
5000431027084
5000181024050
4008429082986
5000431027169
5449000000996
5711953145230
4009900550833
7622202813269
5000112669657
8410024710618
7312040553402
5000289939201
5016860639286
5018297012311
5018297011673
5000289939188
5000112674958
4062139015436
3057640254468
5000328017372
5000112674859
4062139015528
5000112674873
5000328016771
7622202240249
5000328017341
8412600061831
5000112555981
3068320055015
7622202240133
5060282180369
5000112674903
5000112663969
5000328017778
5053990178438
7622202234750
5000328016801
816848
5000328017563
5410316970235
631437
5000112674880
5000112674866
4010198022766
5410316970211
5020379132657
40099361
5000112693294
5010228006789
7622201388997
5000112673906
5000112673876
5000143964929
5000112674996
5054267014350
822692
624137
5000213027738
5000328017808
5017726438432
5000143973327
8700216332767
5053990172160
7622202239892
5000237202692
5000328016832
5000168039848
5010438020582
5000143973532
624161
5018811000015
5035251003871
5000112674002
4250402400250
5060947545878
4010352652006
5060926503233
5000112687439
5000112687309
5010038592380
5010153874651
8410076472236
5035766044086
3155930005568
4250402400267
5000112674019
631515
8719200235274
4062139015375
4010198030631
631526
5000328017310
624148
7622202231193
5010478210882
818231
4018077821479
21304
5035766051923
5019312082036
7622202240188
5019312082043
4010198030556
8718531780262
819940
822627
3155930001300
4010198023633
5035139218526
4010352046102
5035139217512
4000145280912
5019312089424
5060221203753
631504
4010198025040
https://qr1.be/WOIE
5000354909788
96122969
5000143915327
4010198030617
631372
5054267013063
5000116128334
5760466920490
8720182655929
5060947545427
3068320084602
4005097150054
5000431026551
5000237139837
822632
5019312082067
5035766064183
798688
8718531780286
810541
5060257213962
5000232034991
4005097401286
5000143945720
8719200071438
5016860000475
4062139015191
3068320014074
822628
7622201461232
5014379034691
5000168208602
5056784900062
8712000059187
5035766066828
7622202210167
50173686
4009900550765
5054073093617
7622202209918
42247340
5054267014978
50226894
5054073086022
5060947545915
822874
5000116128709
5054073008635
5060147112146
5061013949705
5060947546189
5061013942362
50985098
5000382121015
822037
5000382122081
794898
5000328026220
3384121518062
4009900550871
5056079901149
5056079900913
0085000012055
8410702001779
0085000005002
5035766052777
5000237121542
3057640406843
5035766052784
3057640372858
5000431029538
808001
42181811
5000112673975
5000309007682
5000431026681
5010605208171
8712100889288
5020628004810
4062139016570
3046920028400
3046920028363
3046920028004
820999
5000112673920
5449000006011
8006540994290
5070000120706
5000143912524
812411
5017726136550
88004026356
5000112674040
5054267000216
3057640407598
4251097420165
42124276
0085000009840
5000237128343
7035566040149
85000001608
5901359224244
5000382112303
7622202209420
8700216464567
5000175412658
5000237139455
3057640492983
1111928983492
5010102340282
8445291010383
5010314313319
5035766185611
5000112673852
8700216003735
5000382127680
5035251001303
5060239772043
90456718
3057640373428
4009900545907
9002490273149
5061013960298
5010102340220
5000328029726
3057640577888
72417195136
5010102245242
12345678943
0672707235223
7622202235283
3057640407253
5000382126126
5010134909518
5017157002875
5905927002012
5010134909525
5010314313326
5905927001923
3057640308338
8445291014657
5012136013682
5000433025477
821345
5000435010778
5901359000237
5010102245259
822635
5035251000061
5059319030487
3057640508073
628784
5054267014633
5000435010860
5017353502469
818655
5016840601012
5010115910014
5016840102236
5016840102298
628940
5000435010716
8445291271456
5012035998264
821151
716165174028
7622202236877
0018341751017
0018341751130
5017157005869
5000382126140
8445290936370
50159086
5035766185871
0085000021569
5000204883510
5000175412696
810909
5012035998363
5449000062048
7322542028056
5011792008360
5013919006716
815936
5000213027875
5020628003608
818659
5010115913336
5016840164326
5012035999742
8719200291690
0031200001351
5023751112162
5000168035741
57038988
5900951315435
5000281074979
5000289936217
5013919006709
820050
8000300439625
5000204883381
3178530414448
5010217223838
5010459015178
5010459007289
5000175412641
5010459005025
5010455063135
8445290622662
5000143952520
5014201801699
5012035972165
5010459241218
3263280124874
8445291428768
5012035998370
5000143969436
5012035998394
5000237139516
5012035998387
5012035998288
822349
5012035971878
5010228006796
5012035998325
5012035998301
5012035998295
5010228006772
5035766065999
5000237139523
5034660508038
8720182422293
5010455063142
5010658315352
5060078181280
0085000022870
5024530005286
0085000020302
5000118045448
8445291269910
5011273047079
5901414203955
5018811000930
5060495113291
5000143943610
821565
5000157150721
5060495116988
8715700124568
5016840200192
5060592008841
817802
823241
5000159567558
5060495111587
5000143964226
819355
5000157146281
5053990172610
5060592005413
5060592004911
5060592005406
5060592005383
5000382106586
5012035963484
5056357906255
5060201182092
5012035998332
5036589200970
5036589201557
5036589202929
5060215335576
4062139015283
815177
821808
8719200242104
819629
4062139015252
819630
818236
819557
821892
819564
5000382121787
818234
816141
820052
5027097407319
6970925916615
5035766051596
819265
818233
819559
5410316991971
5410316986496
8445291282223
50107438
50271511
5000159560795
5000159560764
96184233
5036589203735
5017353502889
5010338014131
5024071270167
817846
5010238297115
8000500365571
5000118047817
5010134921558
5060215330090
5000309007736
8410036808396
5060215330014
5060215333176
50107827
5011007003654
5000354700132
8711000279533
5391540230145
50107452
5021664012494
5391516870016
169980
5021664016140
7613034872630
5021664015044
956482
956471
615357122468
34000722297
5017974010770
824269
5056617578840
5017974008753
5054073045760
5036589205302
9322214015887
5010338014285
5000431026995
5060947545946
5000431026902
9002490271374
5099873086261
5010228006802
5030104005064
50426270
4067700013545
5011007020620
5010287471269
4067700016669
3574661728131
5030104005101
5012035985219
5010287483507
80974482
3248850009607
5060639600908
4251097420288
819354
816419
5056617578918
5010134921770
5012035971083
813286
821616
812354
812353
812352
5000431028081
5022313395234
5010228002903
5010134918916
787732
787687
766200886041
5010134919340
5000435010747
754984
5000168027883
714357
5011308010016
85000031384
9322214015689
5010663252758
5016491123543
5000382127673
90343711
5017726163891
5010134916110
4901777305359
40936
4251097402918
4251097402888
7501145269107
5099873024454
43647300010
5010663251270
218997
5056357916162
5021778006341
963561
4006424022341
5060113919533
64909709
5011898003016
5060136252006
5035766040675
7501035011632
823845
821958
5000143944921
5017764901233
5000143951127
8000500418246
5000431026117
40084701
5000431000834
5060947547360
5011038138882
5029053508863
5029053578378
5059319032900
5059321006135
8445290638786
816659
5000382106548
8445291255999
5060257214068
80916697
5000237202371
5010485231009
5059321006166
5000382109624
5000382112341
96184363
5010485231061
7622202209871
5060136252020
5060136252068
5022374043792
5010485231153
5059319032658
5029053583525
5000382106623
7393714515506
5010485231092
40144382
5017079005862
7393714898456
8711000677681
9352042000298
5010134916684
5028267006943
5027876302927
5027876302989
5027876302958
5000328024950
5000328314822
8000500385081
818995
7393714898593
8888056577781
8888056805105
8888056103683
8888056803606
8801043028158
5740900805309
40084107
5000431000278
5022374043815
5010438021800
5010038485057
5056784900031
5000382114321
5054267014640
5000382128144
5010338015442
5010102340459
5017726432232
5410316959254
5054267014374
6970925916646
8445290273901
810946
8445291373082
5056079901682
5054267013209
5000342000664
631726
819994
5014379026207
8445291271470
5027952014966
824287
4062139015405
628740
458337
5060947545724
5022374043839
5410438044760
5410438044807
4062139015108
5410438044784
8004260014519
4060800306715
5391527000976
5000328017686
8008440212481
5000382112464
7322541048970
5056784900123
5060147112061
5000159565356
5000328017747
5000382115410
5010228006741
5060947545649
5000328017716
4060800306692
5000328019437
7610900037360
5000237139554
8445291499935
5000237139561
7622202240447
5012035985172
5022374043853
4002359664366
5022374043877
816847
5000143403190
5000354924439
816850
3057640100833
5010228006819
5011558009402
5025970803241
5010238203000
8436575295404
424224
5010118317841
5022313318929
4062139017638
8000500224281
821824
34000109418
4005808890576
8801043025256
5000143600162
5021546482636
8888056603817
5010549105604
5012389672704
5012389670557
5012389670595
5022374043914
5022374043938
7622202245664
5000143590197
5449000130228
5013919003272
5019503012019
5010438019784
5000431029477
8720608036714
7622202240034
5000237202494
5060147111262
7622201728939
809165
5053990178407
5000237139462
5010102340732
5000382109600
5053990172191
5449000109613
5000112673890
4062139018055
5099556024825
5019503020045
8445290159755
5000431000865
5000143956627
5000143956610
5022374044133
5010357117608
5019503002133
5019503002157
5010228012209
5019503018110
5000328529660
8000070036864
8001090925497
9322214006229
5010437021979
8593893786394
8001090925527
8001090925558
7622201439095
7622210777423
5000237125038
5012005210303
4060800309914
5061013949910
5000328991108
5056267003235
5053990172221
5060337509800
5060466510326
5016840001065
5060466510449
5060466510562
5449000214607
5410126136975
5054267001138
5054267004894
PS0071064
5054267005051
5054267005921
5010549307213
8445291265301
3159560595000
8413060002716
9322214016051
5050375056824
811538013031
5010494900262
3219820003062
5000299613443
18341751062
5099873012499
3256540001565
3256540002357
4002359648267
4002359648281
4002359647239
4002359634925
4002359650673
4002359663444
4002359634826
4002359634727
4002359663437
8001060001459
8002210112704
8002210112445
8002210125209
8001060001923
8001060020733
8001060006256
8001060005280
8001060020740
4002359632181
6003770002018
5000234038386
5035139210261
4002359664748
5000102001658
5035139201214
8410076460189
8410076400055
8410076430045
46000283241
8727200500209
5011308505017
5011308202305
5011308202268
5011308321754
5011308000994
5011308321785
5011308321778
5011308000338
5000118203541
4002359663680
5000354159589
4002359632471
4002359640445
5011308505024
5010034000537
5000232863959
5000184592419
5000232863973
5000184592549
5099839266119
5000184592372
5050665016453
5050665016439
5050665016491
5028235004261
5028235003349
5000354156106
5028235003363
5000354156113
5050665016217
5050665016194
5050665016170
5050665016231
8410076471475
8410076471222
8727200221029
8410076480606
46000283265
5099839354632
5099839354601
5099839354656
5099839354670
5099839354588
5000184592402
5010024132675
5010024101572
5010024141585
5000354203435
5010024140229
5010024101381
5010024103910
5010024103408
5036040146113
5036040144904
5011673109001
5011673200609
5013635101047
5000175411187
5000175411217
5000175411118
5010024107536
5000184161103
5000184161028
8722700268727
8722700268741
8715000029716
8712566252794
8712566252831
5000354903496
5029788158227
50184354
8711200516636
5000147026753
8722700162001
5000147025275
5000147025282
5000147026616
50457908
50457069
50457038
5000354903281
5000354902116
50457007
5012427212008
5000184321064
5000184321552
5000118078262
50157440
50157433
8712566381760
5000111047494
5025820000820
50409310
50409334
5000362124852
5000354110726
5025820001544
5011635812055
5000362124609
8885005451062
5025820001667
5010392004222
3076820010472
5012818162035
5000362256317
5000118033834
8001060005914
5000354110887
5000157025845
5000157025869
5012427298507
5012427147508
5012818160178
5011635816008
5000362202406
5000362010353
5000362202307
5010046013006
3254474011346
3254474011254
5010046002017
3254474011094
3254474011230
5010046005001
5099839221620
3017800134306
5099839341403
5099839341410
8437001865024
5010046011583
5000183064832
29444423725
29444717800
5029788603437
50362172
50362066
50362011
50362080
50362097
50362059
5000232900326
3036817800141
8000320110191
5010061000098
5029788602171
5012389002518
5029788602294
5029788602164
5000362201102
5013635366101
50362110
50362165
5012427093003
5000362256539
3254474011261
5021664839459
5021664871190
5013635420513
5029788700099
5029788900055
5099839341731
5099839341755
5099839341748
5000232820174
5000232904188
5000232901286
5010061000074
5000232901422
5000232901514
5017689094300
5000232903396
5000354401459
5000232043405
5000232901330
5000157026224
5010599014307
5010599014314
5010599014352
5010599014376
5000354403149
5000354403125
5010599017681
5010599014345
5000354156861
71106061813
71106061776
5000354403156
5000232871534
5000354403132
5099839266089
5099839075483
8000320010118
5010061001019
5010061001613
5000157071095
5010599007576
5010061241699
5010061242573
5029788602362
5000232265302
5000232812445
5000232866424
96068335
5013635312160
96068878
96068885
96069813
5000232158017
5000232160010
5000171032492
5701720121857
50232376
5000232315014
5602112030002
5012389007094
5707196133714
37600209571
5000232419408
5000232201102
5010431003834
4000503854304
5000232203403
5000232859235
5000232805911
5000232415103
5000232414809
5000171032935
5000175410135
5000232817556
5000175410166
5000175402376
5000157062673
5000157062635
5000157062734
5000157062727
5000157062680
5000157062741
5000157062697
5000157062710
5000157063243
50172436
50183319
50183357
5012389010025
43647380029
50183791
50102747
50102754
50102730
50102372
5035139205090
5000157067685
5000157067678
5000157061713
5000157063342
5000354800931
5000354800870
5000354800948
5000354800221
5000243707044
5000243923703
50354924
5050665013162
5000354700064
5000232825490
24000124023
24000124962
24000001973
240000019668
24000001683
24000001669
9310006005628
50126057
5000232828750
5010102104754
5000157065209
5000168006666
5000168168401
5099839089343
5010346000010
5000354202155
5050665011847
3430560004311
8427894009117
8001495012754
8412176020386
8410396230059
8410702017329
8410396210266
3430560002249
5013635306107
8412176010387
5018735224924
5011932010994
8410702000017
5010867500280
3251093207532
5011166019534
8437007732535
5018970005777
3453521175585
5013626111277
3453521181654
5010867600027
5010278100215
5018735224931
5010103923293
5010103994989
5010103996723
5410316286985
5410316286961
85000019085
85000005002
85000002674
85000003213
5060078182096
3295890024701
85000012055
5025938006233
3263286342593
3430560001037
5010186019753
8002793000122
5010186013898
5010186013874
5010186013881
8003545998377
5099839293825
5060122032896
50237029
5031390109429
5099556013515
7613033913617
5098807005965
5034660516163
5032246000099
5060293850336
64829931
5025938006110
5032824017303
3274431427317
8421580502463
5011233989715
8410023010030
8410023001137
8421580502449
5011295113400
5011295113486
5010186011719
5010186011726
9312088451898
5010277013189
8410024980004
5055298300672
5055298300665
5010057000149
5010057000101
5010057000064
5010186013850
7613039869048
5060078181273
5060078181891
9311043067549
9311043083099
5060078181631
9325040021268
9325040021220
29147340862
5024576300048
9311043093302
9311043057335
9300727574213
5010134008747
5028267008114
7804320404509
18341751024
8007531117681
9311789279596
5010186013393
9311218122479
5059001015891
5028267002051
6004786009091
6002323400233
6009808750531
7804350701593
5060078183291
6004786008100
7798039592230
7791540042904
5032824017365
6002323400332
5032824017389
5032246000037
5035139215044
96022078
5035139215037
8743759990025
8713252301147
5010438001130
9300727620514
3014260251147
5010003000247
5000157068934
4002359634420
5000118203534
8711200607174
8718114797977
5000159414173
5030109356109
5000168002019
5449000064141
5010981003162
5000158064072
8711200576388
5410438033375
5099556016387
5026309001727
5026309001017
5026309550959
5026309550065
5026309400179
5026309300103
5026309550966
81516440
85368140
9311789000824
9300727008640
5028267009975
0072417330025
7804320061818
7804320065625
6004442003777
8010471003617
3330540402192
3535926020001
3289810000395
9312088621949
3330540402055
5010203004267
8002793000054
9311910102069
9311910101833
8003545998292
5025938006097
85000010464
85000010587
5025938006059
8003545993686
3500610047121
6001660001714
5025938006196
8002806000392
8003545995352
8003545998391
82896047024
8005415041275
5025938006035
5010186019784
8010471001521
8010471003723
8014519002365
8423253181906
8410113001146
3331926400016
5010263039834
5010263199729
5025938006158
40696843
8003545998315
7791540042935
7804320288826
7804320556000
5011166016410
5011166018803
5032824017907
4069600010303
5011166001096
5021932016919
8003319024035
8003319024011
8003319024042
5010677934008
8410302122591
5010186017919
7804320339252
85000005033
5410316286954
85000005866
40696874
5410316286992
5060078183314
5010103915687
5032824020006
9300727549235
85000012734
8010471002511
5032824020112
9414024650003
9311043039317
9300727453600
9300727004475
6004786004416
7804320301174
42235330
8008440222015
5010038441336
7613037132526
5901359062013
5010017109639
5012686074409
5410228158424
5039362000118
5410228102762
5024993729729
5024993729712
90125602
5024993729910
5010677433662
5010677558242
5035766380610
5010677558204
5032678000612
8594403110128
9311789279329
8055349111759
5010103911351
5010103911375
5035766042594
5035766040552
5035766040910
5035766043836
5035766043867
5027342001316
5027342001194
5391520440434
5391520440458
5035766040866
7393714518286
5035766040361
5099873009857
5410316992565
5410316993791
5010677520195
5010103997164
5000289925273
5099873009895
5099873009864
5039362000125
5000213000120
5024993729682
5024271111536
5010017106102
5391516873949
5024271111925
5011885008338
5011348010694
5011348012094
5032563000086
5011885008567
5011885003685
5011885009021
5011885011154
5011885003647
5011885003661
5011885008420
5011885010751
5032563000161
5023625004951
5011348007397
5010549304571
5011348002910
5010549304557
5010153792139
5011348011530
5023625004487
5011348009094
5020587994047
5010548002911
5010548001679
5010548002539
5010079114435
5391516873048
5010134007061
5010017046880
5010153812554
5035766043119
42235354
5010015031567
5902746320013
5035766641247
5035766180043
5010153745340
8712000900045
5010153816804
5391516874168
5010038444832
5000264000100
5010017109653
5000213005354
5010103932929
5010038045091
5011166050735
5011166018896
5011166050681
5014201203554
5014201800548
5000264013254
5016878000252
5016878000115
5016878000160
5012863251319
5012686003003
5012686006004
5000264002333
4100130937958
5010017109530
5010153813636
5010017116699
5010153827800
5010038442166
5010038100257
5035766183204
5055298300344
8008440522023
5024271111932
4100130924002
5010153829323
8714800024792
5010153827817
8725000496654
5011157630229
5011157630113
5011157630335
5011157620336
5011157620220
5011157610115
5011157610337
5011157670119
5099839259388
5099839340406
5099839259395
5011157030920
70450113278
31200452603
31200452009
5010663804438
31200452016
5010663804452
5099839265662
5099839006357
5099839077333
5060321436280
5000382030713
5035139207018
5035139207025
5029788600597
5021812000694
5021812000656
5029788600481
5029788600504
5029788600498
5011898008011
5011898009018
5011898001210
24000193784
24000888116
5449000015174
5449000117090
5449000051561
5449000018281
5050083581021
5000328784960
5000328905259
5000328471488
5060042641000
5449000011749
5000193947279
5000168176994
5000232866035
5000157025272
5010003000131
5010003054226
5010003065512
5010003000339
5010003001169
5060097650002
5010092096046
5449000051547
5010092093847
5010092093243
5010092079346
5010092187447
5010092236442
5010092235940
5010092093342
5010092174942
5010092093441
5010092097944
5024079000131
5024079000124
5024079000148
5024079004030
5010092093045
5024079004023
5024079004016
5024079004054
5024079004078
5024079004085
5024079004047
5024079004061
5000181024043
5410076498253
5410076498611
8711700769747
8711600286139
8007531116363
5024271111963
5410076707935
5029053533827
7613034265968
7613034266187
5000166072946
5000166072960
5000166072953
7613032608354
7613032608446
5000161029785
5000161029778
5000161029761
5029053033877
8801073114814
8801073113893
8801073113329
8801073115514
8801073110502
3086123242852
5010038486016
5000143991024
5029053033174
5029053022161
12121212
700220210233
700220210202
5060148621142
5060292124537
5060292124513
700220210226
5019928004026
5942326401428
5942326400568
8002270018213
3179730010799
6975207753261
5410316966856
5060895744323
6975207753223
6975207753124
5012035969325
5056079900951
5031390116700
5000177496526
7622210610805
5756111601609
5012035969332
5038512001630
5016840200093
5410316671286
5000289110303
3253430008000
5010093000011
87248548
50431304
80756422
80975403
5410228141327
5000393075659
5000393076953
5000393077042
5000393075680
5000393076960
5000393076977
5000393159267
5000393077073
5000393077233
5000393026576
5000393027474
5056267004447
5056267000791
5056267004492
8410036806422
5000393027443
5000393027115
3219820000634
5000393035288
5000393152237
5010981003339
5010981003148
50457229
5025215143231
5000378999208
5000218005366
8712400556972
8712400556958
8712400556965
50478804
50478781
50478798
5000157060747
5024121857300
4062300138971
5000157070470
50078103
50078172
5900852997426
50078110
50078059
50078158
50440672
50078196
50078134
5900852171611
4062300277410
4062300253414
4062300022355
5000157066640
5000157062055
5000157071354
5000157064752
5000157066633
5000157070401
3361370037513
3574660420951
3574660453157
3574660453072
3574660048124
3574660049756
3574660049763
50207466
8410065100119
3574660217841
3574660026757
5031413950687
5031413903294
4015400422341
4015400414759
3574660719772
5060070052014
5099839341014
7310791012575
5029053532660
5031413950656
5029053532608
5029053532622
5029053522173
4015400347514
4015400347552
4015400347484
4015400347583
4015400347453
7310791012551
7310790605488
5000101085420
5000101995231
5000101085673
5000101085598
50393817
50393121
50393244
50393305
5000393015501
5000393162489
5000393162755
5000393162663
5000393157256
5000393157126
5000434600659
5000434600581
5000143580013
5000393162571
5060077783997
87248081
5020201496384
87248401
5060077781344
87248661
5060077781528
87248586
87248999
87248654
5000433003512
5000433003543
5000433022988
5000433003673
5000433003703
5000433023077
5000433023138
5000433023107
5060077782877
5060077782969
40331638
5000143580037
5000143560169
5000143560176
50434619
50434633
50434640
5000434601243
8710900061484
8710900061477
5000435005781
5000143547009
5000434601182
50432141
50432004
50435449
50431236
50435432
50435418
50435401
50431373
50433940
50433933
50433902
50433919
5000433009705
5000433009675
5000433009736
5000433011296
5000382109372
5020379144629
5000433021868
5000433009781
5000433009873
5000433009842
5000433009903
5000143559248
5000143555233
5000143555264
5000143555271
5000143521047
8720400000425
8720400000210
5000143468014
5000143428001
5000143428094
5000143160031
5000143155129
50757176
5000143165012
5020379149327
5000143927825
7393714008503
5024271111994
50742257
5000143155020
5000143147018
5000143145021
5000143149098
50719648
5000143143010
5000143143065
5000143110012
5000143110029
50143306
5000143292190
5000143281293
50143085
5000143294088
5000143326161
50757183
5000143347005
5000143340037
5000143331004
50719624
50143061
5000143130157
5000434602875
5000434602905
5000143431001
50434664
50435029
5060066940202
5060066940004
5000226100855
5014201701548
50393510
5000143283136
5000143283143
5000143283112
5000143283129
5000143117127
5000143246001
50719723
5060253020038
50143771
5000143243000
5000143244229
5000143241013
5000143238006
5000143235005
50143023
50973590
3073781011456
5024576030006
50715701
50973620
4895151831131
5014366080946
5000267117454
80432402825
716165177357
5010314017101
5010739262599
50008667
8710625505300
50973606
5010262070012
4067700013019
3024482270123
5055552401633
5010196086660
4603400001019
5055552401718
5010677012102
87000652293
5010103928700
5099873052532
5024576000306
85000019559
5010375441235
5055552401671
5000387905436
3049197110106
5000289930307
5012035961923
5000328203843
5000187130915
5010314350000
5010196021173
5010327247007
5055552401626
5010196086677
5010677011402
87000006904
5099873015568
5010375441242
85000004210
5014067332351
3334751007115
5031390115932
5000267024806
3047100091368
4004752225601
5014067332665
5000387905412
5000289112208
5011013100217
5099873046173
5016840000068
20035525
5010062323004
5010062950002
5021932014410
5010103995641
5024576040005
5055552401657
3245990319801
5010196021180
4897038110186
5010103926379
5011406002104
20028299
5000387905504
5010314101015
5010093210007
5017838820545
5010196023313
3155250361825
5000242110500
7312040090709
5410316942881
5410316942904
3049197110076
5410316673136
5410316989886
5410316943444
4603400000043
5055552401640
5099873015506
5010284100018
5010677470117
5010677211079
5010677014106
5010677740036
5011233975770
8501110080927
87000653122
87000652286
7312040017683
5024576000108
5010103928649
3253430005009
5000387905474
5010494600261
5010375960712
8501110080231
5000289926638
5055552401725
5060045580016
5032678000971
3018300000412
3334751007870
5000242110975
5000242111576
8003340806716
5010123728328
5051562019400
85000003763
5051562019509
5061013354608
9300727001306
5024071220100
5000347061776
5000158065703
5000158063907
5000158065901
5000158067103
5000158065529
5010518000022
5010605910012
5000347033636
5011501040513
5000347038242
50469178
50469185
5038483500002
5010232953963
5010232967649
5010232953925
5010232965096
5038483447734
5010605300226
5000158065994
5000347079160
5000347083679
5000477924040
8717163561096
5024143000012
5000347014550
5000193140946
50998487
5000332510135
5000332510173
5000332510197
5000332510296
5000332510234
5010605295256
5000158063914
6932570153715
9002490205713
5010388202076
5010388800166
5010388202069
5060045980243
5060095860069
5449000133465
5099839215025
5099839214998
5099839215018
5010102101791
5000147030699
5000147030682
5000147030262
5000147030156
5000147030651
5000147030002
5000147030125
5000147030149
5000147030118
5000147030019
5099839213267
5099839242878
5099839235320
5099839301568
5099839352256
5000382018803
5099839266027
5000382021179
5000382021131
5000382024811
5000382010470
5000382038276
50107803
5099839301551
5099839352331
5010102117150
5099839352300
5055298300368
5099839304187
5099839304194
5000193730574
5000193900861
95000193900861
5010438012556
5449000004840
5449000004864
5015672006903
5449000197092
8445291869981
5449000196613
5000112604993
8717700001023
5449000042156
4060800103307
4060800002242
4060800001771
5010102003804
5000177455363
5449000001351
5010438011016
5099839353451
5000347062445
5000134045071
5000347090813
5000347078309
5099839353437
5449000020413
6001048000902
3057640393983
3057640419058
3057640418563
3068320052007
5099839353444
5099839355875
5099839353505
7702018884766
7702018872688
7702018872619
3014260284350
3014260284329
5025970023281
5010527376033
7702018015665
7702018980949
5060095860304
5060087360867
5012035969394
8000500247143
4005808246878
8717163059159
8717163059128
4005900031525
5055028370326
50460397
50096695
50096343
8717163059401
5000167017571
8711600707122
8717163057988
5060095861554
4015400363064
5000228009194
5012583200741
42182627
8717644300428
8711600379718
8717644016572
8718114148274
8717644582619
8711600673182
8717644278222
5000101995316
5000231052705
4000388177000
4005808142927
4005808131013
5055028310759
5000304115504
5000304116006
5025971101261
4008429124600
4015400440543
4015400363002
5000304116501
8714789700052
5000207004271
8000700000005
5000207004387
5060223619224
5000101836411
4005808816682
5010629510410
8718114622446
8718114621562
3014230560002
3014230560019
4015400363033
8717644331750
8718114621371
8714789700045
5410076830541
5000174472462
5011321372276
4005808189373
4005808578009
8717163460214
8718114439112
8717163460177
4005808815456
8711600666160
8711600877610
8711600730045
5012254059616
5012254059630
5012254059685
5012254068724
5012254068731
5020379084000
6001067022558
5010123721022
5010123703400
3574660649802
5020379150699
5011417544143
8711600880290
8712561033374
8718114681801
8711600880627
8712561070713
5011417535455
5011417535547
5011417551516
5011417542064
5413149946835
5413149945937
5410076237692
5410076708604
5410076708635
5410076709021
5410076708963
5410076707980
5410076707713
5410076707836
5413149160835
5413149581241
5000159559065
5028763004429
5410076706396
5410076710621
5410076710539
4015600385187
5410076711123
5410076708840
8718114181943
5099839341687
4015600677725
5099839254420
8717163043400
8717163044278
8717644305645
8717163044339
5099839254338
5413149233522
5413149119253
5413149778474
5412533002997
5413149862067
8712566682812
5413149708549
8712566682737
8718114088648
8712566682898
5413149943728
5010287445000
8717644853290
8717644838372
8717644846001
5410076724352
5410076724291
5410076807260
5413149878327
8711600288935
8712561077880
8712561077804
8711600288775
8711700832724
8717644806944
8718114337210
8717644811238
5413149870758
5413149702967
5413149703025
5000174009644
5413149703742
4002448017684
5011417540176
5000204882490
5000204882483
5011417538395
8717644395394
8717644396223
5000204888461
8711600588479
5019373195836
5019373196772
5019373195829
5011597008121
5011417542019
5051562028501
5000146047643
5000204889932
5020042001150
5020042001327
5000204883589
5011417554340
5000186735036
5000186735012
5011417555637
8710648018108
5011417554975
5000204886009
5011417541593
5010629311215
5010629220210
5010629160219
5010629120107
5010629210112
5010629321818
5010629260513
5010629330315
8710648041014
5029053027906
5029053004327
5099839318504
5017289002606
3838952001649
3838952001991
5000132006210
5029053036731
5028635001105
7322540367782
5010195604278
5029053035291
5099839337871
5029053035437
50158225
5000204891614
5029053031965
5029053031439
5029053031446
5029053032917
5029053031996
5029053014821
5029053028286
5029053031521
5029053031477
5099839041860
5099839041853
5099839254901
8718114567372
8718114567389
8718114567365
8711600297036
5000204625158
5000204625189
5000185101672
5011417539071
5410076928200
5410076393138
5010159893700
5099839213021
5410076393084
5099839213014
5099839339950
5099839213007
5413149912212
5412533002232
5000325018990
5000325005853
5000204548181
5011309300512
5011417541296
5022896818151
5022896818137
4002448027997
5410076090846
5410076090815
5410076662043
5018063345629
8711711813460
5024418515241
8711711017677
5016652500220
5016652500213
4008429060670
7613034008459
7613034008497
7613034008534
7613034008473
5000166077019
5000166077033
5000166077040
5000166077026
9003579309964
5010394996730
5000161030149
5000161030156
3065890117051
5000166045797
5000166045810
5000166045766
5000161023462
5000161029723
5000161029662
5000161023448
5000161023479
7613033733420
7613034096432
7613034096555
7613034096579
7613033733406
48256293210
5000204566888
5000204690088
5011417551561
5413149878389
5410076091621
5413149418370
5413149418493
5413149418431
5000204629590
5038514066941
7613034058492
5000166070768
5000166070812
5000166070799
3700260219125
3700260219156
4008429043918
3700260219187
5000243717371
7613033988332
7613033988912
5000204689297
7613033988950
7613033988318
5000161026159
5000161027422
5000161024841
5000161028023
5000161027408
5000161028030
5000166070911
5000166053297
5000166061957
5900951113758
5000166058964
5000166074254
5000166074230
5000166074247
5011941417241
5011941018882
5011941070071
5000166014717
5000166073837
5000166077194
5000166077217
5000161010059
50166886
3065890115996
3065890115972
5998749110423
5010394986090
5015012000974
5011417555392
5011417556214
5000204589498
5000204589467
5000204589436
5000204589610
5011417547670
5011417554906
5011417552957
5032227448254
5032227448285
5032227448278
5027785801283
5011558009495
5010029215670
5018357010233
5018357010196
5018357009435
0648436101276
5000108030553
5000108030614
5000127533196
5050083919190
5050083788130
5050083594595
5010029201246
50127504
50127030
5011476102131
5011476004411
7613034159724
5010029216318
7613032021511
7613034160188
5011546435183
5000127153998
7613033198946
5000243729091
5010029013023
5050083503917
7613031473090
5060145252035
5010029215618
5099839340215
5050083545221
5000127049307
5011476102520
5099839256127
5099839076671
5050083580864
5010477308221
5010477300508
5050083595141
5010029020519
5000127141193
5031390109221
5031390109481
5031390109443
5031390109399
5031390109504
5031390109535
5031390109207
5031390109245
5099839352225
5099839302350
5099839302367
5099839349096
5099839302374
5016096126970
5000328473659
5000237104934
5000328192871
4018077675409
5000328684918
4018077675508
4018077711169
4018077678134
4018077675706
5905187107328
8904047931278
5000328499543
5000328624129
5000328382463
5000328499468
5016096123986
5012005091407
5000328127323
4018077675102
5016096124570
5017764115005
5017764119010
5017764112134
5017764112677
5000328676876
5000328311661
5000237105221
5060100410739
5012904014767
5011558007392
5033298004684
5033298005155
5033298005100
5033298005025
5033298005049
5099839325199
5099839341274
5011558007378
5011558007354
5010075000862
834554001905
5017974004205
5011558010163
5023751202016
5023751202047
5023751202023
5000328288529
5000328778235
5000328730554
3800020418697
5000328222486
5000237074855
5000328637327
5099839354090
5410076450121
5410076462285
5410076462162
5410076462223
5410076449842
5410076472390
5010338017019
5010338017002
6926264400100
8003899181203
5013297994445
5000328623092
5000328115931
5000328902616
5000328329833
5000328649146
5000328552194
5000328809731
5000328971322
5000328156200
5000328925387
5000328567648
5000328123493
5000328115504
5000328338507
5000328123066
5000328988115
5000328123578
5000328490557
5000328777443
5000328115771
5000328192284
5013213015162
5017764115074
5017764119027
5017764112158
5000328572055
5000328153322
5000328303864
5000237048085
5000237048115
5000237097236
5000237088296
5000237107492
5000328115696
5000237110836
5000237110850
4008007017805
5000168076218
5000237082669
5000237091920
5000328599915
5000237091630
4015600452780
4015600452711
5010159893175
5010159893168
5011417559116
8717644202418
8717644147702
4015000211437
4015000211499
4015000211390
5012583001331
4015000211451
5060052226396
5060052226297
5060052226655
5060052226693
5060052226358
5060052226099
5060052226778
5060052226631
5060052226716
5060052226891
5060052226372
5060052226914
5060052226570
5000314009596
5012035927592
5012035937041
5012035927608
5012035929251
5012035927615
7622300700218
4987205933820
4987205933837
5034660001287
5012035928667
5099839277764
5016096126260
3800205871248
3800205875307
3800205875604
4018077721038
4017100722004
4018077721472
4018077721779
4018077721359
50237104
77975099926
77975099933
77975099919
77975099940
77975099957
5016096126253
5034660518457
5034660518471
5000159410526
3800205871255
5000159372343
7613033106750
5034660520825
80052760
80761761
40057750
7613034055125
7622210017734
5034660522775
7613032810634
7613033106422
7613031006267
50159284
50251018
5034660505181
5000159409865
5000159409674
7622210106421
40111001
5000159459228
3800020423462
5000201468611
5034660519669
7613034048288
3800020434642
50249473
5900862017886
50251179
4011100038653
5034660511397
5034660511380
50249480
5900951020940
7613031894963
5000159449342
5000159393898
5000159449328
7622300743598
7622300743536
7622300743703
7622300743512
7613033126345
7613033126321
5034660026921
5034660522782
5000159428316
5000159022521
5000159468596
5000159393928
5000159024501
7613033979064
7613033978807
3046920021005
3046920084000
50426942
7622300419394
40111216
5034660516170
5000189283237
7622300735463
7622300735937
76222100940947
7622210094117
7622300735838
7622300725051
7613033563232
7613033563478
7613033563454
7622300735999
4000417023001
7622300734824
7622300736019
96019962
8593893732315
5000159458290
5000159439954
4021700800000
76145759
7622400005190
5000159453424
5050083579653
5050083787683
5050083579622
5050083579363
5000127743755
5010029210873
5050083787638
5017375013820
5017375013837
5017375032753
5017375053284
5017375013806
96019863
8013399181818
87301182
5000159337991
90111334
7613032828844
87108620
87108408
5010933012341
5010933011238
5010933012426
745092005846
745092005877
5000159314985
5900951020704
42212232
5034660522171
5900951025808
5023274049815
5034660505877
5410976538011
8003340090542
7613033816185
5034660522324
5000426171518
4014400924596
5000237130445
5034660522270
8000500009673
8693029203013
8693029200821
694649002442
50243228
5010478100213
5010478850415
40111445
8692806007202
8692806016198
5000159457897
8692806006250
8692806005208
8692806016594
72417146220
637796404417
5000168177038
5099839338632
5000168176376
5099839338649
5099839338663
5099839340130
5000168008073
5000168176819
5000168104621
5099839338687
7622300756871
7622300315245
39047001190
7622210072764
5000148002633
5000148000745
72417135194
5000168132990
5000168175157
7613033592485
72417146237
72417143922
72417143816
72417143809
8692806014781
8692806014750
8692806014774
8692806014798
5010035063180
5000168168043
5000168001210
5000168175621
5000168176390
5000168164045
50168101
5000168002286
5099839338656
5099839089336
5099839573453
5099839338670
5000168176352
5000168168227
72417136931
5000168174310
7622210021502
5410976289012
5099839249280
5000168021331
8004800001733
8004800001726
5011701000003
5010265000856
5000137487908
8004800001740
5000137121994
7622300727598
7622300727567
7613033444753
7613033444333
7622210131461
5000208024636
5000208080809
7622210130761
5000208053094
8000070018686
5000208083886
8711000486450
8711000286425
7622300727253
5000136015775
7622300727314
7622300727222
7613033188244
5000136057393
5000136994285
70177143305
70177018016
70177022389
70177046972
70177010690
70177085322
70177010539
70177067762
70177067779
70177075101
70177098940
70177103088
70177082598
70177247157
5060123606515
8004800001719
5060123606508
7622300727161
7622300727208
7622300727376
5000136005196
5099839340321
4006508122134
5000168141534
7613033654923
7613033645525
7613033654657
7613033657054
5011546464244
7613031808472
7613033188039
7613033188404
7613033187971
7613033188206
7613033188015
7613033188282
76101304
50222445
7613033538490
7613033586668
5000168002026
5099839276385
5000208062607
5000208084241
5099839341694
5010115926978
5010115926985
7613033952593
5000347028403
96033210
7612100050002
7612100054017
96071472
7612100054000
7640110703236
7610211030203
7640110700020
5010115927166
5010115804917
5010115804849
615357120648
7622210020697
90454615
5010115934386
5099839325304
5099839276491
5099839325298
7613031614349
5011546473383
5010034516007
5010034516205
5010034515000
5010034002302
5010034002210
5010034517004
5010034514003
5010034002319
5010034521001
5015821153281
5011157888156
5015821153298
5410673103000
5410673051127
5000234043601
5018095189291
5000362000149
5016805003172
5000175412702
5000175412771
5000197552516
5000197571401
5000347025365
5020379142908
5020379142922
5010438012495
5011898005119
5000347091353
4060800109781
54492714
5000347017568
5000347091421
42099017
5000112589412
500
5099839352270
42099697
5020379143004
5020379143127
5449000198464
5010102113459
5010102112315
5010102112308
5000112589436
5010102112322
5000347043895
4060800168740
5000347096808
5000347054358
5000347060496
5000347098444
5010102113428
4060800134943
4060800134936
3068320055008
5000177465935
5060166690069
5449000128607
5060166691516
3057640225833
3057640227073
5099839355684
5000382038092
3057640411113
3057640393648
9002490219994
5741000000021
3057640417993
3057640411533
5000177461272
5000382039556
5000382029502
5000134037809
5000134037571
5000134043930
5000347052002
5000382032427
5000382035817
5010438006401
5000112602975
5000382035893
5010041002128
5000112589184
5000112592078
5000112589191
5000382038115
5020379144476
5000112589979
5024115330055
87108262
5000197156851
5000197156912
5000197156936
5000197156868
5000197156943
5000197563789
5000197520973
4002359663673
5011308003018
5000175411576
4002359632594
5011308321846
5011308321839
5000243726960
5010338206093
5010338013363
5010338014223
5010338205195
5010338011031
5010034002401
5010034002104
5055552400926
5000187008214
5000187008153
5020379059190
5020379059138
5099839340642
5099839340604
5099839340628
5010236155103
5010236154786
5010236155516
5010236154762
5000221001058
5000328331799
5011898002019
5000328839325
50237098
5099839352232
5000111044226
5099556011948
5021684005551
5012005090103
5000159393942
5000136990867
5000136994292
5035766043973
5010067374506
5000205040929
5029053024882
4792024009379
5000112599305
8711700769716
8711700769761
5010746002461
5050665018075
8711700710015
5020379030519
89819776344
7622210127495
5016096126710
5000211012712
5060044532245
5099839354458
5000221503361
5099873003220
5010196086646
5010196065061
5099839353475
50157396
5000204414950
5000362110206
7804320462004
5099839340444
5410316286978
5050083580192
5000201499776
5012035925956
8714789395050
50294220
5060052226792
5000166004411
5060052223456
5060052220769
5410438033399
8712566222452
5000116103140
5010605295164
7613033188343
5000116106240
87108644
85000016688
50201105
7610900037438
6003770008799
5010478432567
7322540368192
7613034280800
5000232871510
5000108030638
5021827104554
5060122034463
5010024132668
8717163058428
5011273040131
5029788100356
5000208005758
5060035401086
5038481998245
5014044005056
4000539770708
5016346216055
5016346231935
5060079650754
5010102116931
5010102116948
5011898001715
4025500165451
5027952008750
5030907100638
5000347027048
3329770006997
5000382035954
5010029000016
5410438033412
7622300731939
615357118829
615357118812
5000237107980
8410076420527
8712100361432
8712100345067
8712100345081
5060058331988
5035139215013
50105090
5000237107799
5000221502258
5000147030583
8714789726137
5000168002071
5010017109578
5011476100885
5000168176574
7622300737528
7622300737566
7622300737542
5000168001159
3057640418228
3057640427473
5034660517849
5034660516415
5034660517429
5000159424196
8711700833189
8711700833103
5413149119277
5413149697959
5011417555422
5000101991301
5900951112928
5900951112935
5900951113741
8000920400487
5410438001169
5010933012013
5060052222367
8410036001094
8000570552505
3430560004526
8711600633896
8712000028268
8003625002062
8003625035886
8003625005421
5060052225108
3263810136445
5060215330854
5060215330892
5060215330878
5000167042405
3430560004151
1
18341751055
9300727513212
70177230944
3574660511772
500354911880
3574660497014
5000167046199
5060592002900
5010018002014
5000309006906
5000309006913
5000309004582
5010605089015
3574660593150
5000347045219
3574661044538
5024071210170
5010605276088
5011406001404
5011406001411
5010123731434
5000158104327
50143894
50457601
5000159414234
8000500125731
5000221002901
5000221006299
5022313786209
7622300152161
50178483
5000159414197
5027952007869
8410136217036
5000159415392
5000382035855
5011898002521
5000237107942
4060800135346
5000382035916
5010358081731
5011406002548
7622210129604
80052043
5010017115227
50696925
5000237107904
5000237108000
5010055980016
5000347017841
7613033796524
7613033796630
7613033796463
7613033796388
7613033796487
7613033796500
7613031880256
5000159469005
7622210147752
5000159469029
5000159434249
5000159469043
7622210154613
5012035925659
5000159468985
5000328355757
5410673051004
5060052220042
3076820006062
5026308161125
5060050657581
5060050657604
5060050655495
5391511050710
5060050657635
5025509002992
5060050655488
5060050657895
5010084902010
5033298005551
5060050657918
5055552400322
5060050657758
5060050657703
5060050657598
5000168106878
5060050657871
5060050657659
8718114652832
5011451103856
5025970023694
4005808804344
4005808459766
8717644005590
12121212112
8000500003787
8717163558799
4005808190614
4005808192076
5025970021195
5025970802183
3760128520305
3029440000286
3256930200110
3380203010073
3016570001030
3185370074831
5000234047401
5011166010623
8410036008208
5020411118434
5000159469326
7622210152688
8410031954173
5031390109559
5000237107928
5050083581540
50251506
42124092
50105083
5023274024201
5000221001386
5000221503347
5012005091209
5000347062469
5034660509585
3029440000408
5000432011839
7613033492778
5410438008441
9311043013584
5060050657796
5017317000178
5060050652883
5060050657857
5026308097127
5060050653408
5060050657772
5060050657819
5060050657666
5060050657628
50658053
9311789392219
42101925
5060050657697
5060050657611
5016096123573
5016096124198
5016096126901
5016096123597
3258438000001
5000234047418
8010471002955
5000237132869
8410065100713
8410065630159
3256930103817
9312088000508
9312088001246
87108132
5000347068003
5011321365261
5000158064584
5020581244353
4005800042775
5020581244339
50160181
5000174025637
5000477893087
5020133270724
5012904009343
5010266253473
5760466852470
5027952007883
5034660511069
5099556010811
5449000131829
5000221001201
50432745
50432202
50432127
50432738
50432226
50432219
5000432011860
5000432011891
50431410
50431748
7622300735890
5000158064591
5016096125508
50254200
5060058331346
5000116102464
5060052225986
5000205037561
5000116105397
5016096124778
5016096126963
5016096123863
5029788603420
8711600339743
5014379
5010034515208
5000166078047
4025500165239
5020379059817
5020379040259
5016096123856
5016096123603
5016096123535
8710515260067
5051126263416
96010228
5060066940042
5060066940295
5013922060811
5027785807582
5027785807506
5017353501295
8008285554142
5000394077164
5000234048422
5000394076969
5029053565903
5000394077201
5000394077126
5000394076914
5000378998270
5000378998317
5000378998331
5000378998195
5016096126383
5027952007845
5900951027710
5000187133862
5410853032892
5016096126567
9300727008527
5023625005323
5027952008736
5010102111936
5011003046501
8594403110111
5060052220035
5000431008953
50189779
80800019
7622300341466
5413149980761
5060052223432
5000168174075
5000354203428
5060052226310
5031390109498
5031390109733
5016096124389
5016096124211
5016096126215
5016096123504
5035766381693
5060041764335
5016096123849
5016096123412
5016096126680
5016096124501
5016096123672
5016096123474
5016096126376
5016096123481
5016096123832
8002205356632
4028491401065
5027952009221
4009249022831
4009249023609
4009249014072
17166508
5000159419925
17166697
5012254059586
38785307106
5012254061275
7321011171118
5013965904189
5013965904998
5013965904592
5410076498178
5410076229345
5011321431140
5011321433120
5410076796786
5011321594777
5011321594500
5000158064201
4056800857838
8717163434482
5010159984736
5010159984712
5010159984729
5000101992858
5000231049927
5000231080401
5000231049941
5000231049897
5000231050794
5000231050831
5000231050855
5060087366418
5011451103917
5000231049873
4000388176201
8717163315811
8717644343135
8711600654822
8711700719803
8718114148052
5000101991646
5000101992100
5011321880146
5011321880238
7622210764621
5012233076566
5012233300463
5012233301002
5000231008801
5000231008771
5000231008832
5036905007146
50287994
8717644280270
8711600319356
5031413903355
5000231008863
5012254060124
5010287476509
5012254060117
5000186802585
4005808577750
5013965951732
5000347071461
8850006320501
5000146044178
8714789615301
5028763005884
3014260747961
5000204526165
5000204884852
5413149462625
5413149462656
5000204649451
5000204891119
5000204883664
3059943016507
5000204503494
5000204883404
5410076378166
5410076928170
4015600391898
5413149980525
5413149976320
5410076377886
5000146401353
5011417548554
4975769310355
4902030194079
4902030188016
5016650710430
5016652500893
5031390109450
5099839354830
5033298004301
5038862302500
8718114336909
50251797
50431175
50431168
50431151
50431144
5031390109375
5000237048092
7613033492754
5000237048108
6001067021452
5000237048078
5000431012332
5000431012158
5000431012271
5000431011526
5060639123025
4009900534437
5000431012004
5000431012066
5000177472100
7622300160692
5010508189928
5000187127892
5055552400353
5099556011979
7622210112347
7622210099594
5038862104500
5038862102506
5038862100502
5038862304504
7610400079891
5034660517023
5000187115493
5000221004585
7622300784584
7622300753573
7622210120939
5010153763634
7622210120915
5036040146120
5036040146137
5000328159515
5010394984584
7622210764683
4000487226999
5010394999717
7613030955016
7613032982430
7622210769794
7613034304599
7613034305114
7613031501854
5011394635056
7613034282248
5000161022823
5055037001457
5033298002307
5033298002314
5033298000358
5033298002345
6416479000825
6416479000856
6416479000849
5020333002521
5060041761273
5000116105007
5010775184794
7613033888793
5000227991766
5000227991148
5060052224880
8712566344321
5000178108497
5027952007807
5000149028113
5000354164705
5000221002338
4015400495703
5011406051515
5010478748231
5000157066312
4010198023404
5000382038139
5023139859498
5033298005032
8011893819039
5060172012183
5027248001090
5034820123521
5026824867006
5099839358425
5000237110775
5413149736115
5410076383825
5010134910088
5099839298455
5011417537671
5015012000769
5010017109851
5015012430450
5015012000486
5994100075431
5015012001414
4001929400311
5015012001605
5015012010096
5015012010126
5015012010072
5015012002053
5015012430139
5029788602706
4008577088151
8712566158386
4002359664359
8712561030625
811284003959
5060041764298
5017840001765
4010142016155
5012035931957
5050360001532
5020379059855
5000112581898
5000227502887
5000353319502
5000221503453
5034660511403
5010228001302
5000159415378
5099839319402
42212386
5000353149116
5000353339111
5000187136849
5000116103935
5000237127889
4001724819608
50991716
5000354900846
3280220310005
5000227503235
5010084309062
5010228013091
5011941633023
5000431009547
87311860
5099839341496
6001067020714
5012168084186
7622210072672
8712566332236
8412765565632
0034000109418
5060052226020
5000118075742
5034660502340
5029578001085
7610900037353
5000264010574
5050083582127
5000116104994
7613030445999
5010046001003
5060052225207
72417135866
5000116105403
7622300737900
5060052220073
5000118203503
5010102111929
4009900534468
80856399
80135906
5000118203480
5010933011221
4000388176904
5000205037578
5000221502654
5000221502647
5034660515326
50159338
50201235
4011100051300
5000159346610
5000159020312
5000159468503
5000159304245
5034660522058
5000159024518
5000159449083
50189199
5000159001335
5000159001274
5023274066652
50426188
8593893718487
5000159449069
96022566
50249466
7310511803001
50314904
50314997
40111490
5060123600094
615357121089
5000208038954
5000208001668
5000118082467
5000118030093
8722700240914
5000118030123
8711200536696
7612100015575
5000347046094
5034660021421
7612100062746
5000183932780
7612100000250
5000243712024
5060122034654
7613033908026
7613033907999
5034660021674
5034660021537
7622300815233
5010338015480
5000232823403
5000354166419
5000118203572
5000118203527
8712566125807
8712566125760
5010034002388
5010034002067
5010034002371
5010034002036
8712566125722
5000175410210
5000354403835
5000175410258
5000175410241
5000175410203
5021885800122
8901058816587
9556001135957
5000197157681
4002359644702
4002359642234
5000118204968
5032457701143
8715000998630
5032457700962
5032457700849
7613033828737
7613033910135
5000232828736
5099839006913
5099839006920
5099839341359
5099839341366
5099839341373
8002210500204
5000354900310
5000354902543
5000354902550
8002210125070
5000354900716
5000354900624
5000354900617
5000354900761
5099839301803
5099839340659
5011544070034
5010338197025
5010338197001
5099839339455
5000111047371
5000111047357
5000111001007
5000111018005
5000111001014
6003770000199
6003770000526
5039303000276
6003770006832
5010338022983
5011308400145
50457366
50457243
5099839339448
5029788150290
5029788158852
7616100055562
7616100055579
8712566374458
667803000752
5019989103072
5019989103096
8002210501201
5010024111069
5000147032983
5000147032945
5000147032969
5000118048333
5099839339844
5012389670991
5035139217659
7622300714444
7622300714123
7622300714499
7622300714475
5000184593560
5000184593607
50157310
50457694
50157853
71475740234
5000157062499
5000157062512
5000157071491
5000157071477
5010821010022
5010821020021
5000232227010
5000157072917
8722700043119
8712566247905
5029788172490
8712566247844
5000354403309
5000175414515
5000354402739
5000354403293
5000354403200
5037124010023
5000232192202
5000232199706
5000232133014
5000232132017
5000232807540
5000232213013
5000232814470
5000171001504
5000171053152
5010821000009
50171415
50157815
5000157071675
5000157024855
5000157024930
5000157063267
5000232902450
5099839265570
5099839042027
5000157065506
5000232902559
5000157006875
5000157025043
5000157025050
5000157068750
5000157024947
5000157071668
5012427143906
5012427142305
5012427142701
5012427142602
5012427142404
5012427143708
5012427142503
5012427148703
5000232901040
5000157062864
5000157071712
5000157062789
5018684010074
5000157006899
5010024113025
5010024113049
5010024113018
5010024113032
5010024160814
5010024160784
5000318109810
5000318004863
5000328988030
5000318109629
5050665013148
5010024113612
5029788161005
5000354880155
5000354201547
5000318107168
5000232900845
5000232900746
8715000934720
16000710405
5010115909490
5011273014903
5000147032068
50147205
5000234039734
5000234039758
5000234001113
5000234044509
5000234046367
5000234046947
5000234038089
50234684
50254385
5000189120563
5000229513157
5033118800021
50254897
50254644
50254248
5029788170892
5029788170649
5021507160986
5021507160993
50254217
5000254018993
5000254018986
5000254019129
5099839347146
5099839347221
5000354900815
5000354900839
80177128
5010115943463
5010115943432
5010115943456
5011273046683
5011273046690
5011273047000
5000354903083
5000354903076
5000254019051
5000254019068
50354061
50354092
50354108
50354085
5099839278761
5099839278778
5099839311369
5099839278754
50354184
5099839265600
5099839278808
5099839278785
8410441211002
5010186017322
5010186015519
3251091214488
5000328988207
3535923001003
5025938006219
5010103923323
8410702006804
8410702007252
8410441512956
7804350000382
7804350596359
7804330984060
3330540203331
715826102967
715826101908
8412423121101
3760026483719
7804300121242
5000328988382
7804350002263
6004786009343
8410113002358
5010186019777
8410396380808
9414024632504
9311043081798
3333241100169
9311043083105
8410441412065
3430560000641
3430561521398
3430561522692
5010186014543
8410113003294
9311789000787
3289810001774
9311043093319
5051183220711
5010186015496
5010186017315
9310297654680
9311218122493
5060078181877
5060078181297
9414498400005
9415305122011
5055958700255
85000010945
4069600003770
8410702020206
8410702012980
8010471003600
29147110892
29147139985
6004786009084
8000020000365
9007350000415
4002569008165
4002569237909
4001965006188
5010429000074
5010696818105
8410113002051
21296604369
3263286301385
5028267011008
9311043037290
6009808750227
3171310008547
5015271005123
3274430101584
8410441322005
7804304104715
7804350596373
9322214011407
5601012011500
7804350596366
4002569009117
3251093207556
9311910102168
9327236200235
9414416305528
5015271005215
5015271005161
5015271005079
6009808750050
5055958700439
5025938006813
6009808750548
3430560004724
9325040021626
7804320182025
5060078182522
766557750019
3430560001686
6009650562030
5010186013409
5055958700514
5028267000545
5028267000682
8003545998278
5015271005055
7804320753751
5020713160148
7790093000072
7794450008855
5015271004157
8000586000762
5010103918305
85000002872
5410316287005
85000017128
5010103995085
9311043032615
85000012703
9311789001524
6004786005611
6009650560913
7798039590182
5060078183260
85000016626
85000021217
5010236154847
5010236154748
5010236154823
5010236155608
5010236154861
5020379059275
4004015212485
3154230049036
3154230045984
8007975014829
5411328148209
9300727618016
5055958702297
8410320164825
8007975002376
5391305002093
5020379040211
5011010470894
5020379053846
5011011471814
5020379040471
5055552300752
5055552300745
5055552401473
8001115064125
5391511050055
5060217170106
5020379013581
5020379038034
5018811001647
5018811000480
5018811000312
5018811000503
5018811000077
5018811001579
5018811000107
5018811000220
5020379040273
5015096110057
5015096113058
5011406050228
5011406050235
5060051271069
5011406050303
8410320164849
5413848327676
5099839355295
5099839355301
5099839355332
5099839355318
5099839355271
5099839355233
5099839355202
5099839355226
5099839355219
5099839355240
74472703011
74472703004
74472703028
74472703035
5099839353598
5099839353642
5030323005647
5030323005661
5030323007818
5030323005609
5010236071588
5060005420147
5060005420055
5010365101095
5099556012495
5099839354311
5099839354328
5035160001326
5035160001296
5035160001272
5020379065573
5020379065535
5020379065559
8000430133035
3228020232028
7622300740863
7622300740894
8710866035901
5760466642873
7622300731915
8000430388565
7622300731847
3073780774130
50224883
5000295144910
5000295145283
5000295145320
5000295145306
5099839293801
5099839293832
5099839353116
5099839353123
5020379035040
5010602100119
50241293
5000165331037
74472281236
74472281229
74472281045
5099839266171
5000295131651
5020379035019
5099839355325
5099839352171
5099839354243
5099839232299
5099839232350
5000295142893
5000241007009
5000295142671
8712566410040
50187058
8711200563418
8711200563388
8722700187349
5000118042553
5000118075759
50241316
5707361100039
5740900805408
5740900050303
5000295142688
5000165024014
5010171000018
5000187110955
5020379035118
5000362104755
3073780865661
90136856
5760466827454
5000295144897
5060115550116
5060115550130
5099839341144
5099839341151
5099839341137
3176575494661
5099839359095
5099839354953
5013495990102
5060058335528
5060058331971
3176575136776
7613031419029
5013495990119
5013495990607
7610900037414
7610900037421
7610900037322
80842460
5035251000078
5014067201008
8712566052790
8712566052776
8712566052875
4025500143503
3023290624012
3023290470855
40111568
5000143149166
7613033978593
5060116735024
7622300699482
4025500165574
5000168180045
8712566355334
5014044006022
5000328619989
5050083581489
7622210094094
3415581101126
5010775177475
5018420420051
3023290470879
3329770006959
3329770043633
3329770006980
7622300750954
7622300731960
7622300731809
4005500038092
3023290330579
5201054016695
5099839348242
5000241006118
4025500147181
4025500147105
4025500147068
4025500147167
4025500157470
4025500157432
4025500157340
4025500165536
4025500165550
4025500165437
4025500165277
4025500138073
4025500139070
5038862105507
5038862106504
5022313109985
5022313111407
50427109
5022313113258
5022313111834
5099839349690
5099839045684
5099839309809
5099839227578
5099839277733
5099839352249
5000295144064
4025500165413
5000295144149
5000295144101
90415425
90433320
42211464
5060122034487
5060122034401
5060122034449
5730800623059
5730800925009
5730800925023
5038862640008
5038862630009
5038862620000
5038862610001
5022313417110
5099556013607
5099556013836
5099556011573
5099556013454
5099556013485
80920281
4250402400335
5000118084010
50178551
5000178108510
5000178108671
5011941137033
5060005420048
5000234039727
5027952008484
4025700001023
5010052107720
637796404448
5010236115725
5000354402906
5000175409122
5000214016342
5000354403279
7622300488345
5000205037042
5000116105410
5010052107744
5000116106257
5060052220981
5060052220134
5060052220110
5060052220127
4028491401058
5020379055215
4006639232085
8712100345012
5016096123559
5010238013227
8711200596942
5010003000407
5016096123566
5017974004069
5099839359071
5449000958938
5010153771622
90433344
5035766044239
4025500157494
5000111047500
5010034522008
5060221240611
5060035760039
5012427224902
50105175
5010228001173
7702018024612
5000347020711
5029053031453
4025700001337
21200000003
21200001833
5060145251069
5011417556443
8712000027124
5010438800047
5012389900142
5027785804567
5000373702315
5015821147228
5029788155110
5011406001428
5014044006015
5413546301855
90433856
694649002435
5000328683294
50098798
5413149980594
5099839368073
5014057000215
5060184080514
5099839354625
5023274049891
5031413000061
5000187115592
5000232869098
9328327000925
5000157062772
5060052227881
5000116104888
5060013940118
90415364
5030104001202
5000159421553
5060052225498
5017375013813
5000116038725
5000382024835
4001724820000
5000213006481
90338397
50960767
5027017208507
5000137002965
5016096123436
5027342001156
4008429044021
5099839323508
76840600038
5000221501503
5031413934243
5099556011023
5449000130389
5099839265655
7610900037087
5020379040396
5010055400002
5000177473244
5060035760015
42212010
5060035760633
5099353000039
8711600288713
5011406005105
5034660518662
5024071210002
24000888093
5000347092138
72417148408
5410316998208
5034729000107
5060058335504
5027952007821
40338453
5000168176277
5055552400315
40099309
3254474011209
5010084602040
5000157024886
5023607007314
5011406000308
5000328168456
5010693601960
5010477310361
5010153827985
5099839302985
8712566222339
7622210016584
41001356
4009900465304
5016096124471
5023607007376
5013635301454
5020411119479
5000187115578
5010745063142
5000168162546
50309504
40338477
5020379059176
42212379
5060052226532
5098807009215
5017317000321
5011166001102
5028403154743
5011406050853
5000347091391
8712566382378
5024879005886
5023274049914
5000159469289
5029788162873
5016096124587
5000168174396
8714789615479
5060052227478
5000168176314
5000112589177
5000204717037
5017317000116
5015271004263
7622300107734
72417134098
5000166145251
8423915007940
5020379058735
5010236115688
5020379059237
5010775177390
8722700051695
8000920516102
5014044006084
5018357009411
5000159421515
7622210170507
5011597002129
6920354811821
5000382033530
5012262010654
5000116107698
5000112581911
5000328171012
5000237080863
3800020411162
5011941461015
4008429058462
5000187115653
5000187115691
5060143450259
5000116105427
8850006324493
5010394996785
5055552400469
4025500138998
5010046002109
8712566345816
5025970023403
87108668
5010115804894
5060123606751
3080210004491
5010115804863
5010115804887
5000168171739
5000168153391
5016096123467
5021827104585
5020379055772
6001067024224
5013578156791
5060079650983
5000328163482
5060035402793
24000025993
5000168174082
5015821147181
5014044009009
5000168178219
5000237001455
5010052107775
5000143283075
5000187136818
5029788602157
5000221505365
5000166077200
5410438008434
7610900037339
5027952010470
8000037000921
5010067347500
5011157500102
5011157500201
5011157500300
5011157888132
5011157888125
5010495250151
5018420622028
5010228001166
5010746002621
8722700212195
87666071124
5000159393652
5018811000039
5012035927219
5016096124907
5018810015003
8722700800521
5000175410227
5060180080617
5000168165431
5000177466024
5000399001003
5010029217292
7613033593857
5000328786971
5000157071866
9328327000949
42211488
5034660522409
50241231
5000161014002
5000168176000
7501049948917
5038961001106
4008577080704
5000116035540
5000178109623
5055298300795
5020042001532
7322540531312
8591484369001
5011406000292
5000186481001
3155930001324
5000227500654
4008577061505
5000221501336
5000227985338
5010487977226
5000328359939
5011166050582
5010487756005
5023274049907
5054267004139
5000328682822
5000159469302
5000143283105
7610400078672
5000347046087
8013399112515
4025500138868
5016325790989
50157532
3415581153125
8712100325113
5035766641339
5000382035831
5000187115554
80763307
5099839354427
3086127500934
85919228
5060035760008
72417147425
5410076462193
5449000133434
5016096126444
5060052220066
7622300220754
6009670530187
5000205042497
5000328889047
5060122037068
5060122037044
5060122037082
4015600391959
5000207582502
85919174
8691484337007
5000227998765
5000159433051
5000159023948
5054267004375
5010046006015
5099839354618
5410316993753
50254095
5000116103157
5031390109566
5010314300050
7622300725976
3415581152128
8000920576700
5000143137156
5000143580068
5000232869258
5000143244007
5000205039534
4028491401072
5014044009023
5060052220189
5000393027511
7622210016270
5035766044215
5029053036991
8004260452816
5000227502856
4015600492915
5016096124730
5010084102816
5000112599459
16000710603
5011476100205
72417147050
5000221002253
5011406052512
5000187135590
4015600454746
5099839341502
5000116107759
5000347091445
5014379002263
5022313450483
5011157888101
5000227502825
5000157067692
8717163540213
5016096123641
5000157067661
5035970100219
5020379067799
5449000133700
5000112581881
5000208066254
5055552401879
5015821147068
7613033978630
5020379055802
8717163546208
5060077782907
5000328166445
5000159468572
8593893740426
5060066940226
7613034408495
5055552400360
5015096115069
5055552401817
5055552401800
5055552400476
3175460000017
5055552401824
5027952009269
5000166077170
5016096127083
5010933011207
5000168176505
5015553251002
5010038109496
8710637007311
5011417547977
5000116102891
5000221505716
5010093501594
5016765102267
5028763005945
8712100396380
5020379059756
5000165033054
20042189
5000116107582
5000159470629
5060052220141
5000175409054
5000175409061
5000433023046
5010228001333
5029788602188
5060052226754
5000157072900
5000185106134
5000393027238
72417147555
4015400295211
5000143551174
4001724819509
5012836193509
5000221503385
5000143137149
5060215310252
5055552400285
7610400079846
5031838051457
8711600285491
5060035402083
4002359663468
5029053036724
5000112581935
5000328168029
5901559950967
5000204886054
50107216
5010693602844
6009670530064
5000175409078
8712100396427
8005390084601
7622300753597
5000205039107
3700260216438
7622210099617
5000116104796
5000116104703
5010228001326
5010029213263
5000237109106
5034660522096
5010228084459
5024993729675
5013635420520
5060052223470
5060052222398
5000328889399
85942851
5010017116637
5000328172231
5012863000450
3256931071184
5000143137125
5099839257001
4015400495734
8712566331949
5099839341533
8001585002153
5000161011780
3023299624051
5000116106035
5391520185991
5000205037592
5000187125140
716165177395
5000394076945
5099556012006
8711600340039
4002359663475
5020379059770
50098767
8410722333508
5000187115530
50409013
96043509
5060052227393
5010693602677
5000116103164
5099839354465
5016096124341
5016096126291
85000021095
8712100344992
5000354902154
5060041761259
4000539363108
5000205042473
5000205033525
5000205039206
5000205024141
5000116031498
5000116107643
7622300498139
5000232217011
5000116102921
5020379043304
5019312089233
5391520184116
5000205037585
5099839231261
5015436289344
5020379061056
5020379061032
5000116103867
5000116103843
5000116107681
5030039005337
5000116103911
72417135125
24000304029
5060180081188
5010102117600
4008429060694
5000116101580
8003340090269
4008400172224
5060052225474
96069837
5000264004214
5011417558287
5010775184039
5000328166520
5000328166285
5000221506096
5000221504672
5011417558508
5000328794853
5000328163130
9002490210991
5060286260067
59933045
5016096126819
5031390109542
5031390109405
5000168176611
8711200596966
5010693602691
7613034276353
5000159457873
5099839354663
5010079105150
3280220885008
5000232868992
5014379002829
7622210096593
5011417549087
5010029210842
5010775177413
5000433021929
5060052227416
8423915007919
8423915007100
8423915007926
5017840001475
5017840001062
5017840001055
5000112644753
8691484639002
8691484641005
8691484643009
8691484383004
8691484384001
8691484342001
8711600339774
8410722552800
8691484655002
8691484801102
5017840002755
5017840003387
5035970100042
5035970100073
5035970100011
5305970100084
8423915008046
8423915008039
8691484487009
50078141
5060041764328
7622210076052
8000320010026
5000232869272
5000187115639
8712000022488
5023887000029
3059943016569
5410076814930
5016840001614
5027952011040
5060293850268
5000382024033
5901359000176
5000393027542
5760466827430
5000354166747
8001585002160
5060286260036
5055552400490
50251414
5000159468619
5060180081072
5026230000516
5026230035211
5026230000097
5000205035345
5010228001524
5010024126025
5000382039495
5011898007014
8000920306918
42124085
8691484338004
5000213016602
5000166074261
5038961001205
5010511473465
5010228022376
5023472004241
7622210016201
5000328708652
5000159305600
5000227502900
5010228001500
8691484368001
5010236154809
8711000286487
5035766044031
50237555
5011435627125
5011558007323
5055552400292
5010775184800
5026309550508
5026309551048
7702018010035
5010358220123
5000237111994
5000167070095
5016096126109
5000166074278
5060077783966
5413546305853
7622210160911
5099839350573
694649002381
5000177455165
5000116104987
5020379059794
5099839341663
5411188091912
7613031878154
5701001475174
5000159469456
59931744
7702018918041
5016346127337
4025500165512
5011295116333
7613033733642
7613034003997
5000159462143
3065890117143
5000433020939
5010228012261
5011417556542
5060041764281
7622210050809
5000221503408
5051594000001
5000221503378
8000920500217
50354160
87311396
7622300756604
7622300750534
5018306261501
3415581109122
5011885011468
72417881718
5030104001233
7702018979202
5016096126246
5000221001089
5020379038096
5000431011762
85000017746
5000221505990
5010017109592
5000433022711
5010314300593
5010236152485
40099330
4002359630330
5060052226495
5000157071644
8001585002177
8001585005017
8710515260005
5000159460880
24000888055
5016096126307
5012686077479
70330703254
5050083933363
5011898001333
24000888079
5000143560107
9002490100537
4060800169518
5010195604131
5011348013657
7613034282163
7322540512168
5050974500896
5010438800061
5026309550454
5000168168388
5000382034179
5060052223418
5026309550515
5025029100543
8000430132267
5000394076747
80051725
5035766641155
5022822124301
5011406051126
5000159470643
8711600339804
5000204717006
5413546357852
5000433022957
50237111
5000112599466
5010102117051
5000347052200
5000168176178
5000168176192
5000168176291
5000168176215
5010024107529
5029053035819
4015600457662
8714789710020
8714789710358
5013965904271
5013965904516
5011321594029
5011321594326
5011321594418
5413149878440
5000157073785
5000186784003
5410076596294
8711700709989
8717644277904
8711600672512
4015400415428
9322214010486
3256930300117
5410438028166
5410438028173
5410438028180
3023290207864
3033491117084
5038862109505
5038862121507
745092010581
7622300736668
5050668002507
5060023970938
5010144001523
7613033654718
5099556006340
8712566384860
5000116104598
5031390109474
7790168000570
9325040001727
8717163964965
7613033917660
5000237112014
8000920500200
4015400509790
5031390109603
7804320087016
8691484387002
5029293002046
5016346218493
5016325774385
5035766043072
5035766381426
5010017116675
21296604352
21296604345
8010471002627
9325040001703
5000204884845
5031390109368
4060800133892
3120581439529
9557503803337
5010103931922
9557503803344
6921101207591
7622300731878
5709152010152
5060007581020
5026476672621
5000229513058
5000347038181
5000354401312
8003340091464
5000347071843
8003340091471
8712566291144
5015587000010
5000221005179
5000116105182
8712566384884
5000187130908
5034660520115
5000158064768
70177115715
5000168157641
5000159415385
4008577080728
5016049703203
3250670700435
8000920500224
5017840001772
5000221004639
5020379067812
5031390109610
5031390109511
7322540433470
7322540433418
7622210126764
5021684961970
87565131905
753920612111
87565210105
87565113420
87565112423
87565131004
8001585004164
5000221101390
5410076364541
50126040
5000237092309
5000328992167
5000232823328
50378265
5012836705795
5012836750245
5012836750238
50980512
4002359634628
5000221501640
5023607007321
50189137
5000168108537
5000168177014
4002359663451
4002359670848
5000175411606
8001585004171
8001585004188
8001585001224
8001585001026
5000175411613
5000168172507
5000168172477
5000127061095
8712561033176
8712561033688
8717644183786
8717644183755
5011417549339
5410076811236
5099873018965
9002490222970
5018811000213
5010933012464
5015271004300
5034660520245
5034660520177
5010605300295
5000393027603
5000393027634
5000393027665
5000143283082
5000143283099
8714789652498
5000241006996
5034660520146
7622300559601
7613033593673
5011406004627
5000328699370
7622300700157
8000320390517
8000320995606
5000299223017
5039303000986
5039303001006
5039303000993
3263286301323
7622210105578
5010017109615
8710900061033
8593893734951
5012616174407
5000158062818
5027876710623
5027876710685
5027876710661
5027876710647
50237050
5000232900227
8902301800216
5060166699994
5060166694449
5060166699956
5060166697624
5060166699864
20026042
20026028
5032570037860
20026066
5000168091488
5000237082881
20026127
5000159470353
4015400495673
5000143328189
5000143284041
5000393078971
5000393159762
5000433023015
5000431012097
5029053035826
5000213016510
5000382027256
5038862104302
5000168145785
70177212537
5000159470339
4025500157371
5012616170201
5060293850251
5000382029922
5000166076333
5060035761296
5000157073778
5000328171104
5000166078016
5000166078009
8712561077620
5000354801334
5410076706785
5000201497246
8711600289017
5018811000121
5050083539992
5000168157092
54034341
5000433023619
5000143308150
5031390109580
5050083594021
5099873003237
80759102
5018811000008
5000237103944
5000226611962
5060052226815
5029053035840
5018811000022
5012427358300
5099839368196
5010029217162
5050083759079
5010029217704
5000347078231
5022313236049
5022313235844
5022313236124
5022313235929
5000328188744
5000328178189
5000328178349
5000143551211
5000143559262
5000143580075
5000143560114
7622210117793
7622210110152
7622210121103
5012035934262
7622210121172
5000314009695
7622210121141
5050974500919
5031390109641
5000112581928
5000347030161
5410076838592
5000328179643
5000394076938
3329770006911
50833917
50187362
7613032383015
5060336505209
8007975010043
3059943016552
9311043037382
42112907
5060079650785
5060116735017
5050083545139
5060052226006
745092006058
5016096127069
5016096125379
5000116105441
5010228001319
5000116108589
5000116108602
5000116104567
50536276
7622210050571
3024480008766
5000197156738
5010487682526
5060027401292
5010171005204
5010487785067
8420756003025
5010487000801
5060027401339
5010487006209
5010487000849
5010487977370
5010487977349
5010487619669
5010487349276
5010142301366
5000166077187
5000347007590
5000112606508
4015600493196
5060168300706
5060168300676
5028635002577
3057640424168
5060052226075
5016387902092
5000433023701
5060297241499
5060297241277
5060297241284
5099839354526
5099839354533
5055552401732
5027952010708
5016096127076
5020961012398
5010358119762
5010358093109
5010358212951
5010358025018
5020961011773
5029053035833
5000328189024
5000328188232
5000232841230
5000183506370
5000183510995
7622210050588
5011003046389
5000205039862
5000116108558
5034660518518
5021427904882
20268473
5099839355400
8712561356107
5410076709670
8712561356138
8712561355773
8712561030786
24000142119
24000889779
5020379043366
5449000076533
5020961011674
5020961011667
5010358023090
5000385019630
5000385019593
5000385014772
5000385014840
5000385014826
5060223610641
5000385014727
5000385014833
5000385014918
5000385014901
5000385014703
5000385014932
5000385020711
5000385014789
5011166050575
5000382036883
5060041764359
5900852002410
8425697002236
5015012430153
5099839350603
5000187140365
5902746320020
5019685001702
5060282180000
8437011111012
7622210237422
4060800169433
5011597001634
5011597001627
5000207584506
5033298000105
6001067018223
42247692
5029788602744
5033298001942
8004800002501
5017764113889
5011038002275
8000300282320
7613034008510
5016096127090
5018811001623
5000143328165
5000159470490
50201600
5034660522232
8593893732544
7622210119421
72417150180
5000159468879
5020411117604
59922902
59932567
5900951247033
59910862
5000232812438
5012992010955
5010034000254
5010034000230
5000112606430
5020379058674
5055552400308
8004260413183
5010195604094
75041670
5060184080484
5010195604117
5010084901532
5010084901556
5000242104578
5099556017315
5020379059978
5026309550980
5000159416979
8710648900175
5011406050815
4009249022626
5020379059916
8410320148245
5060052220219
3086126100326
5012686070777
5020379058711
5010228001210
5000433023671
8004800002440
5000394076952
5000354903373
5000168167176
5000354903304
5060336505780
8199790100013
5024993729736
5000157071088
4025500175757
5411188097327
5000362104601
5032457700900
5032457701082
5032457701020
5029788161517
5016346219537
5010775185531
8593893740143
8001440124310
5012836706389
5012836186501
5012836710362
50980482
50980505
50866540
50785308
50980604
5034660508021
9311789431666
50759699
5012836703937
5012836707546
5012836705177
50981014
50981151
50726844
5000157062703
5020379055833
5029788100288
5029788172100
5029788100349
5029788100301
5029788175750
5029788100226
5029788100257
5029788100240
5029788100363
5029788100264
7040511095105
7622210237477
5015821147082
5015821147044
5015821147020
5050665016477
5000232900241
20010300
2448
5020379055819
5020379055765
2455
53221421
6408
5757575765692
2493
52242090
2271
20012779
20016838
20022723
5055552402289
20038823
70177010713
5000168158877
5000168175584
5029053536262
5029053527574
5029053536279
5000347038198
5020379068383
4897038110278
4009900463294
42212188
5060336507043
5000168133027
200500016813299
5029788158982
4062300323421
4000539672408
7622210179555
4008400170428
7622210050823
8000500178669
8000500178652
5016346219810
7613034493811
8593893724143
7613033528842
5000201462602
7622210107008
5016346232017
5013026085000
72417148392
8003340097619
5000168110196
5000168159874
8004260413404
5000328186061
5000328184722
5000328184487
5000328185194
51180140
5050665016293
50254378
5021507166575
5034660522348
5034660522331
5026308194130
5031390109528
5000186811112
5410076383795
5019029341167
5000232869234
5391511050109
5000354801341
5000382040965
5000187140242
9300727839114
5020379058773
5000116101641
5000166078184
5012427108301
5410316999090
5000328167589
5000393162991
4006542031850
4008577088809
5010933012075
4008429060656
5000112606478
5010102115804
87317541
8722700058212
5060052220196
5000234039130
5391520182204
50075027
5011166050599
8410722113209
5000157071835
5000393652515
5060077782150
5060077781306
8000500157985
5000231065323
5010029217889
5010677330244
5020379054379
4062300011847
5020379068536
5020379068833
5020379059930
5020379068499
5020379068512
5000143240061
5413548040479
5000168168647
4015600602079
5000112606447
5000347086939
5015012000318
5017840002762
5701001475198
5060184080446
8691484483001
8691484486002
5000289926485
5000281032146
5000237110492
5000237110454
5000237110515
5907556420076
5900864702063
5900864702070
5900320004236
5026420320332
5900320003352
5900320001303
5900320001334
5026420320349
5011166050605
5000328174754
5000328175034
5010693601243
8712566320578
5000159461900
5000143521023
87307481
5000431014572
7501049936747
5000205020914
8710732226907
5020379068857
5000112606454
5060052222350
5000221603313
4009900489997
7613034554079
5010238014279
4015600995348
5020379058698
5020379068932
7613034160195
5011451103979
5011941138016
5000328386805
5000328411361
5000328122786
5030004001098
8410076491602
5010035063074
5000168168289
5012427224803
5000108100058
5410076709236
5017764114442
5000221101437
5000221105299
5060184080613
5000221006046
5000221001768
5010038049440
8001585008001
5000221103837
5000221103820
67622210023674
5000431015296
5000431015326
5060157160007
5000433023640
5000433023527
9415549811610
9415549825617
5010186019791
5055298300696
5060079650907
8002210506206
5018045913181
5000158066526
5000157071439
5013147055906
5099839353352
50159376
8199790100044
8712941801951
5000166077057
3263286328993
93498739
5000157071842
5017764114237
5020055100802
5902746640982
4008577088113
5031390109702
5000159460927
5016346215430
5010029217940
5000354404221
7613033563669
5000221602163
87317527
5000158063938
8001585003006
8001585001071
5014297401520
8692806016839
5016346219353
5016346231928
7613034480200
7613033541254
5029053010458
5029053031989
5029053019628
5000168176239
5000168168005
5000157071859
7622210241580
5034660519393
496503466052157
7622210047519
7622210044884
7622210044907
7622210047489
7622210047458
7622210044945
5020938135921
5000159426480
5000159450942
5000159472654
7613032566173
7613034026705
5000159472500
5000159472548
5000159450867
7613033547621
7613033547904
4008400231327
5016346232321
5016346219414
5016346219407
5016346231805
5034660520696
5034660520665
5034660520702
5034660520689
5034660520726
5000159472630
7613033540066
7613032592776
5000159426350
5000159472593
5010775185685
96011683
5000347010804
40154000214837
5011308000703
4792024009331
7613034554055
5000184593577
5000433023589
24000124955
5000354168017
5010029217230
5060402904578
5000382029908
5050974502555
5010092442249
7622210237538
5010092442041
5099556017575
7622210239617
5000354168031
5391520184093
5000136077346
5010775185876
5010775185869
5010775185692
7622210174376
5034660521679
7613034240736
7613034240699
4008400173627
5000136077339
90415081
5000187124457
5000187116452
5000328825250
5000328272528
5000328826042
7613033927737
8717163058015
5000237103920
5000431013889
5000143151022
5449000131812
90376337
5025820001636
5025820001629
5012389001276
5012389001283
5012389001238
5012389001290
5099839339936
4015400021483
5099839355172
5099839355189
5099839355196
5099839592027
5099839592409
5099839355165
5000158064546
5012376028385
5029477001759
5000382031871
5000347030154
5000382038191
8714789738567
5011962113078
5011962116000
5011962114426
5011417559727
5011417559734
8901808004134
5012389900173
5012389001115
5029788158845
6003770001141
8901808004158
50761210
5029788169377
5410758002006
8710648026011
50234257
3086126674704
3086127500163
3086126726984
5000137171005
5000137169613
5000168142999
5010159893694
7613034572516
5000204689235
5050083928185
5050083580475
3254474011247
8000920461150
5000347062810
8711000309186
5029053035338
8013399110733
5010933012150
5034660519416
5000362256515
5034660519454
5000347062711
5010438011924
5028267000521
5028267000569
5028267008060
5010103914291
5050083503887
8722700207825
5038483867198
5000354168048
5000112606461
5020379072427
5000175409030
5000328188409
5000232863492
5010103934374
5060351950091
5060351950084
5060035760022
5000143549003
5000254018801
5000254018795
5010082835020
5000143408003
5053827112437
5410316992589
5000289925303
5017838815206
5017838815183
5000168168340
5099839326110
5099839326882
5000159471749
5012035928438
5012035928100
5012035926038
5029053032979
5000166146746
7622210237569
5000159477222
7622300735500
4009900455299
5000431011588
5000168166353
5000309006845
50098781
80050858
5000382041986
5099556010866
5000166146753
5060052226198
5026309550287
5000168176529
5000205042305
5011166017875
5020379066846
5011406051942
7640110700068
5000108589945
5000108793632
5012035938819
5012035928162
5012035928148
5012035927868
5000159475525
5000328162348
5000328174082
5000328174167
5000328163055
5017764115302
54034518
5000328162263
5060077783843
8008440222008
5000234039741
5000431015050
5019029011220
5029053534244
5017974008616
5017974004274
5099873015551
5000387906532
5900919005422
5010238012787
5031390109672
5099353000404
5060035427673
5031390109627
4015600391836
5017764114428
5000393163202
50412990
5020379058797
5010017118389
5060188691174
5000237102510
5000143283204
5050083580659
5000382039532
5060188691136
5020379072403
7613033952692
7613033963841
50457632
4010198022773
5011406000780
5099556007477
5060336502420
5029754104098
5031390109597
5031390109634
5000382038214
5010487977233
5010487977202
5010487008517
8003938001721
5060041762935
5060041762942
5000431015265
5024079000056
5010511473557
5000431014879
5000187122392
5010228001135
5000168177076
5000168180922
5000168177052
5060101110249
5000168176833
72417138324
5010195604032
8004260413428
8004260413244
4084500035171
5413149969834
5011417558294
7622300735302
5449000122650
4025500165291
3159560012934
3159560012927
5060041764342
5099839354915
8714882001018
8715817110133
5000187140983
5000187140969
5000187140976
5016387902054
5000354204197
5010693600437
5000382010555
85000022207
5010438013690
5000147030354
5016325812438
72417151224
5000241007320
8712561077385
5031390109689
5060044510137
5010438012532
5410316944755
3086125705027
5060297241482
5060297241437
5060297241710
5060297241864
5060297241345
5060297241291
5060297241536
5014379109573
5000178109654
5000178109647
5055552406157
5000143956832
5055552406164
5055552406188
5055552406140
5055552406171
5055552406126
5055552406119
5055552406201
5055552406195
4902030193881
5000178109968
7613034007049
5010038447437
4009900476881
5023823001141
5000354404238
5000354167508
62311663710087
5031390109726
5206471000043
5060061216869
7613033992353
5000354204180
5060336505025
5000165344907
80857549
5010159894356
5000168157351
5000168169255
5015063712444
90415074
5033298005056
5900951028502
5020411120642
5011157630144
5011417544129
5602112008124
5025820001575
5000347013379
5033298002017
5055552406096
5000431015203
5010034002203
5012254061206
5000231008955
5000221508441
4001686579176
4001686522417
5000431014091
5000431014213
7622300779191
7622210223777
7622210223753
7613033591037
5060042640690
5060042640751
5060042640744
5022313790916
5031390109740
5030323001335
5016387902115
80111351
8712100464843
8000920576809
8712100536342
5010238014156
5010693603032
5000159460866
3057640433818
5010238014170
5010238202188
7613034529046
8000920401170
4001686580769
8000920200070
5000159460903
5010693308449
8712566320691
5000159460941
8000920473696
5000393027696
8426325452522
5000143284034
5000232817679
5000112606577
5011476100069
5060107330245
5000157073693
5060107330306
5060107330214
5000157072160
3057640434143
15010029218404
5000208016679
7622210141132
8712561216319
4084500259249
8712561030441
8711600301955
7613034152954
9311789277561
3486730030215
3486730040115
5031390109665
5035766641452
5410076596324
5010438019241
5011166004714
5010029218404
4060800133502
5000431015173
5060143450037
5010743032034
5017974004021
5014603000126
5000433023497
5014603000133
5000431015234
5055552406133
4027800017034
9414416508158
5099839591976
5099839591990
5099839591983
5060143450594
5060143450655
5060143450617
5060143450587
5060143450150
5060143450563
5060143450228
5060143450624
5060143450006
5060143450198
5060143450631
5099873012505
5060143450136
5060143450105
5060143450112
5060143450167
5060143450099
7613034050700
7613034035226
5000178109944
4015600457693
5000166146685
5000431015746
50434459
50011465
8710568055108
8710568055184
7613033596995
50294329
7622300845773
5000177466888
8716003100037
5026309550829
5000159471411
5013668415272
5000159471985
50001594753100
5000159475495
5000159475426
5017764114466
5000328177472
5000221506607
5000221506621
5000221506584
5000328178004
5000221506706
5201228232302
5201228232142
5201228230469
72417140693
5000185111565
4005808290413
5201228231510
5012262010678
5012262010661
5012262010685
5010238013715
3415584603122
3415584601128
76840600021
76840600915
5060006410017
5023004487
5010017116415
1134800739750
5011348013671
5010549304335
5000143557145
5016049084500
5000168168029
5011417551523
5038481998252
5060315113012
70177085292
5060311691699
5060311691866
5060215331813
50096190
5010017116378
5000171051981
5031390109351
5000213000779
5010153812523
50157846
5000111046367
4025500156954
5010115804856
5010338015886
5026309550317
4018077735301
8901808003816
8901808003847
8901808003823
8901808003854
8000500461266
8004800002433
5010153843251
72417136160
5060255920190
5010092299447
5010092299348
5010092297443
5000232901200
5000168079202
3014260201753
5000347017896
5000347027062
5000347010484
8004260413503
5410076364589
4015600975319
4084500035010
4015600902872
3574660453522
7613034572493
5000204641967
5060044537004
5000234049764
5000234049788
5000234047371
5060166533298
5060166533274
5060166533281
5020379068550
7622210158659
7622210255426
7622210161604
7622210158611
5011406050778
5020961000708
5030323007108
694649002374
5060375480239
5060375480246
5010115927159
42212256
42212263
42268048
5000143284102
8003340090276
8003340097534
85942806
5900852995019
5900852997419
5900852171413
85942837
5900852014291
85942783
5051594000957
85942868
5900852011528
50077984
5060315113005
5410316944779
5410316944731
5022313596952
3068320014678
9002490202279
5031390109436
5000116107230
5000116101603
5000205039855
5000205039879
5000116041961
5000116102938
5000116106622
5000205042312
5020379061070
5050093307536
5050093307222
5050093307253
5050093307369
5000116108114
5019312082777
5010228012223
5010228001630
5099839350559
5000227503631
5010228001258
5010084309086
5010693601205
5010238013531
8712100325571
5000116100774
5011406005112
5020379077200
31200468949
5000112644807
5020379068406
5010487977288
5020379016025
5000143328233
5000433023558
5060042646043
5060058331780
5010743032058
5000347012303
5035766044581
5000433024456
5010153773671
5000431013148
5000431013254
3057640227738
5031390110081
8400048004428
5022313109558
7393714515407
8003451300110
5031390110012
5020379149341
5000433024579
5000433024548
5000433024630
5010102113275
5010102113282
5000168162508
8004260217996
5010677330213
8003938000595
5000143151114
8000270016659
8000270016727
41143025659
41143027905
5011273040650
5034660517016
5035766044369
5035766044345
5099839353819
5000254003180
5000157066329
5031390109849
5031390109771
5000281033693
5000387906587
5413149710252
5026309551031
5026309550539
5000171054449
5013635755301
5060336500068
8003451300127
5020379058759
5020379068956
5060052226853
5060052226730
5060052226839
5060052226990
5032246000204
5060293850275
5060286260227
5029728010042
96069936
5000112644777
5010046001102
4018077675607
5000431013858
5000143238259
5000143244250
8412702006303
8412702006389
5000431014633
5011406050617
5011406050600
5011406050792
5010524090017
5012389671158
5012389671172
5012389671165
5012005258879
5012005258794
5000159470377
5000159470452
7622210158581
8717202270002
5031390109719
5010228084411
5060065308652
5060065308638
5060065308676
7622210237576
4009900463201
4002569237923
5000143333145
5010092379248
5010092152940
5010092153541
5010092152544
5018811001593
5000295144088
5020628005039
5020628001178
5012863251340
5035766044437
5012686019509
5016878010626
5010388803235
5410316992091
541031699209150
4018077735905
5000328173702
5000237089033
5000237089040
3800205871514
3800205871507
5027017219855
5000237113004
5060042646029
8004260413237
8712561302159
5011417548509
4015400622840
8712561192392
8712000030575
8410702029063
72417135668
8712100462696
3415581176124
3415581154122
8000920580806
5010084103691
5391520182440
8712100583438
5000159319225
5035766641117
5010038100080
7804320064970
3029440000460
5000193714635
5410316943666
5000158101289
5000221603405
5011406001398
50135516
5052197026337
5000221603429
4025500177072
8715196313033
5023607007369
5000143237108
5000143245165
5000143247206
8720400384778
8720400384808
8720400384747
5000433024661
5038514065180
5000433024487
42179030
96045442
96045510
5000295147393
5000167056464
7613034713483
5015302490270
5022313459981
7622210099570
5099556010934
5099556017865
5010228071329
5000168067711
5055552404818
5055552404832
5031390115635
5060266970023
7804320064987
5099839265860
5099839355356
3415586905026
3415586910020
5029376549857
5014398002862
96045503
5012461003143
5000434600789
5060077782938
5010262702043
5000434601311
5011233977163
6944049300056
8717163997345
8593893734913
5000159478298
8712100512537
7613030083382
5012035957995
5000354914263
5031390109818
5000143237085
8001110015450
5016049283170
5000295147416
5011451103870
5099839326868
5099839326127
5410438035409
5410438035362
5099839354977
5060311691743
5060311691927
5099873001110
5410316999113
5010262702012
5010262701886
5411188110835
5010115804931
5000318109292
50254071
5901359044958
5000254017682
5029788170748
2014052600031
5029788171202
5000254019020
5010236154885
5900951250866
5410146407024
5201054016275
5060149412503
5060149412589
5060149412480
5060149412527
5000143151152
5000143151145
5000143307115
5000143307047
5000143312102
8717755790699
5000101214622
5060311691675
5060311692429
5000143465013
5029788159026
5029788159064
5012427044203
5029788158944
5000213012017
5000385014802
5000385014697
5000385014758
5012836707775
5029788100233
5060293850367
5060293850213
5000187143380
5060311691651
5060311691613
50603117691927
5060311692412
5060311692382
3329770051553
5055552406089
5060311692399
5000187140280
5012389008053
16000454644
5029788155196
5031390109412
72417136184
5000433024722
8714978007702
5060302250676
5000187144462
8412954020591
5000354155024
5000354168543
5000354168550
5050083919220
5000231052668
5012254059708
5011417537176
5011417560747
7613034639035
7613034639417
5010153827824
5000101214790
50357666044451
5035766043133
3176780033891
5010262025012
5000221506676
5000221506591
3250670700787
5019373201964
5060041764724
3430560003833
5060041764731
5060041764748
5060041764717
5000221604846
5000295146273
5000295146297
5023765003036
5020379143530
5000177492771
7702018980864
5099839251191
5000166076906
5000166122726
3017760628198
5011166050629
8712000034689
5099839353567
5000328172071
5449000205391
54490600205384
5449000205384
6281001108030
6920354811845
5000281036175
3415584602125
50294367
5010693603124
4001724819103
4001724819806
5000116107575
5000116108893
5000382042105
42268093
5905187101074
8901491103084
8901491100533
8901491100540
8901491100519
5031390109825
50105045
96072370
50075058
5034660511052
46141552
5023274065600
832697000588
832697000571
832697000595
4009900016179
5016096127229
5016096127212
5016096127175
5016096124020
5016096123498
5016096125942
5016096124235
5027785805731
5060255920206
5060255920220
5413546321853
5413546328852
5000354160868
5000354160844
8501110080439
5901559953265
5000143238280
5017375032869
5000295147430
5000143237115
8000353300026
8000353006966
49814521
4603400001507
5099839353741
5099839353727
5000112607444
5027952005940
5000431013438
5000221601548
5000434603568
5000393163356
80785972
50096701
6272456
5031390109764
3014260287030
3076826666352
3076820016238
5060336505742
5000118077937
8902301800223
8902301800278
8902301800117
8902301800261
8902301800025
8902301800070
5000159457439
5060180081461
5060180081478
5060180081119
5060180080624
5000309007712
8199790100020
5000159478311
5391511052127
7622210175847
8593893741607
72417146428
5021827104561
5021827104578
5013922033051
5000112607451
610370651070
610370651063
8004260413459
5000382038313
5010438012747
5099839232312
5010034000261
5010034000278
5010029215700
5010029217605
72417146435
7622210287557
5011309450415
5410228144786
5013478119896
4008429054693
5022313154039
5022313909943
3329770047884
3329770051720
5022313104317
5000382035022
5032246003038
5099353000169
5017838817217
7622210307309
7622210307385
5053827112468
4025500183509
3329770051584
5000295147232
5060122036825
5060122034425
5060122036849
5011898005218
5000112606492
5000112606485
3057640433658
7613032773540
5000347021206
4015600898588
4015600898557
5410076710416
8712561305761
5010003000353
5099839323430
5391516870504
6004442004002
85000015216
7622210179418
7622210179401
5010232953994
50412532
50412556
50412549
7311100328004
7311100326406
5060108450324
5060108450263
5031390109863
5000166071826
5998749108550
5000166146692
85000022160
85000022443
787359104343
787359104336
5011273042449
5000328266732
5000328266572
5000328266909
5000328266497
5000328266145
5000328266657
5036040143136
5014297401513
5449000080226
5000232817631
5010038444696
5026619191118
4015400601968
96095232
5000295146259
24000124948
5010228078014
87108293
72417151248
5014044006350
70177109868
5099556007491
5903895628845
8002210126831
8712566140602
5000409006714
8001060005822
5000354166440
5000354166426
7613033910098
7613033910074
5010034002081
5000175410685
5099839580789
4002359632877
5011308321808
5011308002400
5011308321822
5011308001915
5011308321877
5011308505048
5000362102652
5011157030401
8410076430076
5000175412757
5000175412719
5010822111063
5010822111070
8002371000353
5060041764762
5060041764779
5027738006987
5099839354335
5099839341397
5099839326158
5099839326165
5099839326172
5099839327674
5011406050846
5099839322532
5011308000208
5011308000406
5011308012010
8002371000643
8410387006083
8423915007308
8002210126879
5010034000247
5000171030689
5000157062758
5000171031518
5099839077234
5099839339912
50217083
5099839323416
96164242
5012616262197
5099839323485
5060321432596
5011417560006
5000433024784
5010092034543
8716900559143
5099556017735
5012030990515
5901559953234
5000168181073
9300727015150
8691484381000
5060302253752
5020961001323
2021207001001
7613032181352
5000354700941
50354078
5000354900808
5000171054906
5000158069794
811284003942
5000184593553
5000111046763
6003770006856
6003770006849
5000362000231
5060336502000
5060336502727
5099839301827
5025820001650
5410316984607
5020133270960
8410087061153
5060336500228
0070896058041
5031413954326
50078028
4025500183677
4025500183646
4025500183622
8712561304320
5000289926881
7311100340907
5011348013831
5000221601593
5010153840083
5010017119003
5039362000415
5035766044895
5012136001207
5011406050730
8691484654005
4028491400471
4028491400518
4028491400488
4028491400495
4028491400464
5709152009477
5000221505723
5035970100066
5035970100035
5099556017124
5099556017834
5010718306207
5000178108619
5022313169590
5410438035317
5000208068739
5099839596094
5099839596100
5000208030019
615357121713
615357121119
7622210320728
5099839595646
5099839594991
5099839594984
5099839594977
72417136177
5099839595653
5099839595523
5018420821018
7311310501891
7311310500290
5018420421089
5000147026685
5099839595530
7311310501495
5018420420372
4005808283491
8711600645912
5000254018900
50254101
5000254003203
5000254018917
5011941401998
5011941100617
5011417539149
5011417553107
5099839595011
5099839595004
5099839595615
5000382031857
5000382032755
5099839595554
5000143236224
5000159444231
5024576000009
7613034646217
7613034310293
7613034310170
5020379149365
96184462
5035766183884
5010287377035
50377510
3057640434303
5099839594946
5099839594960
5099839594953
5060184080293
8691484488006
8714800001816
5010153812578
5027342002399
5060007261106
5000147032914
8712566400461
5000433024876
50434695
7613034124579
5000112600339
7613036999113
7613034124548
5000433024609
5010186019548
5017764115821
5000112607475
8004260413480
4015600975418
7613034376077
7613034282026
5010102148833
5010102148840
4025500157357
4025500173012
4025500173036
3023290453957
7622210318886
7622210319029
5000168181851
8006220001980
5018970005784
5018970005807
5018970005791
5020379148719
5010134910767
5000112607437
5000112607611
5000112607420
5000159475310
5000159475327
5000232815972
5020379046633
5099839215001
5000168028668
8888077102108
8888077102092
8888077108032
5000281005430
5000281021942
5010017119300
8716900559228
5051594002975
7613034562609
8716900559129
5000431016583
5099839596209
5028748000033
7622210318657
7622210320704
7622210252814
5000171054890
5010238296927
4015400638179
5000168100937
5010102108905
5011406004054
5010478332218
5012035925666
7622210289346
5000159479288
7622210291578
5000159479264
5010478542211
7622210289360
7622300700171
5011406051980
5060077782037
5060077784024
5060639126521
5011309084917
7702018264230
7702018263844
4060800134998
5000254019334
5410316944717
5000112607468
8712100633171
5410076364640
5060286260180
5010196091534
5010549306421
5035766381778
7613034749208
7613034831545
5000159461641
7622210233790
7622210219909
5410076498123
5000101127830
5000177479383
10214435
9002490206215
5000208012381
5050665013124
5035766641384
9414416501876
5035766044536
7622210307613
7622210307323
7622210307644
5010029218855
5391521361929
5099192260595
5099192260755
5099192260717
5000431013353
5000431016552
5000354405129
7622210249555
5391516874618
8712100633430
5010358213187
5099839337895
5000168001456
5000208099351
5031390110029
5000116106493
50294398
50294251
7613034008589
5010029217131
5000393027870
4015400638223
5000187140341
5000187140228
5099873001905
5099873002100
5029788175866
5053827112376
5010092236541
5000158100466
5055552406652
96096963
5000382036982
5000159480963
5000347035029
5000393027818
5000166148016
5449000194855
5000382043379
5000382029526
16229901141
793050
5099873002162
5099873001967
53993663
4060800135094
5060335632821
5011187109368
5010003065529
5060188691150
5060145252851
5099839595578
5000393163448
8710648900489
5031390109832
5000175409139
5000354403286
5000354402715
5000354403354
4002359002533
4002359002571
4002359002557
4002359001482
4002359001758
7613034733870
5000328267951
8004260413541
5011417559390
5000204717211
5000204717129
4084500259317
5018970006811
5018970006804
5000232869210
5000168184432
5011476100212
5010029215991
5099556017759
5000143560251
7622300700423
5000431013223
8410722531805
5000171002273
5011406051522
5010103933247
5022313218090
5099839590962
5000166075008
8712100633270
5099839590979
3329770051539
5000382037026
5060336505902
5000221603320
5012863254358
5012863253825
5031390109870
5010431600880
5054267000797
5410316945325
5410316945349
5010793379264
7613034553638
5024993730251
5024993730459
5010153840076
5034660505198
5000354160875
5000328172156
5012427335004
5010017116620
3415581105124
5031390109788
5000393163233
5033298005544
5033298000044
5010981003254
5000159480918
7622210222411
5060286260050
5055552403095
5053827112499
5011941011104
72417883545
5000431014152
5010092652198
5031390109757
7613034545855
5000431014428
5000143560275
7613034018366
7613034018380
5000166146760
5099839084539
5000168168302
5020411119455
5034660518501
7613034754387
7622300774967
7622210257925
7622210257482
5016346232208
5000168178950
5029053582139
4015600903206
7622300221539
7613034259271
5016346142774
5016346115860
8000500135709
5035766042983
5000347010811
5029788169391
7622210286536
7622210286512
8003340097725
5000328165066
5000159479189
7622300750367
8712000022655
5016346233366
5016346233045
5023274059968
5010511474660
72417142390
5000136042818
7622300109639
72417144714
7622210050854
7622210313157
7622210321800
5010511472635
5010102115828
5010228001340
5000433024968
5000433024814
7622210329035
4001686581094
7613034553607
7614500034538
8000500023976
5017974009101
5000382040859
5000382040811
6009670530453
5035766183167
7613034436375
8002210127302
5099556017353
5010511472383
6001067003472
96019979
5060041764786
5013635755059
5015012000349
5000328143279
5010102111974
5010102109155
87317534
5000382037002
5020379143691
5413149418523
5019503010329
7613034853097
7613034853110
7622210218575
7622210296092
5012035923242
8410722512804
5010478248311
5010478541429
7613034953001
7613032506599
5060166695576
5060166699703
3254474011216
5000328135205
5000354203503
4027800018000
5011308199131
5012427358508
5010478548510
5000237087428
5000289927383
5060068450013
5010102111967
5060311690036
5060311690005
5015302101411
5000231036767
4026700400588
5730444914629
70177212551
5010092366149
5020379073189
5020379073165
5060217170489
5038862138727
5449000023667
3256540031890
5015302101251
5031390109894
501010210545
5000221505709
5000393027726
615357121102
5010599017698
5010236156209
5027876245033
5000382041023
72417147913
5031390110043
5020379143714
5060145252820
5032246003007
5010017109585
5055728200879
5060050656201
5055728200862
5060050657642
5055728200909
5060050657833
5000143244274
5060302253813
5031390109924
5015012990275
5015012430252
5000328143002
5016096125966
5010102117174
5000116108039
5000143341034
4084500183940
4084500229495
4084500244900
8712100492945
7622210286932
7622210286918
7622210286963
7622210287007
7622210295149
7622210287021
7622210286956
5000137415970
8712561195027
8410387007004
3330540402208
5029053504834
5018970006828
7613034310316
5000159470476
5000168184005
5060041764816
5098715004098
5000143551266
72417151316
5099556017803
5000237116012
5000237115992
5000168171913
5000168183459
72417152948
5000168132617
5010745053594
5000168173269
5000168158099
5000168173207
5010017119126
5099839593284
5053827112550
5010388202151
5016096123610
8002210127289
5060215331554
5060215331530
96045435
5098715001622
5060320150781
4025500183776
5000431014541
5054267000896
5050083449048
5034660519706
5000112531596
5000393163417
5000393027849
5060123863826
5052319209327
5019464252554
5010103936460
5901359044972
5099556018114
70177215934
5000387906679
5099556017650
7622210212573
5020379079839
5000221001119
456789693695486
45895921895621
48926489156
7891231231564
454564542471
56475891241
789546896351
45678921531231
463165413144
5000328276380
5060042645206
5015012000417
7613034701268
5010092456642
5000237091906
5012427358102
5010081913330
42104742
42099796
42104841
5000314012145
5000314012138
5000101131240
5011406050754
5000143291148
5099839595349
5054267000148
5000431013827
4015400638100
5034660519683
5000393015563
8410100181509
8423915005113
5020379079754
5011417558416
637796401171
5003224600310
5060286260173
48915456473
5000431016521
5000143308167
5000431014480
5055552401688
8712561295222
5031390109900
5000143308051
5000431014367
5000168167152
5000168159126
5000394076921
8712561302029
5029053038988
5000118203510
8712100471179
5060016801423
8710900061095
5017840003356
6416479002249
5020379010207
5000328257556
5000328286273
5000382039471
7622210218544
5010793379271
5022896818144
7804320079677
3073781052398
4006229018501
5010693603346
5020379079815
5027952011668
3219820000085
8712561296700
5060311692405
5000143551150
5099556018251
5000101131080
5000208045938
5000354404924
5900951252358
5010084902034
4084500192362
8711200590810
5050083542787
80741
5000143285024
96095249
5900852014307
5012427224704
5000157071880
5050083240027
5050083174469
5050083580505
5035766183945
4015600602109
8712561601894
5000166142519
5000166078023
3430560004632
5010134910750
5010228047829
5012427358706
5900951252440
5900951248344
5020379143837
5060079651430
7622210141170
20047146
5017840003349
5000382039761
5010478603783
8710648052010
8710648071011
5021885800139
7622210296412
8710648333027
8710648792022
8710648094102
5000393079053
5000234047043
5010388202168
5031390109887
5024879008757
5000166076890
5010153827954
4009900455442
7613033996771
5410076838646
5099839595363
5000101127670
5035766182900
4008577061796
5000221503231
5000112598834
8712566125692
5020379067737
5000354403842
5000101127755
5900951252303
5020411120284
5016778466516
5020379075145
5020379075176
8002734000419
5000221102571
5000221504955
5000168154268
5000168183824
5000168154237
5000168002415
5000221103219
3800020420324
5000168183923
5017840005855
5017840005954
5000237102992
5017840005879
70177010201
5000347010729
5060052220226
5000177455325
787359178474
5015302101886
5000393048103
5060336500426
5010029212488
7622210258687
8888082117722
5012389671592
5050083933318
5035766044871
5012389671608
5012389671578
5024879005893
4008429058493
5010084901976
5010029215823
80135463
5011273040209
5011273040605
788821002518
788821002488
5025820003296
5000232829139
5025820003203
5025820003302
811284003966
811284003973
5025820000875
811284003935
8001440122606
5000354403538
5000354403507
5000354403484
788821002471
5012389671585
5000143580099
5000171055361
5011002610345
5021664871091
5000232900340
5010082824628
5000354403514
20176710015
20176021005
20176741002
5000171055354
5013617111088
5114060028906
7613034826008
4084500244993
5000168180083
20176890007
5010477344496
4084500229563
5031390110234
5031390109948
5411361012499
5449000052971
5000387905771
5021778006334
5060052223760
8413178188579
7622210317667
5010038448069
5010677011648
5900562125218
5900562125812
5900562076039
4010198022810
5022322230038
4000522061172
8002734002239
8002734001324
5035079000137
5010487350432
5010487350364
5020379036344
5010487350548
5011417553480
5000328276038
5010487008975
5035766044550
5000168181097
7622300699710
7622300755324
7622210286314
7622210098917
5902746640999
5011157020501
20042264
5011406050198
5000328178424
5015532511509
4084500183834
7613032268145
7622210295163
5000168183428
5413149849730
5000204884869
5000204560435
8410036801212
5010134912150
5010134912167
6004786000166
6004786000159
5010186013461
4000177816004
4062400028202
5053990106615
5053990101832
5053990101771
5053990106431
5053990101863
5010134912174
5053990101788
5053990101870
5020961011728
9415549809679
5020961013494
5020961011605
5020961011612
5020961013517
5020961011742
5020961013524
5010358120034
5010358119809
5011566023605
6001067004943
5012213293426
5026309001475
5010549303079
5000221508489
50172672
5000354404887
96088623
7622210249692
7622210286307
5010038441824
5054268676373
5010867801103
5018811000329
5000382015116
5000382029380
5035766381754
5035766381730
8712100633393
5000393080257
5000221508540
5000221101253
5011025014007
5000431014305
5012427358201
5000116102709
5060201362517
5000435007518
5000435007877
8010558101069
5011417554425
5000116104826
5000205043876
5390003010492
5038862131872
5099839591037
5019312081343
5010228001241
4015600903176
8712100462719
8712100656026
8712100658068
8712100637391
5010693602554
7622210295767
4008577088199
5060052225085
5020379058650
5099839354472
8712561194563
5099821009991
4062400028103
5098715004111
5098715200018
4060800133878
259551007536
203544009137
212666008232
8691484499002
43553485
54491021
5000134005235
8445291747142
5000231036781
8901802001023
54034297
3760049795950
5000166146722
4015400542940
5011273000616
5000159480765
7613033591334
5011451105805
5054267000858
5000187140518
5037069000233
5000143283242
5000393028051
5060336500402
5010438030185
7622210320742
5010084901990
5060302253905
5000166146708
5052003238930
5000431013117
5000431012547
5000393079954
8691484497008
8901808004950
5000382016533
5011406002869
5000237097809
4019467456103
5016096125386
4060800133915
4060800135001
5029788169230
5035766043096
8712561294546
3046920011013
5026309550027
4902030187880
5000431016828
5099556012396
5010358213200
3838952002462
5026309550737
7622210294821
5000143237061
5026309550140
5026309550713
7613034235121
5000168183671
5000168183282
8712561604024
5010102117068
4060800168092
4060800167729
5000112606539
5054267000285
5054267000391
5054267000414
3800020410455
5000112598841
8712566275694
8722700284178
7613034310156
5012686080776
5000221506690
5000171054913
8003319712536
7613034235107
24000001966
4002359001628
7622300699376
8711000325513
5000171010025
5003224600303
5000394076761
4002359663482
5010338013745
4000145765709
5410316945509
5015012990251
5010029217797
5000143580112
5060070000053
5011962114280
5027785019503
5000281038551
4060800169969
6009670530224
5000237112465
5000237112441
5060052226952
716165174011
5016824000817
5019312081336
5010677019965
5026309550744
7622210106988
5000382016571
5020379071192
3176580020169
50157228
5000289927376
5012686077400
5000237114162
5000237114148
5000166029551
5026309001710
5000143552102
2753370077773
5411188115434
4060800169945
4000522006814
37600135184
5000237114100
42124498
42247838
42174318
42124504
5026309550102
7622210287519
5000232878014
5000237114124
5011166051251
5012213295543
5012213325516
5012213325493
5012213330930
5020379053273
5050665025523
5000101988622
5010232991477
50201969
6001067017547
6910021100013
5000328307619
5026309550461
5011166017172
5011166051077
3068320111704
5000237124901
5000347078019
5031390110005
5060052226679
5011013999064
5024996156393
8712566274451
5000143245196
5029728010004
3760049796438
5000431016491
5000101131165
3700260216476
5000116107810
5000187140501
5099839277771
5099839252990
5099839236112
211540008061
5060255920312
5000168183367
5031390109795
5010017109233
5000168122106
5011406005488
5050432003174
5012481000030
5012481000023
5000178110087
5031390110135
5000187143083
5011157030500
5000159471466
5010017106119
5027952010722
4015400638049
5099839044878
5031390110036
5031390109931
54490178
5029053038797
5053827100908
5000208083671
5010003000421
5053827100816
5099839596360
50117772
50117758
50117741
50117789
4060800001740
5054267000407
8712561302333
7613033944000
7804320639611
5016049283187
5000149029585
5010358221885
4060800002211
5032246003014
5011406002852
5000143560299
5055552406102
8593893744097
9414024724360
5000328299044
5010236115626
4060800103314
5000178110414
5031390109801
4015600902438
5012583200727
5020379045278
7613034989253
5000393079619
5000112599725
5000431016767
5000362100672
5019041007584
5000237114261
5000237114247
72417150616
3068320052021
5029106000078
5060043670801
5060043670771
5000393028174
5060052222558
4002359641671
5033298002284
5000221506737
4036024320035
5000157074140
5000157071200
5000157074102
5000157074119
5000166147996
5000159423779
5010029000504
5028181052354
5410438035386
50427130
72417881725
5099556017612
5000435008584
5000431016736
5000354405136
87177756
5020411119882
34000239450
5054267002357
5000159471534
8712566052899
5000325030527
5010029219241
5099556018091
5099839590986
5020411119899
7622210290953
5000178110094
5000157072399
5000157072405
5054267000735
6920354811838
5000354405686
3068320055022
7501064191466
5050083575105
5060336500532
4001724820208
5000143580129
5034660517511
72417153549
72417153600
5000354405259
5000354405266
5000354405228
5000354405242
4006424081089
4028491400907
4028491400884
4028491400891
5010067373417
5391527075646
5028848015869
5022313416502
8003340092263
7614500034033
5034660517085
8000500209769
8000500209844
59939542
59939498
7622210179128
7622210275790
5000431016798
5000328160504
5099839074134
5000196000124
6223000990018
7622210275837
5010338015176
5015821121167
5015821142339
5000431016859
5099839007354
5705250136220
5000227511582
8000500209806
72417144639
5000237114223
7322540214918
5000431016644
7311310503499
5020379092173
5022313416410
5000101346170
5000168178011
96098936
5031390109993
5031390109979
5000328128894
7393714516527
5000221506898
5000394077133
5000157071637
5099556018664
5022313416687
4015400685951
6921101204057
9557503803726
5000183037973
4018077695292
8002210126855
5099839590955
8714789722597
5017840005909
4060800008770
5000234042277
8906000211496
6946188400079
5016346219568
5016346232215
5000127421257
5000232869074
7613034426864
5029106000139
5029788158920
2800016441785
5021476000504
5730800925016
6111251180077
6009635190036
4060800170248
5010029219975
7622210286703
5010478691049
59939528
7613034960887
7622210038234
5033298000341
8712561306119
5099839352287
5099839595639
5000393028143
5000328397160
5011348013817
5000159479677
7622210258779
5026309550195
5053827136594
5099556018688
5000166078191
5012389003249
5035766045687
4015400549659
5099839592058
5022322210030
5756111600305
5756111600312
5900562153211
5900562219313
5038673410814
5015821144708
37600343671
8410702019323
5011597091253
5026309550973
5026309550232
5000382044833
5036589206064
3415581113129
5050221112940
5011406051935
7610900037650
5053827112406
5000184221241
5055552406713
8004800002389
5000431013643
5201360543205
7613034959317
5000325022461
5028848015906
5000237112137
5010052107829
5000328239194
5000328444932
5000328674438
5000168125145
5000171054234
5000171054241
5010029219494
8712561600323
4015400599548
5000221104667
5016346115921
50426461
7613033300899
5000328302058
5010035064750
5054267002029
5000118061905
8003340091136
5021812000038
5010034593206
5000354168536
7311310501198
5000143186017
5000205039237
5031532020056
76840600151
5025336000635
5707361100275
7610900037452
7610900047963
5000295144880
5000143521030
8710543202411
5000393028082
4015400686019
5000143284157
7622210324962
5011546415468
7613034494818
4015600902841
5054267002012
8006220001669
5022313416762
5026309550423
5000328352602
5011558015656
5000254018962
5000237117866
80922964
24000150176
5020379085533
5000382044451
5026309550225
5055552407994
7622210249661
7501064193071
7613034310132
7702018371730
5000159471688
4011100046283
5000159457453
8714789880501
5060043670788
5016346233908
5015821144883
7612100053607
5000157072221
5025364002052
8710648199029
5000281038452
5000289927406
5410316945332
5410316945318
5017838816142
5000157071873
5000328353661
5000314120543
5000314120567
7804330321209
8437004989239
5000112604894
5000382040484
8850006324424
5000328120775
5014339500075
3256540035386
5060050981075
5060050981068
4000145722221
5000431013551
5025364024528
9311218105564
5060366621191
5011476102544
5010511472727
5098715000670
5060043670795
5010511473106
8010471004539
5010511474912
8410015026223
5000328359182
7640107203107
5011273047109
4084500301979
5054267002395
5010511474905
5000112604924
8901808004929
5011417560174
5099556018275
5000382021032
5000168183329
4015400685920
5000143580136
5000101993572
8906000211465
5000434603926
5000431014039
5055552403101
7613034999726
5016860100106
5000347010477
5000354405167
5000185112180
5099839591969
7613034240712
4000539671005
5000354168529
3329770014497
3329770014503
5020089018029
7613034961266
5020411119646
5016346233601
5016346233557
7613034960658
7613034960337
5016346233359
5016346232260
5012454068579
5012454068548
7622210316912
7613034938619
7622210332004
5020379012416
4015400685982
5021684005834
5013213015186
8714789861852
5060366621221
5000393080073
9415093005282
5000168183015
9415093005329
9415093005510
9415093005398
9415093005367
9415093005473
9415093005664
9415093005589
9415093005695
9415093005626
7322540675658
5060145250116
5055552403170
5411188110859
5000382041962
5010511474967
5060053601093
9557503802880
5000328382708
5000157074829
5010511474981
5000227505048
5010511475094
5011308325776
5000118203497
8712561306034
3059941005671
8000700000012
50204274
5449000084705
5449000073587
6004442004019
5099839595356
8410076430069
5010102117037
5029788175309
5099839354946
5000281028095
8001115664127
3800206521326
5901784154703
3800106201199
5900951255687
5012836752911
5010549305530
5000227998567
5099839591020
5012035927325
5010511474899
8002522503108
5099839594700
50981137
8710648592042
5000204721706
4002448059783
5055692102247
5060223050171
8412997000376
5020379066822
5060052226556
5020379071185
5010511868001
5000328376240
5010186013447
5029788166628
5012035927349
5099839075476
5000431019003
5000435008348
5011406050242
7311100318104
5014379109740
54034501
5000221501213
5000221505600
5000221509035
5099839590931
5028848015845
5053827136310
5010228001968
5016096126093
5000112606515
5060066940455
5010238015191
5010238015214
5010238015177
5098715000021
8691484506007
50171293
5031390110197
5201360502837
5000328383170
5000435007815
4015400686040
5201360527205
8722700307624
5201360750092
4033443792399
7310532160435
8718114888996
4770119201099
7310532160442
3800123801051
5941466002403
5941466000737
5941466003592
5941466000164
5905223000712
5941466000744
5997338148663
4770583207429
4750097007982
4820048610124
3800740011338
4030011370010
4030957781055
4030957781062
3057640450488
5000328197685
5029788169339
7622210218513
4779028340172
5020580193812
5000394019256
8715021985602
8715021985725
8715021985190
8715021610009
8715021985251
8715021660011
8715021985749
8715021985701
8715021190150
8715021985114
8715021985145
8715021985121
8715021985169
8715021650005
8715021985213
8715021660103
8715021620015
8715021620008
8715021985282
8715021985619
7622210378910
4006229005587
4006229005549
5022313416847
75032814
5000393028266
5000187135439
5020379049122
5055552408069
5020961015252
5055552408052
5027952011644
8420063015407
5026309550997
5020379079792
5000328380292
5060255920244
5000204887785
96107782
5027952011620
5060050981037
5060366621269
5010003000292
5016346132829
5029788163610
5021476000832
3057640237058
3057640236723
7622210157638
5026309550256
5900562219115
5000431018464
7622210296061
7613034653635
5026309550294
5031390110067
5000185112173
7613034562562
7622210296078
5000157071651
5000227505109
5060302255282
50457649
5900951255649
5000354405198
5000393028327
5010153827930
5000354403859
5000328357331
5000328353159
5060366621276
5020379079938
7613034748836
3036817800134
5000328362090
20000409023
5060097650026
5020379083232
5000168183619
5026309550058
5000168183756
5060050657352
5060050657321
5055728203023
5018632005930
5060050654764
5060050658557
5060050652753
5018632002182
5060050656980
5060050658571
5055728203016
5060050650339
5055728202798
5060050658205
5060050656973
5060050652272
5060050651893
5060050652289
5060050653323
5060050650995
5055728203009
5055728202828
5060050654733
5055728202781
5055728202750
5060050650940
5060050654719
5060050651053
5055728202767
5060050653194
5060050653262
5060050654702
5060050652807
5060050652203
5055728202774
5060050653330
5055728203924
5055728201777
5060050653231
5060050656911
5060050650988
5055728202811
5060050656928
5060050651060
5060050656966
5060050656959
5060050658519
5055728202804
5024446006360
5060050651008
5060050656935
5000431013919
5055552407918
5000143287110
5000159479653
24000150114
5000328206998
5010394987325
5060050651299
3057640434563
8712561304405
5000328356112
5000101132049
8712566328352
5000393028112
5413149519596
5060044540141
5060044540127
5054267002142
5000328357256
5000328377629
5449000055927
5449000074935
5021427905957
5014379000399
5054267001589
4002359001468
7622210286680
5023274043141
5000431018525
5011406051133
5022313335032
5391520441462
5000328356624
8410005422059
5016049283194
7613034008015
8445291747203
5000309006951
5012454068524
5027952012108
5000157075345
7622210340870
7622210340856
7622210355911
7622210342874
7622210216847
7622210295743
7622300476236
7622210288004
5000328380025
5099353000299
5060317610014
5000178110391
5000178110377
5000159481922
5000159481953
5000159481694
5000159481793
5000159481779
5000159481878
5000159481908
5000159481670
5000159481663
5016346233311
5016346233304
5031390110074
5099839593161
5026309550393
4002468021319
5026309550157
5031390109856
5026309001338
5026309551093
7610594454399
5000309007514
5031390109917
5000205044118
5000382038528
5020042001563
5060302259778
5000112599732
724120071206
724120071237
5000185112197
72417143700
5000328310602
5000328310527
5000328310282
5000328312026
5000112600209
5026418083836
5000431010116
3014260243531
5011166051435
5012035938833
7622300484507
5000382035879
5000382044819
50511334
5901248001659
8423915005489
5410076230181
5012454068531
5000178110353
5000143152050
724120071251
7622210344205
5026418083867
5016346231522
5016346231744
8723400772514
5029053531243
5000232859532
5000232859556
5000232859594
5000157074904
7322540367959
5000328353234
5000157074928
5000157074911
71106061783
5000157072023
71106061844
5000157072931
5021664192202
9556018000064
8012169001301
8410076481375
8410076470775
5000434603537
5016096127380
24000150206
5000157071729
3155930001355
3415581311150
5602418000525
96069820
7613034968289
5900320002614
8710648011031
5000394203983
5031390110050
5031390110111
5000227998215
5012389670625
5029053039237
5705250136213
5012428090841
8423915005458
7613034835598
5000431016705
5060079651423
5055552407901
5029053536958
5000354203497
5000157075581
5000112604863
724120071220
5000143152074
5010693411606
5000354405150
5029053039176
8712566328406
5000112604801
5054267003316
5000431018402
5022313334165
5410316945486
5000328377209
5000112606027
5010314301774
5054267002326
5012335106505
5010238013678
8712100529443
5012254061190
4015400683896
4015400606499
4084500289048
4084500303966
7804320637167
8712100529429
8691484498005
4060800170347
5000328363202
5000157075598
5010029217247
5010102117075
5099839087264
5000178109630
5014067245873
5022313319438
5022313312101
5022313123455
5022313979564
5000382042167
5000382042570
5013965951404
5010262701978
7790762001348
5060070000060
8713848290251
3176780031521
5024993730206
5024993730336
5000289927390
5000281038445
5035766044659
7622210363305
5060041764885
8423915007117
8423915006653
5027952012023
9300727389275
5010153763672
11210607040
5099839340635
5000328419213
5000171054777
8716357000380
5000431016910
90415746
5000328416335
5410228217732
5441613003500
5000159483049
5000159484640
8722700011293
5035766045595
8410087232522
5391511052684
5060244020399
5000328276700
7622210324986
5000143244281
5000159483759
5901588057415
5907501018204
https://qrco.de/bcbFwC
6003770000953
5010236154304
3057640237638
5010693603339
4770265044014
5901545004629
2082427002728
8595024883071
4770275047739
5000431016880
4033443652112
5000112600582
5055828600005
5701001475181
5035766043157
5029053039213
5010153827961
8712000035990
4770265042911
5054267000155
5024996159042
5201360750498
4750097006763
4820048610148
4770350020046
4770350141741
4770350141475
4030957781178
4030957781123
4030957781130
4750007848032
4750007689543
4750007689574
4750007689512
4750007848766
4750007848360
4770583213529
4770082094797
4770082094278
4030011310054
4750616001712
5099839593307
5029053039299
8716357000397
4060800166531
5060302259693
5060336505803
5035766045649
5000354168697
5053990110261
5020379138239
5054267000377
4084500183971
5012427074606
5060403361080
5060244020405
5000325010604
3574660603835
4014400910063
5000116109784
7501064
8712100712241
5055552406447
5011166051183
5000431017399
5060052226419
5099839591013
5010629100314
5011827198912
5000354405358
5034660519423
3068320108810
54034327
5011597001443
8420063015346
5054267000353
50105137
5012607003921
5000112604832
7622210287502
5020379087247
5000168001814
3076820026237
5055692102087
5015302447847
5000382040538
5000116109722
5031390110104
5031390110258
5011417563519
3661273049010
7613037051230
7613034954459
20546069
5054267000728
5029788161661
9311043079009
5000328365053
5000157075352
5000328363806
5053990110292
5053990110278
5053990110285
5053827113113
5053827113243
5053827113298
5053827113175
5053827113144
5000328377032
5054267000223
5054267000629
5054267000452
5029053039251
834554005668
4084500015012
7798039592247
5035766184164
5010017109547
5035766181057
5010038049556
7613031418947
5000431009783
5012427143302
8004260413565
5449000036278
4009900477413
4009900482806
4002468129138
5035766641476
5000328308166
5010822111193
5010822111186
50294411
8000320990113
8410655001772
5034231002545
5010017118884
7622210026149
4015400715689
5000101665400
5011187109832
5011187109818
5011187108538
5011187106855
5011187106879
5011187106916
5011187104929
5011187010602
5030033101509
5060141101788
5060141101764
5053827136235
5011546415482
5014398003043
5019989103089
8710648075002
8712100712029
5010102117105
5000143552119
5027952012078
5060041762959
5000237104651
5098715000045
4770190035781
4770190350310
964100020628
2006190005663
2321009004263
2910111002887
5905704503091
5905704503039
5905704503121
5060077784604
5060077784635
5900288002978
5900983005007
5032678000667
5905223000224
5902256001075
5900288027308
5902476000797
5906827001303
5902180060100
5902180020104
5906827013368
5906827002904
6004786007769
5906827013238
5907501002418
5902160761904
5902160773303
5900244000505
5907556422605
5900783004910
5900919000021
5900653080624
5900653080655
5907501002081
5907501002128
5907501002258
5060041764151
5907501013292
5900783004941
4779028340134
5907501011342
5900397016439
5900397016408
5901874900302
5907501013339
7613033523113
5000234049771
5900320003031
5900919000526
5900919000106
5901135025775
5901588016023
5901588017525
5901588017518
5011308199148
5010822110080
5010822110394
5029053039152
5000181024692
5055552408175
5055552408212
5055552408151
5055552408144
5055552408199
5055552408182
5011451104334
5011451106130
5011451104969
5011451102620
5012389671219
5000328454580
8710648095147
5035766381860
5017974004038
5000159470148
5000393079923
5029788178294
5000354405181
5012389671226
5000143151251
4025500169442
5029788178256
5000354201554
5000354405211
5000435009239
5000157075369
5000112606522
5023472005057
5900951250903
8723400769842
5000314013272
8714789436104
5000112604818
7613033401107
5900951247088
5027952011798
24000150220
7613035156661
5000112602418
5012389671196
5000431016675
7622210431646
5017353504333
5017840006005
5017840006029
5060152120006
5060152120303
5000148000752
5024472111922
5020092700850
5024472112028
5020092702700
5020092702694
5701001000154
5037202911051
5024472410513
5024472110154
5037202911143
5037202911150
5030033104500
5022322009658
5029053039480
5022374019599
7613035156708
7613034924810
5012035941703
7622210317629
5017840005923
5000168180908
5055028321267
8000270703511
5010035064873
4770677226015
5000221505303
5053827104135
8722700105459
5000118203718
7613033188183
5000171054258
5010081904352
5029053035307
5011417563359
8712561903844
5016840000129
5000232866776
8000270703474
5020379138338
5060166696542
5449000145024
5449000956552
5449000187956
5010103933223
5027952005902
5054267002104
5020628002809
5020628006685
5000242112276
5000127013094
5027040012775
50262816
5010459000037
5000328364186
5054267003224
5053990107261
5053990107377
5053990107346
5000354405204
4001724016632
5050375946651
5010743380036
5010153840052
5033298000389
5013655001532
5013655001679
5013655001549
5013655001686
5050375097490
5013655009125
5013655009132
5013655009156
5011308000307
5011308000314
5013655009101
50500375097407
5050375121287
5050375121768
5050375947221
5050375120327
5050375114623
5050375097407
5017840006470
5017840006487
5017840006494
5050375947245
5050375113992
5029053039367
5000325010611
8691484513005
50157044
7613034675972
5000157071071
8691484514002
5000157141675
5033298002338
4040600013884
5900471025319
5020379087209
4770265043062
5020379087148
5010822990163
5000354203459
5000431016019
5000166061650
5030033601504
3057640446023
3057640446603
3057640446368
5055552400957
5029477008338
5036200121837
5000431017337
5000205044125
3057640434983
7622210249548
5060053601741
5013967010161
5055552406669
5012389671110
4770265046322
5000143285031
5011962114303
5901617001495
4860106770056
4860106770025
5000178108367
8410302107192
5900595004696
5019440000124
4779028343180
4750616001651
5900862217385
4030957781161
4030957781147
4030957781109
4033443652099
4770677226022
4060800133557
5031390110173
5031390110227
5000434602578
4005808899265
7613034309273
7613034310477
4009900490016
5000112599831
5000354204760
5024071220094
7622210429575
8691484515009
7622210379801
5011187109443
5000157075567
5060373150103
5060373150134
5060373150165
5014339500266
5012389671202
5012427074705
5014404020088
5701397360351
5701397360344
5701397360368
5000237110935
5012035943943
5016096127359
5010029217629
5054267002128
5026309551024
4005808123834
4005808130115
5011417563021
8714789482019
5099823002037
5000112611533
5000295148406
7622210379818
5902160720307
5998339757007
5011417563526
4008429072680
4067800007499
8410655000881
5014603000119
5900951250927
8691484344005
5055552408137
5027952011774
5000143285048
5099823002112
7613035156685
5900951251191
5028635000566
8000270703498
5000159485920
6001067008507
3800008921140
5900190005104
5000267173092
4603400001521
7622210397041
5391520442087
5000328465777
5000354168024
5000205044149
5060366621214
615357121720
8712561485524
8723400761518
5010092187843
5010092448043
5010092448340
5035766045724
50295401
5010102118041
7290104507069
5000157071101
4015400715719
5901559952503
5000362010100
5000143259230
5012509978280
5000143380118
5000143201239
5013635101887
5000197156752
5019989101887
72417149573
5900562150319
5026619385463
5000143570182
3057640455933
8888077109206
7613034441331
5011417561690
5011417561720
8712561060325
8712561060080
8712561908450
5000393080011
5011417560914
5010388803143
5010238013838
5000431017153
5000159485258
5000166073851
5010035064842
5000127730168
7622210429643
8712100711985
7613035156722
5000431016613
5000328151748
8712100711589
5010081001204
5054267002050
4018342760021
5010238013104
8714789994772
8714789995731
5000431018372
5099353000305
8423915009142
5000328479095
7622210429605
8714789115474
5000112611540
9414416508356
7622210082442
7622210389220
5026309550652
4015600888541
5038483574447
5010102118058
8888077109183
5000221508090
5010238014132
5031390110395
5011941460032
7613032238117
5902160642906
87171266
5010092201549
7622210121127
5010029219289
5000111047593
5029788600177
5000143505092
5029106001426
5000112607413
4018342760014
75040987
5900951139246
5000143505214
5000143101218
5000143237160
5000143285116
5000143101171
5000431017061
5000143505108
5000143505078
5000143505269
5000435008614
5000435008645
5000168185941
5000143201147
4770677227333
4860108050149
4840042009038
5020379082990
5000328485126
5000328485638
5000143293012
8410076600875
5000431014992
3574660217551
5000168183473
2513269004422
5060302253868
5060302253936
5201054023389
5000143265163
7622210431394
5060035426768
5000187148248
4043058005456
5060402900310
5000143349153
41594264799
5029788164044
5000168183497
42040613
7613034675958
4841576000898
4841576000515
4033443652631
8018075040724
8691484362009
8691484394000
5000431016972
5099839593147
8901808004912
5000143151060
5000435008522
5000393080288
5000435008492
4060800167774
5029053039411
2533361004533
5902160654237
5060336507142
2533996006667
2006183014757
4751013350083
3800212410058
5025572124515
5000143285062
8714789776927
3770000906660
5900512350035
5000143152012
6003770007372
5010092248346
5000143238297
8712100680007
5000382035145
5010693602028
5000354168703
5011308001601
5060184080354
5011406004634
5035766181279
5010238008209
5030341502005
5000143175288
5000143151268
5060021542854
5000435008379
3057640446948
5449000073440
5000143237139
5010358233710
5010358233734
5010358097183
8712561903660
5029788170656
90415456
4084500079861
5011187070316
5010102118249
5000394033979
7622210429629
5010236155219
5900562113635
5000143101201
5011187109481
5011187109467
5031390110203
5031390110388
5011308321686
8691484512008
7613033673702
5000185110919
5012035927295
5000143151275
5000143565195
5010478558915
5010478440234
714882001018
5017840005138
5000143549034
5010236155165
5449000096944
8712561190015
5000209112516
8714789810348
5011417561928
8410136002885
5000166148559
5000166078030
3430560003451
8712100712319
7613034007971
7622210429582
5060078180917
5010658309818
5099839592003
5099839592034
5000237118825
5000157062802
5000242112184
5000242112207
87171181
7622210400758
5000328308593
76840620036
5411188119753
5035766183068
5054267002135
5010029220964
5000431018587
5010223600708
5000431016941
5020379056694
5015553088431
5010327255927
5010677013611
5060044511608
5033146902407
8712100529436
5000112604870
8712100681097
5000159470940
5010693603018
8712100355165
5010153854004
5010822110868
5055552408342
3076820005195
5000431020016
5035139207032
5000237112984
31200452023
5000159484725
5023751105706
8008440212214
5000143547207
5010029217919
5000382044000
5000393080349
5033146908003
5033146906405
5033146904005
5033146900106
5033146900809
8691484511001
5033146904104
5033146905804
5033146901004
5033146900908
5033146903503
5033146903305
5033146905200
5033146907907
5033146917104
5033146906504
5033146901608
5033146990930
5033146900502
5033146901301
5033146901202
5033146905002
5033146901103
5033146904203
5021507166476
5021507166490
5021507166469
5021507166483
5000435008553
76145513
5000143247251
5010102118409
9002490225667
5033298004677
5019464001572
5000295147256
5000295147294
5050665025561
5026309550584
5099839588471
8906000220603
5060184080842
5024472113322
5010102115811
5000433025170
7613034969026
5000232171504
5000232170101
5000232171009
24000150183
5050093307215
5000431020221
5031153331739
5031153331746
5000143344264
8712100441080
5000157075253
8712561876865
8712561877145
8712561877329
5000431020191
8888077109152
8888077109220
5010236153260
5000328494067
5000143552164
50294527
5060126392668
5099873001585
50242047
5036229000120
5000393165091
5000143201000
5000393165039
5011166051749
96027134
5000143169188
5010029219623
5601069000380
5035766720225
5410076811281
5000393079671
4906156034776
7393714505347
5024996150759
5031390110517
5000362010155
5060041762973
5000143201109
5000431019478
5000112604849
5000295074194
8593893741775
5000143147209
7613034959287
5000393080226
5060041764861
5099530003327
5000143201031
5000168186504
5099530003297
96032985
5000112600568
8712561613842
5000187148217
5050093307208
8710648900472
5000157075154
5099530003228
5000221509103
5010292937712
5010292937736
5010292937910
5010292937675
5099530003303
5099530003372
5099530003259
5028748008442
50210404
96114414
5000116102808
5010153853984
5000116107001
5011406001459
3057640455513
5000168173283
8710908154713
8003520013026
5000143135183
3500610070112
6001108093769
5000387906815
80798927
5000157075239
5000157075208
5054267000193
80310839
5000328418186
5000328360676
5000328360591
5000208025497
96045473
5000221509127
5016096127342
5000187148484
5010052108147
5060077784086
4779028343166
5019440000117
5000328508740
5011417563656
5010236153284
7613036288477
8003340808314
5000328509297
5000143152036
5033146918408
5033146905101
5033146900403
5033146918507
5010282011354
5000168104119
652655000494
652655000388
5000435008676
5038483574416
5000227503570
5033298000129
5024472113674
5000431018341
72417147647
5000168187167
5010035062152
5000168187280
5000328658674
5060107330030
3574660230956
8714789880556
8714789880495
5000204716702
5010052108178
5413149960251
5000431020368
5010029210866
5024993730602
5022313416922
5010029210859
5000328508825
5000328364001
5000143226102
5000295148383
5000431020450
5609345979214
5034660001300
5000431020481
5000168168524
50168286
50226351
8712100685491
7622210232915
5020379087124
8014546012139
8014546010173
5011417563625
9672216342251
4010198023503
5000382006183
5000289927185
5000431020276
5011417560938
5010153853960
5900562159817
5442613003408
5010038443057
5000232869319
5015821145026
5000431020634
4010198023510
5012136007308
5031390110319
5000143260052
5000168169040
3057640434723
5010743889980
5099530003273
7622210400734
5010549305509
5060035401956
5010928459502
5000157075338
5000157074591
5010928050389
5010338202798
5000328483627
5000328483702
8013399115400
5060013943454
5012845203725
5000243712031
5010357117622
5099839270796
5010357117639
5010357117592
66613000066
5000354880162
5000393080103
5000393080042
5060335633736
5020092700867
5010084903352
5000157075376
7613033590788
8412702605223
5060052222381
5201054921746
5000187148279
5000187148262
5000295074187
5000168190181
5000187148255
5000143293173
5000168186610
5031390110180
3057640235238
5000168190167
7322540433432
5020379087339
5010262702333
5010052108130
5000116108633
5060403361103
6009808750586
9322214010400
5025938006271
766557750064
7622210357045
7622210373717
4002569000558
5099530003235
5010186017704
4069600014578
5010718306306
50469161
5000196000612
7613034675996
5031390110210
5060403361196
5000136042795
5029788170878
5000157075413
5000431011946
8410087023304
5000157074812
5000157074836
5000157075079
5000171055019
5053827136488
8712561070805
8712100232411
8712100232459
5060297242496
5060297242397
5060297242472
5060297242519
5000187105128
5027952011835
5020379087308
5449000133472
5031390109696
5038562000812
5000168190204
505552407833
5410438036581
5060122037433
5060122037457
3334751007610
5020379030274
5410438036444
5012876388064
5012876390425
5012876390265
8424863000458
8424863000250
5201054082010
4251097402543
5760466923927
5027342002641
5410438036383
5000393047885
5000187135422
8011893819046
5449000013057
5000185101900
7622210464507
85000021156
85000022634
85000021255
5010238013692
96092989
5000382039280
5000112605433
5054267002302
5000143320237
8716357000434
5060286260159
5033298010845
4603400001514
5033298011262
5029788175880
5055692102285
5000143259049
5055552408205
5021427905339
5000112600575
5060403361721
7622210449627
7622210410139
5000137001968
5024993730619
5060416420354
5000242201161
5000267126555
5410438036505
5000146048442
87146394
5000168181059
811285015012
5025364003554
50313901101805
5900562212918
2572869005345
5900562181719
5900562048036
2903690012309
4770163834663
4770163834687
2006183013804
5900512501659
5900562075933
5900562076138
4751013350014
5900562491801
5900562491702
5900562487101
8584004041174
8584004041327
8699847070424
4751003570903
4751003572440
4751003572211
4751003572471
85000023587
85000023594
4751003570842
4751003570743
4750097001775
4033443432035
5017840005985
8722700153276
5024472113117
7622300845759
5000431015951
7613034959591
5000177480846
5037202911181
5010262702234
5000382039181
5000112611557
5011166018117
72417140907
5023751105683
5013478118257
5060050650353
5012389670014
4015400638278
9310006005826
4084500637740
4014400909883
5010236156247
7613034697288
5029788602713
5060402900297
5000354404474
5010265000054
7622210402295
5000168183718
5024472113070
5055552407833
5000168183732
5055028341197
80346401
5010236018705
5000393048042
5000431014275
5000143234237
5000143141085
5099839592010
4260170560773
5000431019508
31200467294
5010236153147
5000232904836
8699847070066
5010314302108
50241569
7613035033078
7613033737282
5035660138775
5035660138782
5011053022760
5000328486772
8712561617369
5022313121413
5012427141308
5011417554418
7613034648198
5000382025306
5038673412214
5010236153642
5000328482088
5010084903338
5000382040552
5033298008231
5060336504943
5010029207880
5900471025623
5031390110531
5031390110425
31200467300
5000168187464
5020379084024
5000409006721
7622300754136
8712100685538
5000431011311
5054267003989
4841576000508
5060403361219
7613035052024
7702018355518
5998339758103
5060293850206
5016346132836
5000328478203
5000431021204
5000354203466
42101673
5060041763024
5060255920015
5000431018433
5000431013193
5000168183510
5901559951872
7613033989056
7613035058347
5050665015296
5000146057871
5011417563014
5000328483467
5000237114452
5036446802705
5036446806536
5060041762997
4015400715658
5060052227867
5000101282218
3073781011432
5060437930016
5060437930023
5060437930009
7622210285485
7622210404572
5011597008015
4084500089198
5050083579820
5908310285047
5000112599442
5010029221169
5010029221176
7613034968326
5060402901522
7622210437006
8420063016442
5012335792005
5031390110302
5053827136389
5012876391057
50201815
5000116102778
5000187148286
5060043670467
5060043670245
3430560006377
5053827146029
5053827146142
5000157075888
3254474012299
3254474012336
50457212
8712561737005
5053827211345
5000204540307
4084500616141
5011417561799
5011417561706
5060043670344
5028635000610
3430560004403
8410136003028
3251093615818
5000237118665
5000431021266
5000227506083
5000237104699
8013399110726
5000387907058
5011166051329
5000393163295
5024993729026
8410136001574
5099839599279
5000232863935
5027952005926
7622210396693
9310006005840
5902746640142
7613034900784
5000204716733
5016096123931
5016096127496
5055552407987
50413607
5031390110357
5031390110494
5031390110326
5031390110548
5000237104712
5000232863911
5010029215731
4251097401690
5000112599718
5000431021297
5000431021051
5000205044873
7610900043132
5000116109760
7640110706824
7622300727352
5000227506472
4084500452176
5031390110289
5020580040086
5060402901485
5000393027962
5060403361967
5033146901509
5016096127427
5060336507128
7613034304407
5055552407710
5055552407727
5000168174099
5060402901508
8427836300050
59940517
5000168178271
5000205044934
40144016
5060023974950
5060023972864
5060023979498
5000143287134
5000431014398
5000431021082
5000116109753
5010003001176
5099556019630
49000064810
5000227502603
7613034375889
6009638240028
6009638240080
5022313248103
5010358238913
5060262481226
5010477201102
5011308318686
5011417561874
5011417560921
8712561783989
8712561783873
8712561784092
5000101845208
5000101844997
7613035117938
7613035119161
4015400715627
4015400736844
5014878046898
41500007229
5050665032231
5050665032255
5011157888170
5011157888163
5060023970969
5000101845116
4060800108128
87177831
87177817
5000197156905
5740900815308
5038562000652
5900951256622
5010438014642
4025500165598
5099873001578
70177170462
5000393165503
5000393165657
5000393080509
5000393080561
5011417561881
5000431020962
5000166068673
5053827131490
5011136700189
7622210313300
7622210460219
5000231087516
5000227502641
5000205038438
5014379001587
7622210432391
7622210317124
7622210400857
7622210463234
4006424022365
5011166051756
7805320616992
7805320616985
5060188690009
5060188691471
5000394076730
5000168010335
72417152788
5000143201215
5060041764137
5000431020931
7613035009974
5021319611119
5023274045886
5053827141666
96117767
96123935
96100707
7804320442273
5014379001150
5060041764144
5011295116173
5000181035728
5000431021174
5020379041805
5020379044455
8691484517003
5026308046125
5055728200886
5010236001264
5060050657680
5099873004302
8723400769453
5000431020337
5020379086042
5017840004209
5020379085960
5020379082303
7622300535148
5000168179773
5099839354410
5010358241579
5000393080806
5000157075864
5000171056030
5010909004523
5060324600749
7622210497383
7622210394453
5020379079617
5000143319279
5020379042451
7613034959638
5060324600930
5000143101287
5000431020429
5099839595370
5000328179056
5020379045957
5020379076029
5020379088817
5020379033008
5000181035704
3065890117129
5020379083331
5020379049863
3329770054912
5020379063838
5020379065238
5020379075381
5020379078160
5020379057264
5060077784666
5020379045704
5000143263237
5000209216511
5020379086103
5020379082181
5020379085076
5020379038355
5020379086028
5020379018302
5020379038331
5055552400933
5020379079259
5012035931391
5020379062312
4770583201151
724120071282
50096350
2418101374391
5020379064255
5011417554432
5020379064132
5020379079501
5020379085908
5020379056915
5060262481202
5000382044710
5036589205821
5000354404214
5000328370644
5000328369907
5000328165578
5000328160849
5020379063876
5000328160764
5017764114008
5000187148798
8712100704789
4084500637627
5020379073851
5011417563113
5020379085090
5020379059633
5900951252549
5020379056519
5053827137416
5020379092852
5020379082341
7622210445001
7622210400079
7622210400901
5012035943493
8938506311530
3415581131123
3415581114126
3415587108129
3415581121124
3415581122121
5000328481708
500032844932
5000168131078
5000168180984
5000168136059
90376566
8712566398898
5410438036819
5410438036857
5410438036833
5020379048750
5012136011800
5000354204616
5000227505086
5000227506656
5000354404191
5000221509202
5000221509080
5000221509189
500221509165
5000221509226
5000187148293
5011566026309
5020379060257
5031390110340
5031390110371
5010176450191
5010153853977
5000221509165
5000267129518
5060184081108
5017622111408
5020379045605
8714789994826
5020379050197
5099556019692
5020379079174
5020379060271
5020379060318
5020379060295
5015821144968
5054267002036
5020379057967
5020379057943
5020379074186
5020379057240
5020379058063
5020379058049
5020379058100
5020379058087
5020379018289
5020379085885
5020379057400
5020379085496
5020379085823
5020379085519
5020379057721
5020379057769
5020379058216
5020379042475
5020379057820
5020379057929
5020379057844
7613035232051
5900862018562
5020379045629
5010084903437
7622210444592
5020379045568
5020379045544
5020379072205
5020379043205
5020379018029
5020379052160
5020379052146
5020379045506
5020379063852
5020379045520
5020379085724
5020379085694
5020379088947
5020379088923
5020379065177
5020379065115
5020379065153
5020379065139
WYNC12
5020379085984
5020379086004
8710648014049
5020379066785
5020379044837
5035139205014
5020379085113
5020379085052
5020379085038
5020379038317
5020379038379
5020379062374
5020379056281
5020379062336
5020379064156
5020379082365
5000328494142
5020379082549
5020379079297
5020379082525
5000112604856
5055552409219
5000143116267
7613035254398
5054267000384
5000382044697
5060044510236
5010003059528
5020379044851
5000295148611
2373801003203
5900919000045
5941194000382
7613035254350
5941194000061
5941194000771
3800065711982
4750001949346
7311311503498
5941311001681
5941311001698
4607086730102
5941194000856
4030011310153
4750616000449
4750616000401
4750616000470
4751005703361
4750616000463
5010236009437
4033443652655
4770153226775
8002450996089
8002450477007
8002450475911
5012335867703
7613033988974
5020379045667
5099823002099
5020379069465
5099873007501
5010338220723
7613034754356
7622210438454
4000539727009
4008429072604
5000431017429
5029788178317
5017840001529
5020379056939
5010035065115
7622210307866
7622210307491
7622210307842
8000500168554
7622210307552
5020379082587
5020379056403
7622210459176
7622210430458
7622210398246
7622300867409
5055037002324
5900562248740
4000417019004
4000417013002
4000417224002
7622210438652
9310006005833
50294459
80735533
5020379058254
80743798
80735540
5020379058230
5000185110278
4008400511528
5020379081689
5053827136358
5020379085946
7622210360328
8714789973715
5099823002082
5000178109807
5010102118324
5000431023666
5000143322033
5054073015640
5010176450177
5031390113518
5024472310790
5010115934379
5000143249071
5900951252525
5000166052108
8410076800701
5010287476516
8410076800695
8410076800725
7622210406477
72417158063
50097425
5000143297270
5000431021327
4770163834670
5020379044479
5020379042499
5000143252163
5000166052122
5038527001984
5038527001991
4015600903091
7613035294349
5015821145200
5010511475049
5020379059640
5012035928261
5013174008234
5012035928452
5000431023604
5000168186634
5222168186658
5000168186658
5000143289268
7622210497420
5011876000884
5000213018927
5010338202118
5060403361806
7613035253278
7613035253292
5000108280163
5000393028495
8595024817953
5022322006343
5941265000228
8716357000441
5000143346206
5012035944230
5000354168581
5000393028396
5010775187245
5010775185166
5000112611526
5000168188751
5012845205620
5099823002020
5000143356007
4251097401584
5010744000162
5060052220103
5010744000216
5010084903413
5012389671622
5020379092807
5020379053655
5020379053457
5099839074356
5020379055123
5020379055109
5020379145886
5020379055161
5449000151711
5010775184459
5020379082167
4251097401621
5020379082204
5449000052346
5060403362483
5033022002207
5011524003045
5020379086394
87120400
6924765500046
5020379086127
5000143211016
7613035254374
5030756005702
5010103938235
5000393048363
4860108050156
5000434603896
5020379078146
5020379064194
5011166018131
5012035928124
5000237108598
5000168190587
5016346115877
5060052227430
5054267003262
5023139263219
5000393080776
5054073014780
5031153331418
5031153331401
5031153331449
7622210464538
5000393028464
5010477346636
5024616007067
5000101077005
5901588017457
5010438015281
8718800018874
54493049
5020379036542
4000539773907
4084500591615
4603400000203
4043058003063
5000143552058
50143276
3065890117075
5000393015280
5000299223055
8720400100743
4043058001335
5020379064231
5010092709397
7613034732774
5060403361820
7622210489470
8002371000674
5000143223064
5000237119174
7613034766861
5010084903314
5035766060949
5011013100118
5000246726226
5020379069434
5024616007050
5000382044925
5060262482025
5020379072724
5000116109708
5000353349509
5060151180025
5011308505055
5010029220001
5035766381914
5016878010435
5000393028556
5000175411200
5000394033948
5012686075000
5017600048092
5010511475612
5000328532066
5031390110166
5000116109807
5000382030775
5000328532141
5010102240506
4010026123467
5099873005217
24000003649
7613032380281
5010511475629
5010438012761
72417150555
5011417561805
5000328533360
5027952009528
8714789726229
3076820005201
5000143215205
5060133373315
5020379083034
5036446801999
5036446801562
5036446803528
5036446802002
5000347045202
5000347033469
5014398002954
5036446801586
5000112644869
5036446802866
4860108050088
903690011906
2903660010441
5900562487002
4607146900209
5900562183737
5900562184338
5000354405679
4030957111517
5941265000167
5941265000044
5941265001423
4751005700599
4030011310528
4033443522088
5010038451397
50819485
500032836
2903690012651
3800093560354
3800093560330
3800093560323
3800093560347
5020089000253
5012427108202
5000431020696
8000270703450
5010232967588
5000143530070
5020379083058
5000143212013
5018811001630
5010102106918
5000205044521
5020379013536
5000143209259
8714789995779
5010238007875
8717644147641
5000394033917
80799092
5021778706272
5000431023635
5023751202054
3800203050683
5012035944131
9002490100490
50500208
5000237119136
20028862
5000204771800
5000431022300
4100130037931
5410228141266
9417986933795
5391520182464
3057640456268
7613033587153
7613035162341
5060225240006
5601069400234
5000143227260
5013478142641
5033298005452
6001495062577
5031390110364
5000227505345
4008577080711
5000435008942
8716900559266
70177115227
5011406000841
4015400697770
5099192254433
5000354404498
5010034002395
5020961013463
5000143201185
5031390110333
5020379078832
5000168104157
7613034642745
5031390110418
5000168190563
5000393028525
5000354204753
5011166205616
5015302102432
3076820005133
5000175410555
6920354812859
5018811001586
9300770043575
5000127730137
5000143593204
5012427144002
5573063198823
5573063198830
5000143211092
5010102118676
5012427095908
3574661091075
5000328365657
3245996816113
5000431022096
5000435009697
5410076814961
5410076811311
5000187148620
5000431020900
5020379086820
5020379086370
5000168001142
5000205044866
5020379094276
5020379047647
4009900500166
5031390110265
5023274043165
4779028343340
5025820000851
5000393028587
8002210128538
3800203051376
4260170560995
5000431022225
5010069795408
5053827113069
5000157075543
5000143516036
5000227506717
5900852997457
8712561903929
5020379088886
5060107332690
5601069400098
5000289927697
5000143131130
4008429072642
5011308000109
5000143201062
5031390110241
72417153051
5000187146336
4140973302995
5000431014930
5011406050822
5054267000469
5000328456089
5000232844217
5000116103966
5020379086783
3057640241758
7613034675231
3073781031072
5000328531786
8002205426557
5000393029034
5020379036528
5020379057707
5000393029126
5055028342910
5060107335875
5060107332737
5000127012097
5099286004913
5020379074209
5060050382223
5050083706752
5010102117112
5010102117099
5000242112245
5060044532160
5000328531946
5000171054791
5000143262148
5000393163592
5000435009499
5000435009437
5021778706630
5031396020384
5031396020407
4025500183714
5010228001531
5391527070115
5391527070139
7898943218018
5010102118331
5020379088862
7613034310255
5000328529233
8699847070165
5000328531601
5000382035930
5020379048309
8002205426564
5000328529745
5000393028976
5020379028448
5020379050692
5029788170724
5020379094474
5020379060196
5020379067447
5018562000135
50797622
50797646
50542765
50797653
5024263010106
5000328228402
5050360001471
5000221508144
5060239922325
5020379052962
5020379051903
5000394077225
5020379051866
5010017109752
5017840005992
5020379040730
5000227502368
5035766046530
5010478602571
5020379051880
5020379040693
5020379040778
5020379040631
5020379040754
5020379040716
5011295116401
5011295116418
3800023600075
5020379051927
5020379051842
5020379054645
5020379051941
5020379060219
5020379060158
5020379060172
5060255920237
4010198023596
5020379016285
5020379016322
87565310102
5054267000742
5020379085847
5020379052993
5010238015863
43587395
72417140990
5000299611357
5020379094757
5020379056632
5000431024908
5060053601765
5020379016308
5010102118317
7613033024597
5055028342897
5000143222104
5060217171554
6111243381550
5000112611403
5020379064415
4010198023589
5010052108888
5011308321747
8711000348208
5060317320098
72417161056
5029788164709
5020379079914
5060053601048
5020379072182
5000168184524
5010238010790
5011166052043
72417160080
24000150237
4002569000862
4007951007238
5020379085861
5020379086141
5020379034432
5031390110272
5020379023672
5020379094634
5020379078245
5020379053020
5020379094672
5020379058186
5000435010259
5000431017962
5020379090902
5020379090810
5020379094313
5055728200893
7613035402799
5000328507606
84198600
5020379079198
5020379079211
5020379079235
5054267004016
4084500434349
5000166073868
5000221506645
7622210216823
5010238014095
4011100815476
5020379072045
5020379072106
5020379072069
5020379072120
5020379072144
5031390110401
5010228001517
5031390110579
5031390110128
5000328530055
5029788602683
5010327407173
5052197030044
5060107332638
5000221508151
5055552401664
5010102118379
5941311001674
8004260218221
5010478647817
5029053550039
5020379048323
4010142055659
5013026086168
5060431880003
5000435009871
8413664512192
5054267002401
5020379083072
5000431021952
72417153839
70177170455
5020379067423
5391516874731
5020379073448
5000111044240
5020379073912
5020379073509
5020379073530
5020379073479
5020379073561
5020379073387
5020379075725
5020379053471
5025820003142
5025820003135
8901808003441
5000157076007
5000157075987
5000157076014
5000168190051
5060336503502
50232703
8000320994968
5025820000769
5024996706161
5099556019371
5020379086417
5020379025119
5020379094351
77975022269
5000431024939
5000393028358
7613035251984
8000070029590
5033146900700
5054073013752
5020379054294
5020379031622
3800203051482
3800203050072
77975503485
77975529324
8904047932077
8904047933074
832697000564
50427369
5020379081832
5010035064774
5020379093514
4030957561305
4820026701264
5020379058162
5941194000085
5941194001563
8588000016143
5391520187155
7622210498212
5060336501003
5000159488273
5000159488259
5024616007043
8710449927562
5032457700788
5000116107322
5000232859495
5020379085922
5054267001572
5000431024960
5060391620466
5000431024816
5000431022065
8710449927500
5000227507097
5000232170019
5020961012558
5020961016631
5020961004386
5020961006533
5020961016624
4033443652181
5060053601062
5020379090933
4860108050071
5901064762888
4840125003533
5020379094917
5000328508665
4751000805978
5905704503107
4770299043069
4770175046092
2082427003183
5941300000800
5941466002571
5941487002222
5941487000235
4030011460100
5000328508153
5020379036702
5010282011064
5010238015078
5012389670137
5020379086165
5024472113773
5000393029065
5010397003329
5016805000737
5020379040938
5020379098618
5000168174334
50096367
5020379047517
5029788175088
8000270703535
5020379093828
5020379093842
5000382100164
5022822174542
5000205044835
5020379036764
5020379036733
50198283
5036446807861
5020379040655
7613035406124
5060052226594
5010035063050
5010035064972
5000435009000
5020379085755
5000382044673
5020379048378
5010034001534
5010035062992
7622210987938
5000143565140
5011348015835
5000382100379
7622210987914
72417158339
5000205044842
5905223000248
5060317320104
5000177480907
5000354404993
5391520189586
5029788170885
5029788170670
5000143231038
5020379094115
8003938000823
8006890628180
5000328525723
5000328525488
5000328525648
5000328525303
96081013
96085967
4084500591660
5000112604887
5601059062534
5707361100053
5707361100138
5020379094870
5010238015092
85000022498
5201360501700
5000435009840
5010035064781
8003938000908
5000393029096
5020379057424
5020379090063
5000143181227
5020379079464
5020379079488
5010038452851
5016840001126
5020379099493
7622210440587
42149996
5020379082976
5010282656500
5016096127106
4750007848582
4750007689536
4820002305479
50105106
5054267002364
5016765102243
5020379069663
7613035351417
5016765102335
5020379090100
5020379090087
5000187150647
5000187150630
7610900006120
7613034642769
8710449927548
5000232904867
5010038447512
5010038448670
5010069796153
5060041761532
8716357000410
5756111600268
8024324004799
5020379099479
5020379094153
5060302253851
4770985000130
5020379099455
2373801003456
5020961011643
5020379094238
5018684010067
5010176450214
5020379049450
5000232900807
5000232867735
5000354405365
5000354405372
4000503855400
5020379082402
5060035401932
5020379024099
5000143152067
5053827137140
5020379090926
5201360572595
5099556019944
4010198023602
5020379083775
5020379064491
5020379096690
5010238013753
5035766046783
5010397003084
5050974000037
5014379000801
5052197026016
5010663807804
7616100756865
5410001025622
7616100046539
7616100831999
5900852997433
5900852002397
5900852002380
5900852171444
5900852011559
5000157061980
5000157069610
5000157069078
5000157069061
5000157061966
50440689
50078073
50078165
50080878
5000157074690
5000157074683
7613034642332
50078189
5060107332157
5000328527659
24000010920
5035970100028
5010397003220
8712361000712
5010397003794
5025820001520
5000227506748
5055028321274
7613034480224
7613035370098
5010775192232
5010775192256
5010775192249
5010775189287
7622210448101
5026418092012
7613035370159
5026418092043
7622210494931
5016346234301
5016346234318
7622210449061
7622210498519
7622210449092
7622210449115
7622210449139
5016346234332
5016346234363
5016346234387
5020379091855
5201360501618
5012454068562
7622210316936
7622210355898
7613035404199
5010397002940
5016346219513
8000500214114
7613035370111
5010775192676
5000159489546
5000159489508
5000159489478
5000159489522
613035404175
7622210489708
7613035404175
5020379091077
5060052229229
5020379092258
5000393029003
5000143267211
5010478322899
5000328543680
5000328544045
5000328544472
7622210488398
7622210340832
7622210492531
5016346232741
7613034913425
5099353000022
59939535
59939511
5000431024601
5020379073363
5020379064378
5011295100622
5011295100424
5020379074278
5020379079426
5020379072700
5010438008269
5010238015375
96092002
5020379084215
5033146901400
5000237121252
5000237121276
5391516874243
5000328531861
5010238014729
5000328529073
5000382031895
5000101168741
8850006325056
5035766061359
70177103071
5000431025172
5060302253844
5020379096911
5020379078122
5099873004098
4750007816208
5000168191584
5000168191607
5000168191799
5000168191812
5060077785458
8710449927524
5055552407239
80739074
5020379094993
5000184321859
5000184321842
8711700833400
8711700833219
8711700833318
7322540473520
8410011750450
5020961016402
5010115804764
5000143514216
5031390110470
5031390110524
4750001004267
4607086730096
5000157075550
7613035035126
5017403641018
5022822174573
3153126826003
5011941139013
5020379090834
5000101168826
5027785807391
5020379096713
5020379079730
5000431024755
5011417551554
5000143205039
5000431025028
5000143249200
5020379092753
70177248505
5000143214154
5060122038324
5000328378091
5000328363127
5000328543178
5020379092739
5020379040792
5020379078283
5000112606584
5020379094979
4008577060560
5000328358635
5020379054805
3574661218083
5016805002137
5000431020993
5025971100288
5020379028349
2910111004249
4060800168115
4060800168139
5055028344020
5027952010364
8593893745773
5000328545189
5000328544809
5020379047944
8024324004805
5020379085786
5010338015404
2083803202008
2083805601007
2083801202000
2083804601008
5000143201260
5000143264180
5000143341133
5000143101263
5000143258134
5000143349160
5000143342048
5000143156287
5000143314175
5000143160116
5000143206050
5000143213195
5000143201253
5000143252279
5000143196184
5000143120042
5000143262032
5000143158113
50432288
5012128592713
5000143305043
5000143305050
5000435009727
5000435009123
5000143218152
5031390115437
5000431023369
5000431020108
5000431023246
5000433025293
5000431023390
5000431025059
5000431020306
5000431023482
5000431024632
5060077785342
5060077785700
5000143375251
5000143262094
5000143321173
5000143316254
5000143571059
5000143552157
5000143505139
5000143569117
5000435008409
5000393165213
5000435009819
5000431018853
5000431012660
5000431018709
5000431017450
5000393048547
5000393048516
5000431025417
5000393080592
5000393080684
5000393080929
5000393080318
5031390114553
50642335
7622210286758
5014761002710
5012058003006
5053307011830
5014721112282
5014721112299
3
5031390110586
5031390110487
5017353502285
80050278
5011295026175
5011295026236
5000309004759
5000314009688
5000314009589
5020411123438
5000314009657
4014400909937
4014400913910
4014400914696
7622210489487
5000159489898
7622210406330
7622210406187
7613035195950
5413548040639
7622210406217
7622210406194
5000143285277
5035230100027
5035230100058
5035230100072
3057640240768
3057640470028
5000393080622
9002490230302
5000382045595
5060113915221
5060337500005
5000177480839
4060800169457
4060800169440
4060800171405
5000382042006
5000177480815
5000177480822
3057640447273
5000237121337
5000237121238
34000241057
8410031953893
5000393081018
5011061112170
5000168011424
5060124977010
5060124975283
5033118322233
5029697003700
5033118100169
6416741412226
5033118100145
5010511471751
5000382045281
5000382030799
5000382030812
5000382036906
5054267001183
5054267001114
8412765621697
5054267000650
5060255920466
5054267003644
5060291430837
5000393048608
5010511473816
5000431025080
5000431024878
50819546
50084470
96091722
50357475
5030104004906
5022822168060
5022822168077
5022822168053
5000393080981
5000431023338
24000100416
24000100409
24000100393
24000100348
40144924
8003340097657
5000143219210
3116740015536
3116740015642
5055256514325
96074541
5901986030010
8714786249325
50548309
5031396018961
4009900500371
87317688
5011061129154
5000201499011
7613035184428
4000417028006
4000417214003
8714786244528
8714786244610
5021778005429
34000001637
5010478707016
5010102119062
5000382043706
5000168010403
5020379065214
5000108101437
5054267004276
5010438006463
5010743630025
5010743630018
5035139217697
5035139217918
5060358090257
5060358090035
5060358090004
5000143380187
5012035928544
5099286009260
5000431025448
5060077785748
7622210407559
96119341
5031390113556
8713878011154
5000143210057
5000168001203
7622210626028
5031390113587
5900951260506
5060255920459
5060466510418
8723400774747
7613035419537
5054267000834
7622210396952
42306719
5012035928209
5035230101222
5000143387100
5900951259975
80909194
5029053561004
8720400416295
96135785
5000143952919
5000143956221
8712561369299
5054267001336
5000159495127
50143856
50434022
47995900151
7613035571853
7622210410221
7622210605894
7622210410092
5000328511658
5000237113943
5000382032489
5000382032502
5000382032540
5050375062948
5011566017406
5060253220063
5000393080868
5741000134573
8000500247150
5000159495141
5010511475582
5010511475575
5010511475599
5010511475605
7622210627957
7622210497031
7613035681026
7622210432087
5010775185708
5010478954236
7622210286550
5000159487849
5012035943516
5012035943462
7622210446091
70177085315
70177247836
70177241643
70177067793
70177248499
8711000348178
8000500209868
8000500209783
5011053021725
4602606003568
5010478510586
5060221241458
5011061112132
5011061166401
96082102
5010511474295
7622210464477
9044400848009
5013922046723
5060221241601
80735991
5010478811072
5012128314254
5012128370663
5012128448263
5015302730482
5013922046716
5013922046792
5013922046709
5013922046785
5013922046730
5015302745622
5012128395444
9333527001948
5012128463013
5013922010083
5012128117206
5012128018305
5012128265471
5013922061955
5013922042503
5050375054325
5012128084287
5013748001265
5010356630382
5016873000240
5000431025479
4000417260000
96120651
5000328617114
5000328616087
5000237104675
5000168179889
5000237120309
5060221245197
5000168183183
5000168180731
5022313321127
4251097403830
5060045370266
5060045370167
5010893781691
5010893781677
5010893781707
5000187130939
5010893772040
5011061142399
5010893772057
5010893772071
5010893771890
5010893771944
5010893771951
5010893771937
5010893850052
5010893850045
5010893850021
5010893793922
5010893793656
5010893793731
5010893793663
5010893793717
5010893793694
5010893793892
5010893792956
5010893792994
5010893793816
5010893873471
5020379038751
7622210629579
5010893792987
5060072990079
5010718306504
5010718306405
5010718215011
5010718306702
5000159484527
5060360501710
3329770056947
5099417010691
3329770056923
7622210630155
5017838816890
5017838811314
8001665700245
8001665700221
8001665700214
8001665703734
5010893873433
5010893879688
5010893879336
5010893879978
5010893874492
5010893873617
5010893873631
5010893874812
5010893878476
5010893878353
5010893879565
5010893879572
5010893879930
5010893873235
5010893878582
5010893879985
5010893871118
5010893878087
5010893873020
5010893876960
5010893875956
5010893879749
5010893600121
5010893600077
5010893600183
5010893874898
5010893877073
5010893870920
5010893926368
5010893874607
5010893873464
5010893871620
5060221245166
5010511475063
5010893871477
5010893871446
5010893874522
5010893873976
5010893879701
5010893701132
5030765029973
5010511473038
5010511473939
5010893073017
5020325130164
5011166052906
5011166052913
5032678002968
5032678002890
5032678002876
5010134914765
7791540127168
3159561503110
5011932008700
3430560004991
5010134914772
8420347292494
5011932011274
3430560004588
8420347020066
8723400774624
8690146619215
4003084880410
5021778006051
5012035938826
5012035941444
5060296561178
5060296561154
5060296561093
5060296561079
5060296560874
5060296560898
5012035935467
5012035935528
5010478246829
42075622
4001686519073
4001686519042
5000431025509
5014721112268
5013922046747
5413149418721
7613035440081
5900649063426
5900649063440
7613033188145
5055486002074
5060123606591
7622210644473
8711000525609
8711000519592
8711000519561
7613035481046
5010067337501
615357121690
5000208049110
5060123601787
6942938900219
7622210986719
5013922063140
5000143256147
7622210157324
5060185043105
5053990110490
5000143252231
8000070038868
8888082140706
5010115822348
5010115820870
5000435009093
5031390113570
5000143271263
5033747010402
5033747011409
5033747012406
5033747010204
5033747013601
5033747013700
5033747011508
5033747013106
5033747011300
5033747011706
5033747011003
5033747014707
5033747012109
5020379135092
5011166018780
5011166014270
5011166019305
5011166018384
5010478542518
5011166051169
8000353004207
5022977009584
5011311789053
9310006005611
4062400028400
4062400028509
4062400093507
4062400028004
5013922038032
5010093501679
5016840000242
5033747013205
5033747015407
5033747014608
5033747013304
5033747012604
5033747012000
5033747012802
5033747012215
5033747013809
5033747014806
5033747014103
5033747011102
5033747013403
5033747024027
5033747024225
5033747022030
5033747022283
90424137
5060466510470
5010437005313
5011898005843
5060466510357
8712100836169
5010026515346
34000151271
4001686504611
5011053021534
8423467009669
5011053020490
5011053021633
5011053019432
5023274045602
89948989
5000393080950
5000393080837
79252319598
5031390113549
5012128308277
5060000418774
5060000418781
5060000418767
5060000418750
5060000418743
5060000418736
5060000418729
5060000418682
5060000418903
5060000419191
5060000418910
5060000419184
5060000419009
5060000419016
5031390113648
5054267003231
5054267004863
5054267004818
50412983
5000112572124
9060000419531
5060000418996
9060000419517
9060000419548
9060000419500
9060000419524
5060000418927
5011053021664
9060000419975
5060000418859
5060000418873
5060000418897
5060000418828
5060000418811
5060000418804
5060000418798
5060000419160
5060000419177
5060000418972
5060000418989
5060000418835
5060000418880
5060442891609
5060442891579
5060442891616
50562626
72417148279
5031390110456
8710908902840
5031390113624
24000150251
4060800171429
50204977
5032227448247
5050375043299
5055028343993
5012389671103
5010338016081
5028233201952
5026418095440
5013478144836
5015552000168
5000177476047
5060045583024
5012144865921
5010102003507
5000111047661
5000328707273
5035139207254
5011061112194
5000382102762
5012583203728
8710908490873
8710908491412
5000101130939
5055028345690
5055028345638
5055028345812
5055028345737
5055028345652
5012583201960
8711700719728
8710908236143
5000143237214
5000143957020
5050375108110
5017403361022
5053249207896
5017403933120
5027785814153
5027785810971
5017403024682
5013922060071
5012128088803
5013748000664
5050375052109
5050375101333
5032759032549
5017403123033
9333527144676
5017403942825
5012629012314
5017403060116
5038673631066
5017403063834
5017403033790
5017403025801
5013478462961
5013478522368
5017403014799
5032759025848
5017403041368
5017403321460
5017403994022
5017403015352
5032759003488
5017403994640
5027785808756
5032759008100
5032759009619
5017403811046
5032759017676
5017403036616
5017403382614
5017403044222
5032759043699
5017403943099
5032759004027
5034660518679
5017403014331
5017403049890
5032759006878
5038673540597
5017403931607
5017403041702
5017403382621
5032759003983
5017403641261
5053521554014
5017403073796
5032759022199
5017403040040
5000253032716
5013478133519
5017403581208
5000253041428
5017403077039
5017403019466
5017403018100
5017403032427
5013478523235
5000253300013
5032759027651
5032759024964
5032759027675
5017403017141
5017403641032
5017403692294
5017403013846
5017403832072
5017403016793
5038673591230
5032759004294
5017403014980
5017403621058
5017403812388
5032759000005
5017403032366
5017403822455
5032759025831
5032759011148
5017403230021
5032759020935
5000111047753
5032759009060
5039306002185
5010052107911
5010478211063
7613035220065
5000232880178
4017100287275
5016873010942
5016873010935
7613035779730
5000168175072
5010052108185
5015282123762
5023586244946
5025416998982
3181730191170
5022896752103
5012008615006
5012008615204
5012008615105
5060296561314
5012583201816
50096206
96045534
4005808231232
4005808837540
96083499
8712561369534
8712561365659
8712561872270
8712561709200
8712561369503
5012583201915
5012583202455
8710908263323
4005808300259
5010612808517
5000231008986
4056800746040
5055028321526
5011597005632
7702018089949
5031413960099
4005808505999
5025404001274
5000168196442
5028763010529
5028763009479
5000328205694
5901356071025
7702018980833
4056800745982
5050375071810
8712561481663
5017764113827
5035139217994
96135624
5000143348163
5028763002210
8714789365152
8714789614076
5000347027147
3760175132087
5000209101527
5000347054303
5054563006370
5000347090943
5000347090967
5010867220126
5901867804594
5014807000052
5000112604931
5011876000686
5060337500524
5601083653104
5000159495967
7613031721955
4009900503822
5000112575088
5000382037040
5015282123021
5000177466116
5000177473022
5099873007990
5000292261115
5013967011472
80686816072
5010103800259
3014400016025
5010327405643
5011166053255
5060402900860
5016840001256
5410316949682
5410316996488
5016840201267
5011166052593
7312040260706
7312040180707
7312040060702
7312040040704
5010867801042
5028763007598
5900343003513
4620006995245
5010103939454
7311312003348
5000289927192
5000281015248
5034933543551
8410161202250
8410024710915
8501110080828
5011166051060
5000281042190
5010677160216
5011166053248
5000387906808
5016840000136
5099873007983
5013967010185
5011166052579
5410316949651
85000023822
5010677013352
80432402702
5010327407111
5000281046822
5011166052586
5016840001072
5410316949620
85000022177
5010677012218
5011166053231
5000387906792
5016840000075
5099873060711
3219820000672
5060178760002
5410316995641
5000387905399
50387236
5013922032610
3245990290407
5410316265164
5010093105006
5901041003355
5012236017580
5010103939874
5099873008157
5099873008256
5099873008164
5010103938396
5010103938402
5000382038238
5000382036210
5202795130022
5202795120054
5010103917803
5012233161217
5010314100100
5015821146726
5038673720173
5010103938389
82000765578
88320005110
7431008104002
8713600285808
5055256520388
5000382024019
5000431023277
5015282124127
5015282124004
50653478
5012035921989
5015282124097
5015282122857
5015282122383
5015282123434
8710908263279
8723400777434
5410976980018
5000159470964
9501007100508
5027785807704
5027785801900
5027785809296
5010478900998
5013922040592
5017764113841
5020379017930
96143988
8714789698953
5011417551578
5011451102644
5000237121313
5000168196428
5035230102335
3245990250203
5039303002096
5020580410803
5000101095542
8710908236174
5053990112241
5000237114476
5039303002102
4000417700001
5000143958522
4043058010443
46066600105
5015282124257
5000168194141
5000237126370
5000221508427
5013967009554
5013967009523
7431008101001
5013967002821
24000150244
50892044
5025572039741
5016978101675
5016978100173
3502110002884
5410316945905
5000281044262
5030104004944
5012461004072
8712000035884
5030104004920
5024993730466
5410316949989
5011166019732
5035766046301
7311100349801
5000382044949
5033146906009
5033146904807
5033146901905
5033146900304
5033146900601
5035766061595
5033146904401
5012461002566
5033146902308
5033146903909
5010153856305
5000213018903
5000177466130
8712561601313
5060122035200
5010775193796
5010775194366
5010775193819
5010775193802
5060328920355
5391516875288
5391516875301
5060328920379
5035766046806
5035766061397
8008863016161
5035766061175
5027342001729
5027342002559
5035766046752
5035766045960
5035766047254
59944553
5900020028341
5010029221367
7613035783546
7613035778818
5010029216332
5010029220254
5010438013201
5010029221435
5010029221916
5000108101000
5010029221879
5060288540044
5010029221817
5010029217223
8710908918124
5000168193793
5000168193830
8003899180015
5000168183381
4017100366376
3574660098723
5000204657913
5000204662160
5013478143716
5050565207586
5033601779872
5033601779858
5013922052298
5015934266601
5033601778226
5033601778189
5015302720032
5000111047678
5055028346963
5010084903864
8004260413794
7322540092950
5010035063036
5000168165356
72417153044
5000168192895
5000168192871
5000168193960
4017100206115
72417158346
5000168175539
5000168196541
5010035064569
4015400668985
4015400776574
4015400666745
4015400680284
4015400776543
7322540675634
5055028346949
7322540674200
7322540490268
5050375014701
5022896752431
5050375014671
5050375036758
5050375011380
5050375041219
5050375041134
5050375050518
5000204658187
5000204660159
5000204658064
5050375011489
5050375086333
5050375114654
5053249202983
5050375114685
5050375036994
5050373024665
5050375036093
8695122001503
5011597005618
7613033760778
3587925241680
5060463480226
5060463480349
3587925251207
6293621030738
5060463480011
5060463480318
5060463480042
5060463480394
6293621030691
5060463480059
5060463480134
5060463480110
5060463480257
9333527108012
5050375002241
5050375002272
5050375002234
5050375002227
5013478113542
5050375107601
8718114642871
8711600352889
3587925219139
5060463480097
5060463480073
5055028346253
5055028346277
5000101132889
5000101131653
5000347092176
5000347056208
5027785811923
5038673720616
5000204852790
5050375125605
4060800168030
5035139218014
5010438008283
5000382041047
5060402902918
5060402900822
5060402902895
5410438037830
7613035571099
5410438037793
5000382039396
5000382039365
5054267004603
898999000022
4060800171948
7640157150420
5060337501637
5760466976350
5060337501606
5000382038962
5000382024279
5035139217987
5000382100751
5000382101574
5000382100836
5000382100737
3159560700077
5000177479314
5032619240039
5000177479277
24000150213
31200467317
5000382102748
5000382039518
5000382029700
5054267002111
5010438013980
5010437005351
5000112608113
5000177482581
5449000106704
3502110004192
3502110002686
3415587128929
5011898005744
4000177012673
50112425
5410438037755
4000177015964
5410438037779
5410438037731
5000177466550
5010102118898
5010438008436
5000382040507
898999000503
5000382043720
5010438003622
5000382032526
5035139217925
5900500018176
5900500018183
5900500023651
4008005440650
5000157076809
4044551014235
5942093003818
3274434101504
8410406611007
4008005440742
4044551015584
89819405152
6002323012597
3274434101498
5010186016042
3477602582765
5012128087370
5015302747121
70330512061
5026619790571
5012128082849
5016873009458
5016873009441
5000143148107
5000143218053
5031390113631
5010437000677
5010438008313
5010102118836
8712561369398
4902505156359
4902505156342
5060253220650
5000143315165
5000143290141
609132557156
72417161544
7613034259301
7622210512673
5000159498258
3574661218069
5000159498210
8410076491015
5055028347137
8710908062100
5000143535105
5051594001930
5000378999703
5000378998218
5000328508238
5010373055403
5010373055304
5010373032077
5010373019771
5010478533912
5010373008096
5010373004999
5010373055380
5010373055335
5010373055359
3477602582741
3477602582734
3477602582796
3477602582789
3477602582758
8003969005750
5060296561116
5011932011281
5000237121290
9325040001314
7790975001906
9311789000817
5942093003801
8410396480805
4044551015560
5000112575057
5000382038542
5000382101468
5000382038566
5000112575071
4060800108609
9310297651894
9311789475974
5000328150017
5010102004023
5000112618518
5010186013416
5010134910095
9311218110667
9311218110162
6002323413530
5012427075009
4069600016084
5010186015502
89819404889
3263286342609
7804320430683
8003969005699
4008005440674
8410384901268
3263286355906
7622210808516
4008005440605
5010134914758
4008005440629
4008005440612
8410406811001
5010186013843
4002569000886
5011166051732
89819404872
3274434103430
3489420000024
4008005440636
8410384901275
8410113003089
8411423522307
96135648
5060479991112
4008005440643
5035230101246
5033298010654
5000157071620
5000143538052
8888056604067
5060391621999
5013748001142
8410023026536
8412176100200
8412176040438
7804320630892
3536650501002
9415305236053
8410023026512
6002323400530
5010052108581
4044551014211
7804320559001
6002323300533
3262151001757
3477602583007
3477602583014
3120581375438
3477602582710
3477602582727
5015282124165
8003969005651
8003969005798
5024472112103
4008005440681
9310297646173
4008005440728
5942093003788
9311218116386
4044551022810
4044551015577
5010485630178
5010115827138
9325040021671
9325040001338
5015302204792
5012144812598
8712000037321
7613035504943
5015282123540
5015282124264
5060078183543
5035766641605
5010038448656
8005890006769
8005890007704
8005890006035
8005890006349
5060078183628
5060078183567
5012427075108
7613034283139
5019494001702
5900951259951
5013478116727
7613034582454
5000143267037
5010238011100
5010238015641
5010238015689
5010238015665
5022008000054
8595607200936
8595607200912
5010485630048
5000116111114
9311789285641
5010485630031
5010485630017
5010485630109
5010746002683
5010746002447
5010746002409
5013578157491
5013578157538
5010485630024
5010485630062
5010485630055
5000116110544
5010485630079
5010485630130
5013143151145
5060184080040
5026418094535
5050375101302
4008429083358
5013478110480
5013478557902
5013478557896
5013478119919
5039164200808
5033298002239
8699237890595
5013478119957
5013478558015
8699237890557
5033118200135
5020333019222
5013478138279
5013478558022
8699237890618
8699237890564
5033298007487
9811040970076
5012145000284
6416741412240
5033298002024
5033298005490
5020333002545
5020333000701
5013478119063
5013478119056
5013478119117
5013478118974
5013478119032
5013478119070
5039164601612
5015302102975
5015302100704
5015302102272
5015302901615
5015302103538
5015302100773
5025572065146
5015302901974
5015302102364
5015302104818
5015302103675
5015302901738
5015302100056
5025572088640
5015302101206
5025572075695
5015302102296
5025572990066
3086123242524
5015302103767
5050375040410
5050375040397
5020379139953
5000143932430
3086126691862
5060077785694
5013249320834
4015400967149
8710908299452
5000186641115
5000185113187
5000185113217
5000185113200
8710908351051
8712561908535
8710908350771
8710908350696
8712561908689
51141234823
5000354204289
5000382044437
5000325046757
5413149125940
5010287471252
5000146048466
5050375125698
5050375125636
5050375106406
5050375118430
5050375107120
5050375125728
5053249000213
5050375114869
5000325046726
5010287345164
5011309300918
5011417563847
5011417563854
4015400989349
4084500737808
5022822162907
5036200121240
5000431028814
5012128446467
3073781073522
5011597005571
5050375011939
5026180086066
5036200121820
5000325038530
50185276
5010326057843
5010232991460
5010232980181
5010232991484
8712561937696
5011417554982
5410076807291
5019373196796
5011597008275
5050375117358
5050375129801
8717163283042
5013085000037
5032227443044
5000204771626
5000204894165
5000204771718
50204649
5055028347281
4084500453159
8712561260374
8712561260077
5055028341586
5000204604351
4084500655355
4084500655072
8001090076335
8717644147672
5060002361559
5063249302880
9311043048715
5011417561997
5011417536322
5055028343733
8712561600026
5060150688539
5055028348455
8712561077569
5011417564646
5000204625219
5055028344006
5000185110551
5000185110537
5000204852769
5011417561737
8001480022553
5055028350953
5055028343931
5011417565889
3501170824153
5013922040196
5000394018136
5000177457428
34000109197
5000143155259
5000143256178
5000393048721
5054267002425
8712100864940
8712100888274
8712100877353
8710908918001
8712100873560
8000920470008
8000300313895
5002208012705
5012035947286
5012035947187
5012035947316
7613035477742
7613035457621
7613035477872
7613035458154
8712100836275
7613035477803
7613035477513
8716900559280
5900852925412
5900852925313
5012035946982
8591119002952
5900852925443
5900852925085
5900852928925
5900852925405
5900852925061
5900852925269
5000378999147
5000378999222
5900852925238
8591119001856
5900852925351
5900852925160
5900852925436
5000157074669
5055037001167
5000382101321
5020379054423
6111259870048
5010103923309
5011417549056
5000185101542
5055028350946
5020042001211
5020042001310
5055028343177
5055028343139
5055028343153
5020379046527
5020379046510
5020379046503
5050375108028
5050375108059
5011597005762
5011597091246
5011597091260
5000185112296
5000185112289
5000146051800
5000185112319
8710908935862
4040600010616
5050375047563
5037809007850
40406619
5026180058346
5038673231044
5060187177983
5013748063058
5020042003154
5013478134301
5024996704402
5022313335117
5024996704532
5022254049753
5024996052541
5024996052534
5024996052145
5024996050035
5024996704792
5024996152906
5022822134867
5022822194236
5017403029472
5022822124509
5024996052022
5099556020414
5022822154223
5010373035726
5010373035269
5010373035207
5010373008089
5027785805335
5050375107663
5010372015804
5010373037300
5010373053102
5010373020203
5010373021644
5010373888148
5010373057148
5010373040591
5010373035979
5000143353013
7622210255372
5016873020002
7613035560819
7622210378774
8710908261589
5011941029017
5054267003323
5060335631220
4002359001710
8710908965159
7622210255396
7613034968340
7622210989246
7613034964649
5010052107898
5033298007852
5020379101134
5015302204273
5020379084079
5018811001616
5015302448363
5010102118447
5016346510016
5010891011851
7622210438812
5060078183574
5060078183598
5060078183659
5010186113178
5010186113161
5010186113192
5010186113154
5010186112294
5060078183697
5012035948078
5020379095259
5000143913323
5410976393016
5410976379010
5410976456018
5012389671097
5410976397014
5410976633013
5055037002485
5055037001150
5027785804390
51141233260
5011524003267
5011941462012
5011941611083
5011524003205
5000166075220
5000166146715
5012035948047
5000166146784
5011524003243
5011524003229
5000166075213
4043696610647
5000157062819
5060391620848
8691484167000
5011524003021
5011524003069
5011524003007
5011524003106
5012144812581
5063249302903
7613032717605
5027952014331
7613033020810
7613035603684
7613034008039
7613034008756
7613034007209
5011792000432
5011941027037
5011941029031
5013919001674
7613033684142
7613035605930
7613033197888
5010394001373
5011394518014
5000161031368
5013919002404
5013919002398
8410650218786
7613034648327
8410650218823
8410650218809
5053990112234
8004260496933
5010511471478
5013922046822
5000143397130
5011295026151
5000143294033
5000431021389
5031390113600
50251162
5031390113594
8003340097145
5000393081049
7613035412248
5010478117716
5016346115976
5000328897271
5000382022435
5000382022350
5000382024255
5031390113655
8410650218847
5015302204402
7613035419513
7613035420052
3700260211969
7613034550484
3700260213710
7613034916679
7613034916662
5012144400108
5012144400207
5012144400405
5012144400306
5012144812574
5012144812567
8410302121211
7613035550001
7613032266707
7613034916136
5998749108536
7613032946722
50562343
7613032948009
7613031330744
5060391622019
5027863606373
5050375078291
5029053531250
5029053531281
4015400621966
5029053563732
3263280105248
3263280105262
5018970008068
5018970007948
3263286350604
9300727045515
9300727550002
9300727548115
5010134912198
5010134912204
5410316928236
5010103928205
5010103994064
5410316928229
5410316928243
85000017494
5010186019166
85000017517
5010186019159
5010186019210
5011792001347
7622210736420
9414024518754
5013922030791
3065890132856
5011932012325
5011941525496
5060078184113
5011941526509
5011792000210
5011941532562
5000166075251
5000166147279
5011792000593
5011792000609
3065890116016
7613033998812
7613033999253
7613033998867
7613035583085
5998749120286
5012144003118
5012144004245
5012144004207
5027863606618
5010397001684
7613035218932
5900951251597
5012144898035
5391527070177
7613035294233
5050375065994
5024418354321
5015302203542
5050375113909
5015302203252
5015302203498
5050375108141
5015302203771
8410076491008
8410076491022
8410076490995
5000354404207
5000354201530
5010338016630
5010084903871
5000254019495
96120927
8410076490971
8410076490988
8002210127524
8001060024496
5010186019173
5010186019203
8002210127500
4002359007156
5000159498234
5410673728845
5410673728876
5027876243770
3423620071118
5020379092111
3423620070104
84878980008
3258433100003
3029440000347
84878680007
3016570006844
5010017083151
3016570002549
5010153763627
5011309059311
5000157076793
5000185111251
5000185111268
7613035232143
5000295074262
5000295093423
5000295074255
5000295067349
5021827120202
5035970100141
5031390110500
5010065095007
5000399004493
5027785800576
79252100110
5012128263644
5013922056302
3134375234603
5033996005464
5010305051060
79252317389
5012236017689
5000301031517
5013922010625
5016873015145
5016064071417
5013922060118
5010052108161
4987205933844
3574661042725
4987205941894
5013922060880
5013922054575
4026700434804
5012128434532
5024418777403
3086121601613
5012128359965
5021827095586
5013922056401
5013922010007
5013922011417
5016873014995
5012128123443
5016873015039
5050933354089
5012128369889
5012035938192
5011566034304
5011566017604
5050375056466
5011566031600
5011566029485
5060253221701
5011566024640
5011566023711
5011566025500
5010397001226
5018206984258
5012128413681
5021827110814
5013922076683
5060253220292
5013922046754
6060842765042
5011566035097
5011566008770
5011566035141
5015302747053
5013922060798
5016873018283
5015302747039
5013922061948
5055114338094
8435333808719
3800155378804
5012128462009
8412497806348
5060470251499
5060471560538
3800155355478
3800155376794
5060471560521
8412497867349
8691484169004
8691484168007
8691484170000
72417162985
4009445022062
5031383020885
4009445022024
5021827096736
5021827112122
5039306005872
5021827095265
5031383020489
4009445022109
5021827096729
5027785811466
5907806525001
5039306115182
5031383020786
5031383021080
4009445022086
5027785810490
5000295012691
5038673720449
5031390113839
5060402902758
5027785806967
4006381333641
5027785805632
79252314302
40267760
3501170818473
5060470251222
5060471560590
8412497834747
8412497473908
5060332300334
5021827120271
5033326005010
5021827121445
5021827122367
3487400010025
5010034522602
5027876722190
5020580071066
8024267010024
11210006508
5023751105669
8888056603961
5000184161189
5000184161172
5000354405143
6003770007099
5010511474653
96135518
5021827113013
5060041764045
5060116330199
5060041765523
72417162978
72417162992
5035139213606
5039362000439
5741000149164
5037202911068
5037202911310
5037202911303
5020379116701
5000143536034
5013922032825
5039362000071
5035139213590
4002971775105
4002971775600
5039306001935
5021827122633
5021827105940
5012845172809
5012845172830
5391516870481
5011348018119
5011348008530
6001108036636
5011348015194
5011348008479
5017595003717
5012686082022
5012686081605
5012686082046
5010397001820
5010549302348
5012686001009
5060328920126
5060321436860
8004260481137
5028635000634
7312040014057
5010017109561
5022822174948
5012845172847
5030341510000
5031390113532
5000431024663
8712100488863
5000112616255
5000112616262
3057640240423
3057640476648
5029053561158
5053990112258
3057640226168
5000143577167
5011061112217
5060045050458
5015282123038
5054267003668
4060800171054
42268444
4009900507509
4009900508131
5000382042044
8712100726026
5000143374117
4000417704009
5010511470433
5021778005412
5026418057202
5060221243254
5010511470457
7313461840300
4014400921731
8723400778363
5000159493635
5000159491495
5000159492652
5000159491419
5012035946678
5012035946746
5000159491600
7622210623461
8723400770473
4009900504713
4014400908947
4014400916676
4014400918953
8723400770497
7613035557048
8593893752894
7613035556829
96033579
9044400231009
5031396019364
96105870
5055256522887
8712100889233
4009900484800
5000382029724
24000150268
24000150275
5000382042020
5000382038252
8002270706523
8002270156526
5031390113679
4009900483513
5000143276190
5410438037816
5050375055131
5013922067025
5050375055155
5012128267260
8409730005040
5031383100242
5013478110244
11179502882
5013478110213
5013478110282
5050375117327
5013478110077
5033298003168
5013478110060
5013478110084
5033298003205
5024418932529
5011566030689
5011566024626
5011566017703
5013922063157
5013922063119
5033849239626
5012128579004
5013922051048
5013922051215
9333527000163
5013922010144
5012128263699
5012128089435
5012128443718
5033601777250
5033601991526
5012128410802
5033601725640
5012128443602
5013922060804
5013922063423
5016873012779
3086126100746
5013922060552
5026619810019
4009900497503
5013478151186
5013478150745
5022822162815
5022822159853
3838952015011
5022822158832
5052337001217
5022822174931
5022822158818
5022822179806
5022822179790
5013249320810
5022822180130
5022822162761
5027863606380
5023139300709
5027863606366
5023139307418
5010075001104
5000362604606
8697520000041
5023751202078
5011289000037
8698740270474
8002210129368
3076820026350
3076820026060
8002210129382
5010338023386
5029106002195
5010626020172
5000309007743
5015821145262
5015821145224
5015821145309
5015821146344
5015821145064
5015821145002
5000157076038
5000158101272
5000382101185
5012616291760
5000477583155
5029788170717
5000477894084
53996671
5052197026160
644536247616
644536246817
644536246213
716165203162
5012128460074
5013922086682
5015302143466
8001585008230
5013922088051
5013922086743
5053844155639
8001585001309
8001585001323
4902580103033
4902580103040
4902580103019
8425849102814
8001841279817
8425849104672
5010238019649
8425849104795
716165171768
5010262700803
5000143297287
5060201363217
5000382034940
5031390113846
5031390113792
5060336504486
5010046018131
5000232901149
5000232902412
5000157076816
5060336504509
5000157076373
5027876859117
5027876856840
5000232886361
5013635112050
5013635606306
37600104029
5707196133684
8697520000072
5011273040254
5060391622088
5038673630540
5060391622163
5060391622125
5060391622101
5000232900906
5060391620824
5060391620473
5060391620459
5000108517504
5000112575064
5027876044803
24000150305
24000150282
24000150299
5000232880130
5000232880116
5000232880239
5000232880192
5000232880215
50126866
8691484640008
8691484485005
5060002100134
5060002100158
5060082937712
3134375317085
5054014658707
25383393
5015282123663
5015282123656
5015282124035
3245997222210
5021827096965
5038673231068
5010397001189
5053834563420
5031390113822
4000417702005
5011061166227
5060078183635
5013922040707
5016873015046
652655000364
652655000104
5037448021811
700461775263
5017840004049
52600112751
2198103314174
5027952012306
5012035941581
96193327
7622210450111
5021827095272
4014400912746
5000143911213
7622210635334
5038562990038
5035766061557
5013478136862
5013478150738
8412497867905
5013922039855
5060078183703
50226252
5000431009905
7622210406460
50548347
3501170673003
5010397000724
5000143212167
5053990112265
5053990112227
5053990111510
5053990116010
5060078183581
5053990010547
5053990112272
5053990111503
5053990107360
5031390113525
5000393026309
72417161568
7622210644435
3086129999736
5011566024008
5030619003005
5014807000106
8711700734714
8711700734776
8711700734745
5022996000036
5010511475087
7613035735804
5060221245852
5000328636023
5000328635316
5000328635408
5000328635743
5000328635231
5000328635903
5060077785724
5000382043744
5000159493680
8013399179600
5000143572056
4000177173527
869545123854
5000159493291
54034495
5034933807424
5000143276008
5000143933239
5900852925184
5900852925115
5000157074676
5900852925153
5000157068996
4015000211383
4015000211413
5014697051301
5014697026903
5014697026866
5410076498024
8718114561660
4084500663534
5055028310797
5055028347175
5055028347052
5055028347090
5055028347076
5055028347113
5010153840038
5010052108901
77975084809
745092012295
5000159486972
5015282124349
5410076498642
5011792002719
5000157142191
5000328712864
5060442891456
5000328712000
5021202548522
5023274045718
4017100198458
5000143323115
5000143923117
3415581131222
5410076229468
7622210989505
5000116111121
5017974001174
5017974001075
5010891010496
5000281046853
613008739119
5014749113865
8410076471215
8008440122216
5035766060444
5016325832795
5060043670764
8004260428330
8003319719184
8003319020044
8003319024219
5000226060944
5014721139265
5000159489010
5000143207149
5011166004707
5905927007574
5011579451082
3049197110557
5060255920008
5031390113686
5016064004422
5026418093651
5000393165770
5060077785960
8712100877070
5031390113853
5011061110404
5000143377262
5017764114480
5000431014695
5000347029462
5021557000263
5000432013765
5063249302927
8710908893490
7622210636782
5000143553253
5410438037854
5000112616286
5000431028845
5060466510593
87308303
8906002659241
5029788171875
84198778
5010052108543
5015302740818
5017403056539
5060221240499
5010176400103
5010176400110
5010176400127
5000168196480
5000168196466
5000168196527
5000168196503
5017764113803
5000295093430
5000328707006
4084500960077
4084500960190
4084500950078
4084500950016
5011417565254
4084500299191
4084500951846
7613033455537
5000328711560
5031390113716
5000112615470
5060077786219
7622210304377
5000382102168
5010029219920
5010438019173
5053827146524
5000237091692
3800020439906
5012035928476
7613035583108
5000431025653
5000101132124
7622210643438
72417162176
5000431027756
5000431025868
7622210626219
5032608060839
5050565189073
5060077786196
5000394038189
5000143229271
5053307016811
40144900
5011566024909
5000393015259
5000143297126
8720400434176
5031390113730
96135587
5000433013269
5412514932053
5000143923216
5000143571189
5013922030739
5012128446719
5000205041087
5013922030883
5410316945431
5013922038025
5000431026445
7622210828569
96135570
5010134001328
5010087623929
5013635312146
5011157992853
5050375040311
5020580268701
5016805007330
5020580410155
5060151180766
5060151180780
5027952012344
5027733000799
46214731774
46214930207
5027733000690
5000382102182
5000143931624
96135686
5000143157024
5060077786202
5000232894618
5000328706726
7613035779693
5021778005511
5010052108154
8991389136034
5010511475988
5060078183642
5000112622164
5010511471836
5010511471812
5010511471829
5000112606386
5060078183741
5010397002841
5010305050728
5000143158199
8710908657559
5000143920529
5000143289152
5011417567371
5019547001093
5027952005964
5019547001123
5000143390193
5000143133103
7613035196155
7613035738539
7613035736047
5031390113747
5000143271270
7622210635105
8992741970488
5011581007505
5029053562513
3501170811238
5010024126049
5010397000762
5010397000687
5010397000663
5010397000786
5000143918823
7613034158284
7622210442062
6713197656014
740617173741
7622210654175
8723400778936
7614500210017
7614500010013
5031413915785
5031413925081
5010024131180
5016096127717
5013922056333
5033747022047
4001686521113
5010102117044
5000328746715
5011053021862
5000328742960
5000328746807
5000143372151
96141649
5021827095296
5000328712789
7622210131850
8712100844539
5060077786189
7613033021046
5060273420245
3052910048242
5053827160230
5010893873037
5060221248105
5010893781684
5060072990017
5010893879411
5060478480167
5060478480181
5010153860111
5060193931074
5060193931302
5060193931456
5060193930688
5010893072980
5010893860402
5060045370181
5000328493787
5000328701165
5000328701080
5000328744032
5000328748641
5000328748801
5000328749006
5000328748993
5000328617466
5000328616247
5010893701101
5010478460140
5010893873419
5010893879183
5010893879527
5010893879404
5010893879503
5010893878803
5010893600374
5010893879541
5010893879558
5060061214360
5060035404131
5060035404773
5060035404230
5010893879534
5020411123124
5000328745251
5031383010275
5060152090149
7622210629555
5000314013999
7622210677891
8710908976148
7613034976574
5026418093668
5000189273573
5030765028594
3057640316098
4060800168054
5000108279426
5053827169929
5053990107308
5000187154447
5000159484480
5000159461412
5000159455343
7622210629531
7622210629562
5000159454100
5000314013975
5010511473694
4060800168153
5010893073000
5053990118793
5010893320449
5010893320432
5000157074560
5000157074577
5000157074584
5010893131083
5060273420214
5000208069897
5000393028853
5060077786936
5000143921939
8010471004584
9310415014860
3535921020006
5060152092013
5060152091931
5021827096200
5021827096293
5036229000113
752190753333
5050375049673
5021202548478
5030765028617
8710908976162
5060442891586
5010693603148
5016451768111
5010893072997
3800020432099
7622210400772
5060442891135
5756111601029
5033601714170
5060442891623
5010893072973
96144008
5010677900072
5000387907119
7622210287991
8004260157438
5000328703688
5000242112559
7622210296450
5000143927016
96135815
5060077786561
5060077786905
5060442892064
5060442891784
5060442891807
5060442891791
5060442891906
5060442891913
5060442891920
5060442892101
5060442891876
5060442891890
5060442892095
5060442891883
5060442891982
5060442891968
5060442892125
5060442891975
5013922060262
5021827095289
5060172541683
5060442892392
5060442891678
5054267006096
8001585008193
5060442892088
5060442891845
3057640470363
5015282124462
5033747022054
5010065000087
5060041765172
5060041765226
5060041765264
5010893701125
5054267004795
5000382033677
7622210419408
5054267004665
5060210850142
5060210800178
5060210802202
5060210800185
5060210801229
5060210800161
5060210850159
5060210800130
5060210800086
5060210800109
5060210850050
5060210850036
5060210801014
5060210850029
5033921114629
8002053035901
6001660004623
3500610095139
7791540091889
5000143935226
96135594
5000143929423
5000143951318
5032678003866
5000328747002
9123810002
5000316000331
5000316000249
5000316000256
5010893401995
4008577080360
4008577088236
5010893402145
5000116111473
5000205037776
5010893264415
9414024390442
5010893264385
5010893264941
5010893264910
5010893264965
5010893264927
5010893264934
5010893264958
5000232894472
5000232885210
5054267003385
5054267003378
3049197800106
7613031418985
4025500179076
4025500175733
3023290456330
5000295144422
3228020481167
5000281032733
5033921171127
5033921201121
5060210850579
5060210850289
5060210801250
5060210801243
5060210801236
5060210800093
5060210800123
8712092035953
8712092035946
5060239922363
8712100848858
5000237121214
7613033590764
5011348015170
8410076800718
5010549306605
5010549305318
5011348011615
5010893870913
5010549306063
5010549306896
5000116111145
5010893402282
5010893872788
5000221602606
5000177478737
5010511473052
7622210654236
8714100273920
5033601778127
8699237890601
5016873020255
5016873016579
5016873016548
5015302747145
5013922061856
5013922060347
5015302745387
5016873014964
5013922051208
5016873020118
5012128314230
5050375003231
5000101152672
5000101100468
8714789762876
7613035219328
7613035219441
7613035219502
7622210625243
7622210467003
5010035062190
5010035062183
5000318107731
7622210443144
7622210443083
7622210445346
5010029222197
5010029219500
58449450795
5010035064835
5029053039183
5029053561370
7322540432664
4015400731627
4015400731535
5010134001045
5013922060279
5012128432156
5000237123478
5000237123553
5017764112813
5017764113988
5000328713571
5016451768128
5000328744629
5000328743165
5000328743080
5000328742298
5000431028234
5000143955934
8720400435012
5000143332070
5010893264408
5033849034634
5010893264392
5010893264422
5016873017293
5012128268212
5012128454905
5103922031086
5025688512879
8695122001817
5013922056371
5000168199511
50413805
5010511475889
7622210396501
4602606011648
5000168199757
8001090029775
5013478110466
8001090039194
5021812002742
5000168199719
5010159895148
5010159895155
5029053550022
4015400697497
4015400598947
4005900250964
5029053039435
4015600903145
5010038049402
5035766046523
5010017109462
5035766047179
5035766047247
5035766046998
5035766047001
5035766045021
5000431027985
5000143921533
647166466259
5000281035215
5410316442558
5000157141170
5410316991476
7622210702012
3245990001218
3219820000207
4901777275652
3219820003703
5000267115245
5099873003701
5060045583659
88004005764
5060045584304
85246342978
5410246161109
80244009984
82000765585
5011333150824
5099873025871
8713047220028
3269550254913
5000267134710
5099873055533
5060044480638
5010509800914
5010509800204
5010496001790
5010496001769
5010327524566
5010327524580
5011417559420
3219942130103
4067700010841
5010509070119
5000431028357
5016978000596
7610263030022
5060045585912
5060007260000
87229191054
87229191078
5000299226001
5000299211243
3024480004522
5055807400411
87000000131
5099357003715
5010509800938
8000040500012
5010106113127
5016978102290
5016978102313
736040508564
3049197200777
5000158067233
5000299101100
5000299603017
8904011604887
5010509880428
5060045582669
5060045584311
5011026108163
5060045586209
5000281033143
4904230100683
5010314301699
5000281005423
5010019637666
5010739261523
5000281005409
5029704217366
5011995000444
5000267102573
5010509880756
5000281014074
5010509800730
5010509800945
5010509060028
3219947030231
5033566034009
5010314017408
5000299225004
5000299611104
5010509021067
5010019640161
5010314048907
5010314302795
5010327405520
3245996411707
8000440113478
5012145000017
3024480001781
5011007024000
5060215333688
5018066104018
8005713352646
3252560600047
5000281014098
8411144100198
700461050247
5060069050014
5060069050120
8005829230265
854745000104
8410023023719
8005829232337
5060442890800
5060292550008
5010493025775
8411144100402
8411144100068
5055807400435
5055807400312
5055807402750
5055807400374
5099357002305
5010496002902
4016500512406
5010496080818
5011007008482
5202795150037
5010496004432
9001700000612
75496637009
3182361009919
894108001225
75496331969
5024576006001
8715151050782
8715151090788
766094010058
3182361009216
7594003622275
8715151080703
9501007803508
891522002029
5011995000802
5900685000188
8023179000567
4750021002168
4603019001622
5060069050021
8697530200103
4603928000976
5902573004490
5900471025616
5902573006043
5902573007293
5902573005381
4820139240247
8005829230388
8005829230333
3304020003391
1094922417342
8000440113089
1094922417373
5011166054009
5060323760000
8697459001287
711274821665
5902573004278
5901041003461
7350012080037
813497005010
4603400001026
7312040217014
7350012080020
4750021000799
5901041003560
9005870020159
4750021000218
5060190840058
5060121440005
5032482007401
5000393028792
5901041003256
5000112623536
50413799
50413782
5054267003651
5000382045632
5000112623529
3068320063003
5000382100942
5017810110121
5017810110183
5017810110848
5017810110862
5017810110749
5017810110282
5017810110381
5017810114327
5017810116307
5017810110442
5017810110466
5017810110480
5017810110503
5017810110886
5017810110060
5017810110084
5017810114020
5017810114044
5017810114280
5017810114303
5013922060156
4015600902339
4015600902360
5010511476848
5000143953626
5010893871408
5010893264590
5010893264545
5010893264583
5010893265023
5010893264606
5010893265009
5010893265054
5010893264989
5010893265030
5010893265047
5010893264972
5010893265016
5000143928914
7622210619754
96108819
96108802
7613035219250
8001090197672
5000382042532
5000382042693
5000382042457
710145943406
7804320642277
8410036803346
5034660521525
5034660521518
5024576300024
5000177482079
5031390113778
5011397000981
5011397011345
5011397008284
5011397009083
5033601708414
5033601648819
5033601708162
5033601708438
5033601705215
5033601648727
5033601708209
5033601708476
5033601648789
5013922046761
5053249212821
5015302747008
9333527083173
5012128308284
5013206040119
5033601779964
5012128319310
5022254020110
5022254020141
5021827096125
5033601779988
5033601778141
5026619410158
5033601778103
5050375000766
5021827096149
5050373016707
5060345202434
5022896251088
3780879003506
5060077786998
5000143932812
5000431027930
5060425280192
5060425280550
5060425280543
5060425280185
5060057902332
5022313751047
5022313751122
5022313864778
5038862340106
5022313374611
5000431026933
5000431027022
5038862320108
5012876336683
5038862360104
5010663811603
5038862382106
5022313751399
5024263000046
5010893730507
5010893730392
5010893772149
5010893772156
5036589200178
5014067153819
5036589204121
5014067153833
5055257867406
5000382101345
5010893073024
8723400778912
5000328795133
5000328464985
5397005909076
5060061270038
8410087147680
8410087147673
700461775287
700461775270
5027733000683
5035970100059
5020325130379
5060147779165
5020325130560
5020325130072
5000143915525
96135693
5016873015121
5010035050883
9002490200381
7613035925663
5000157065186
5000157025746
5000237121375
5033601665427
5012128267666
5033601665403
5012213341271
5010511470808
5010478884519
5010478468917
5010511475445
5000159491471
5000159491396
4009900504805
5000159491587
5000161027415
5000382103554
5000382043607
5000382022336
5010035064859
72417161575
5010029220315
5010029220339
5050083706813
8714789861739
5000157067845
8001090197917
8712566133987
8712566134144
5410076245734
5000232823267
615357122611
5000175412665
5000354404467
5010103938068
8006220001898
5010035067058
5010262702272
5010718309017
5029053034171
5000289928762
7613035603622
7613035603639
8410136001659
5010266253541
5000328707518
4000417012005
5016840001263
5012035950354
5012035949853
9311218003051
5410316949422
5410316949460
7610900138906
5000242111606
5010893879008
5000178109685
4025500191719
5060185519051
5060185511369
5060185519594
5060185518399
5015282124455
5060045370488
5000353199234
8712100880261
5010069709788
5000187104657
5000116102785
5000116110490
6000480128144
5900437005386
5014201510027
5000143956429
7622210199737
4000417298003
4000417026002
4000417222008
42306863
8710908976124
5000157075574
5010102118867
5060402902253
7622210654311
5012136011480
5000328667850
5000328668307
5000328667775
5010038441305
7622210158789
5010035002486
5000208020447
5010893130833
5010893240440
5010893240426
5010893240457
5010893240433
5000143225259
5023751105645
5000232884077
5010017109776
8410302105518
9311218112654
8888056708512
5000431029132
5010487994995
5053827171472
8053013233400
8053013234285
5449000214522
4060800172976
5017764701567
50457250
7613035415140
7613035418103
5000112615456
7613035557062
5000159503853
5000159503716
5010478910577
8021437429204
5035766047698
5391516930833
5010038457252
7311100416701
8712000050092
5016325848642
5016325848550
5023139262618
5000289928984
5010549005966
5000143914535
5000431027053
5060077786967
5000143282276
3023290114360
3023290220689
5010893793700
5000159501422
5010893793915
5010893792932
5010893793939
5010893792925
5010893793755
5010893793748
5010893793670
5000431028036
8024324004812
5038862630078
4003751015442
4003751015435
5010893771852
5060496970008
8004665008021
8004665008038
5060360500980
54051294
54051256
4002971506204
4002971506105
5020379149112
4060800173317
5000393028884
5010238017072
3415581165128
8714100289969
8714100290408
8714100289983
5000116102631
5000178110940
5000178110964
5060223050010
5060402903878
5060402903816
5060402903830
5010718857044
5010893600060
5000181030341
5024263001203
8006805960015
5000289927680
5010134914086
5900877000293
7322540432725
7322540432992
5410076708994
5410076709052
4060800172945
5000237123010
5000237123034
5010102119901
5449000080233
4000177158210
5060107330276
4084500965300
5053827170222
5060123050530
5012686016980
5010549306926
5024583000061
5018119944400
5016878000245
5000159489614
5000159489782
4009900500395
7622210986665
5023274000069
5010358090269
5060078184540
8410384020051
7613035778764
50201464
6900100110293
5000143104288
5000168193779
5060335634726
5017838810164
5010893879596
5010893879602
5010153863075
5010153862986
4084500797789
8010471004393
8010471002658
5060152091955
8712100870279
5000112626056
5901359044996
5054267006348
5054267006300
5054267006331
5054267006454
5054267006409
5000232848888
5000232836052
50339044
5030756000448
5030756000431
5010893820772
5014115001130
5010893871088
5000178108718
7622210701992
5060061216586
5060061216883
5020851000160
5060021949363
4060800173010
5053990106165
5053990106202
4060800172860
4060800134899
5010438007767
4060800173294
8002270146503
5000177487913
5000112602968
4060800172952
4060800172556
4060800172969
7613035420687
7613034335210
4009900517720
5000177486046
5010035063807
4009900514248
5000159501446
5000159503877
5000159503242
5000159503228
7613035561472
5010478681477
8714100263112
5012035946623
5010478354692
5000328462622
5000328681443
5010102118300
5010102107403
5000328175973
8410076900135
5000168196947
5000101138331
5000101081323
7613035750739
5053827169981
7613035750364
5010893060475
50354191
50354214
50457656
5010893060482
5011308550277
5010893031239
5011157500003
5050665025660
5011308001977
5011308610032
5011308000505
4002359004711
5010102107618
5000157064950
5000157065032
5010893272328
5010893272335
8013399115905
5010478782167
5010893042471
5010893042402
5010893042662
501089501089304
5010893042488
5000232919991
5000232919892
5010893042341
5013922092935
5035230102397
5000143922813
5010029214338
5000382036333
5000382036371
5449000080257
80052487
5010228077857
5010084309673
8714100387054
5000116112135
5010238017058
8712100837975
5038512000169
5035251000184
5010893752943
5010893753292
5010893871101
5000181030303
5010153861927
5000143928112
5016840101086
5031390113938
4009900514378
4009900514347
7622210499844
5010775195295
7622210635570
5035766184591
5035766061960
5010893874232
8712000038175
5000177487340
613008730758
613008739027
96135617
96135631
5000382102144
5000112626032
8018075042285
5031390113914
8712100869822
5000143924329
8000353000407
5010035062220
5016840101277
5000328745503
5000328706139
4000503856506
5035766047704
5035766047728
5013919001667
5010394986052
5013919001759
5010893191001
5010893191018
5000232828774
5012427359000
5012427359109
8710908891274
8712561737142
5010035061339
5000221602941
5000221602934
5000221602958
5000221601906
5000221601883
5032118000486
5018562015405
5060041765325
5060041765042
4005097326282
5060239922349
4010352033508
5010236155493
5010236001226
5000187107917
5010893731214
5010893731207
5010893753254
5020379100496
5020961011681
5020379101271
3329770056688
4025500174934
8012901003815
5017838819211
7622210307422
5010893771883
5010893771869
5060201362036
5060201362029
5060201363224
5060201363231
5410146406980
5010893770275
5010893771876
8012901003808
5000246726110
4251097403984
5081304329825
5000242111613
5081304329597
5012035905088
5000328589350
5000328588056
5000433025507
5010102119963
5000168185835
5022977009591
5000382035978
5000382029403
5060152093423
700220210240
700220210325
8593893751743
5000382103516
5031390114232
5010092750214
7613035873001
5010893878513
5000178109203
5000178109265
5011069172169
5011069172145
5010069707265
5010893600367
5010893878605
5020379067850
5010487006162
5016346270699
5010718301448
5000295148468
5054267006355
96135679
5000143914634
96135716
5000143957419
96135808
5000382101932
5000181030365
5060054134040
5410438037939
5410438037953
5410438037946
5000181024012
5060317320708
5060317320845
5010893701217
5010893701194
5010893701200
5021932031103
7622210737458
5060072990871
4251097405278
4251097405339
4251097405841
8714100093375
5060337503730
5711953047275
5711953023972
5760466920537
4025500212711
5000295148932
5060041764618
5060041764700
5060041764090
8411814110144
4260519760178
5050668003276
5060041765318
5060041765301
5010893042457
72417147906
5060123600100
5055486000148
72417147890
5031390113921
5000143922516
5000143927931
5000143956535
5010103940740
5016840101130
5054267006546
4067700017611
6001048004856
5000193114732
5449000055873
615357122628
7622210288226
5000159504300
7613035412262
4009900474634
5017764113292
5017764113209
5010893760313
4003455340147
4003455003240
4003455340185
4003455004001
4003455340109
4003455001857
4003455003226
5201041015519
5201041015526
5024071210224
5000143938036
5000143930337
96135709
5035766061434
5031383010398
5033849028046
5011563624485
5012145013215
7393714505040
5054267006317
5054267004788
5000112624298
5000382102472
5000382102014
5060113915245
5060337507851
5000382103332
5060113916389
5000382103370
5010893264866
5060113916402
5010438001178
5000143934427
5010052109441
5010893264897
5010893830375
5010893830405
5000101083587
3760119350027
3263280113861
5010893871262
5020379084192
5010893871026
8410076430151
8410076430168
8410076430175
7622210658708
7622210650924
5010893022770
5010893023081
5010893022862
5010893022763
5010034514300
72417129360
72417140617
5018605003161
5000232895370
8711000363850
8711000363799
5010338206635
5010105000749
5019989101801
8711000519653
5000157077325
8711000519622
5010026513281
5010026513274
5000177480556
5020379153720
7322540592641
3800204430118
5010893264880
5010893264873
5000112624441
5000382103530
5000177480570
5010893031000
5010893042358
5010893042518
5010893042389
5000168199672
5010893042440
5410126006049
5010282010623
634158534508
5060030540834
5032118000516
5032118000523
5032118000394
560079912067
5060030547666
5016778466615
5016778466608
5060079919530
5060030540810
5060337507806
8712000050016
5016346510801
5022313333458
5060402903915
5060402903892
5060402903793
5060402903854
5000177486688
8850585992144
5000246725977
5029617000871
5060044530197
5010893710059
5010893771296
5060119530817
5060119530831
5099823002914
5099823002907
5010893810094
5010893810087
5010893810070
5036644004734
5012121002905
5036034001992
5024263040400
5060077787056
96135655
7804320625812
8712000039950
834554006795
5053827170017
50413980
5053307027381
3065890134447
5027876245118
5016096127847
5016096127762
5010511474929
5000328768342
5000193020712
5740900815407
5010893740094
5022313579115
8712000039349
5099556021534
4029679995727
5010893264811
5010893731047
50193363
5012144003149
5010893190905
5010893190929
5010893190820
5013919002015
5060221241847
5010238017010
8712100844065
8714789498591
8712100841194
5050375051331
5031390113877
5032439100179
5000159500920
5000159504393
5000159491334
5010024126018
5000433025538
5056079900043
5056079900036
5012035950835
7622210683137
7622210621603
3415587401022
5000178111015
5000178110766
5010893820789
5010893600398
5010893700432
5010893700449
5000431026964
723830000094
3179732348913
8000300357486
5050668003252
5060041765288
8412954020638
4043696610630
4043696630423
8712092035977
5060041765691
5060041765660
8712092035960
5060041765684
5060041765677
5015568001012
5020379143912
5099556020193
5099556018312
5099556018336
6411200034209
5018811000206
5018811001500
5099556021091
5060201363262
3228023910107
5017838820118
4025500183738
4002971508208
5060041765622
5060041765608
5060041765615
5060053601086
5010893878926
5010893871514
5010893793823
5021827096323
5010084902645
5060442891128
5060442892118
5060442892170
4005800044427
59944546
5027785805618
5000143926620
5050565202208
5060442891692
5010102119987
34000440887
8024431008239
8024431008703
5010038458686
5010893871828
5010893700425
5010893700463
5010893700418
5010893878216
5010893600466
5060402901256
5010893772170
5060061214384
5031390113891
5000227203692
5010893401469
5010893402541
5010236156278
5000112626100
5000112626117
5010102119826
5010437021627
5000177487258
5010102119840
5010102119925
4060800172983
5054267006577
5449000227867
5000177487876
5060358090028
5054267006539
5000431028432
5054267006584
5054267006126
5056079900098
5000328707198
5012035950781
5010511476831
5010238017140
5010238016877
7622210748041
5035766047537
5028235005794
5011166051589
8714100534427
8714100389430
8712100891908
8002477179458
8003625091479
898999777771
5010228002989
5053827169899
7613035419056
7613035285675
5000221601890
5000168178073
5011157900032
72417148996
50157914
5000159506007
7613034872579
7622210989192
7622210989277
7613031505050
5449000120984
5449000121042
5017838810140
5060122038058
5000208010158
7322540295269
5029053019635
5029053562544
5014379002850
5035766381402
5000112626049
5010893879268
4009900476812
5010893871095
5010893879817
5020851000122
5010893878896
5010893878889
5020851000146
5020851000405
5020851000382
2083801610003
5060072990444
5000187121357
5000187146237
4060800173270
4009900379564
5038862333566
5035230100010
898999000305
898999000206
5038862231398
5410316950688
5010893700371
5000166149730
8410136002984
5000226516908
5060442891593
4009900504768
5000159314572
4009900460163
5000328705187
5000328705699
3800020432686
5020379036641
5410316951340
5060442892132
5060442890787
5060442891487
5060442891043
5060442890831
5060442891005
5060442891081
5060442891166
3574661264844
5000187113109
5000187150401
5010092736416
5010893402527
4006229008458
5010893873457
5010893879770
5010893878995
5010893401933
5010893401940
5010893402534
5010893401452
5010238017201
5010238017164
5010893402596
8712100834523
5024263012018
5010438001338
5010438014536
5741000149188
8002270906541
4028491401089
5038562000669
5038562000690
5010092705115
54051133
5060041765943
5908310285054
5908310285061
5901356000384
5000157076434
7613035603615
7613035603608
5099556009181
5010893840763
5010893700395
5010893700388
5060141104277
5038512000145
5901067403740
5901067403764
5901067403757
4060800173300
5410316950664
5010478225657
5900394006204
5900394006181
5010033840318
5573063198878
5449000037039
5011166004684
5010052109588
4060800166302
5449000086822
5000112624229
5056079900029
5056079900081
3057640117268
5012583204640
5012583201977
5012583201984
5000101158575
5000101158490
8712561593335
8712561625142
5014697026941
5014697026927
5013965951664
8001110019120
5011007018931
5011007018955
5410316951388
3415587407024
5060078183727
7393714516206
8410722212506
85000025239
85000014448
5000159501460
5000159501484
7610900020089
7610900042562
7622210419866
4015600949310
72417170751
8714100684962
8712100844928
5012583204657
8001090298331
5000328594194
5000159505673
5060108450010
5000177488071
5000168190846
5000168188102
5000168188089
5017764129989
8412765875113
5000168201214
5000314013258
5000314013265
5015282124288
5060251410008
5000208050987
5099823001870
5907029000040
5907029002150
5060223050003
5022313599670
8712100845062
3415581533156
5000382029465
5060033166574
5021813132547
5060033164181
5054267006560
5010743890078
5010743400130
5000289929462
5035766047865
5035766047513
5000177479291
5054267006393
5908238606382
5000177487449
2083801508003
5000168194417
5010511475469
4001686579084
80776918
8000500260272
8000500260289
8000500221488
5060466510210
8714100693087
8001665700191
5000246726103
5000246725960
5000246726080
7610900087006
5711953065682
3023290453926
5099556021183
5000373702322
8718114650197
5099556021169
5010893879664
5000136083750
576046697632920
84155634
5022313734576
5010743400222
5031390114027
5010102119956
5010893263173
5054267005884
5054267006461
5054267006478
5054267006447
5035766184683
5449000221544
8001090666765
5060078183970
5050565289186
7613035757127
5000159503631
5011273044719
5011053020032
5000281050034
5410316951418
5024263000633
5000328747187
5010052109885
5010052109625
5010052109601
5010102119697
5010102119680
5010102119895
5000143954739
5000281048369
5060078183994
5060078183956
5000435011072
5000328716022
5000382103493
5054267006553
90424984
5000382101994
7622210724731
7622210712356
7622210724137
96135662
5031390114003
5010893877004
5050375094130
5390380057868
5027785813309
5012128442148
4026700407556
5031383060188
5050837998013
5013748046730
5060082720628
5033298008057
5013206047538
5033601778004
617126143315
5013206047507
617126142318
5055116589111
5000403110417
6416741412318
5013478114747
5053990138678
5010438008245
4060800172624
7613035751071
7622210307590
5060058317241
5000116111190
5010893402312
5010228001852
5010262703033
5000181024029
5010893871804
5010893876977
5010893600268
7613036051163
5024071250039
5038862136174
8712561698603
5035766044062
8714100965108
5010038002360
5407785807445
5020333021294
5021827109719
5050668012438
5050668012452
4009900511599
7622210453785
7622210752406
7613036149679
4009900506601
80960270
5000382105961
5035766047285
5053990138746
5053990138753
5053990138685
5053990138661
5053990138722
5000328540610
5000328514024
5000328540290
5000328806181
5000328745091
5000328541082
5010893190790
100501089319080
5010893190806
5014379003475
5010035060356
5000168201801
5000168201788
5010438003127
5000168192956
5000168192970
7622210496645
5010478602373
87333060
24000195252
5011826273009
5011566017758
5013922059266
5011566035127
5015302740665
5013922063102
5013922063164
5011566035103
5011566035080
5011566035011
5011566035042
5011566035028
5011566035073
5011566035035
5013922050034
5038673720821
5027785810667
5027785810087
5033849020743
5055319559966
41594264782
5013922061429
5011566018052
5013922011592
5027785814122
50168750
13051495985
5021947185013
13051674694
5033601677963
5023769438261
5016064004330
5410438036482
8710908649974
5391501301075
5391501300023
5391501300016
5017558212989
4028491402468
5010893830467
5050360001594
7622300421601
5010043000016
5000221508076
9310415013719
5060442890961
5000328753058
5010822111018
5010822111025
5000168123691
5000168115337
5000168184142
5010084902621
8723400778844
4251097405308
5060442891173
5022240007637
8712561225984
5000328737454
8413178123068
8723400778554
5010103995603
4044551056877
5022313789002
5010822990408
8710908182082
5099530005604
5021684004417
5010102119819
96114421
96045527
5756111601012
5020379122443
5000159505987
5000289928960
5054267006362
5010893891581
5000354200229
5017840005213
5035766042990
7622210726070
5028763007772
5028763007796
5054563007865
5050375129740
5028763011120
5035139217611
5010893891604
5060442891210
5022822162792
5000328804170
5000159505659
5000116112128
5030765030924
13051674717
11179256563
11179284542
13051557201
5000112627343
5060466510500
617126141113
8714100684764
5000382128106
4023103192379
5054267006379
8717163264713
5000159498944
5033747012307
716165173663
4060800172822
4060800172877
5010893891598
5000382045670
5000382022411
5099556021503
5000187130922
5000112626377
5035766047827
5022822162822
5054267006324
5000237117583
5060442891203
5012035950040
5012035950149
5000382101369
5012035950132
5010478351448
7613036068093
5000328799407
5010893022251
5000295150256
5038862233842
5031390113952
5010893153382
5054267006416
5000159491310
7640157150123
5020851000184
5010893153283
5035766641674
5449000047229
5010511472420
5060442891869
5060442890985
5060442891180
5018089505656
5035766043652
5035766047841
5060442890794
4060800173003
5000159021692
4251097405360
8888077101200
7613036068116
5010092730315
5020379122474
5010893891628
5060402903779
5010478412545
5010893042495
5011417559635
5010282656906
5010282011231
8888077101125
8888077101101
8888077102658
5060291430011
7622210702029
46214220209
5000112616279
5449000057877
5031532021855
5054267006386
5449000228116
5012035909376
5011061112163
5015282124110
5035766047193
5000196000551
5010893830429
5010893891611
5024530005316
5051873019885
5010893760337
5038862620079
5000187145117
5411188083108
5060442891449
5010893154105
5010718289012
4026700428759
5022235001169
4060800173263
5053827173070
5045096242458
5011069168919
7622210397836
5000159499903
5000159499859
5000159499958
5010893875994
8723400778974
5000237123058
7613036010580
7613036051200
7613036008440
5000166070263
84196859
5054267004771
7622210983251
5010893701279
3023290101773
5010893200864
5015552555132
5000354907463
5000354907456
5010893191131
4015400689331
5010102113442
5012035905057
4002652001912
3384121163170
5053990137817
5000237117446
5060337509893
5060337509954
5060337509923
5000187156731
5021827000269
4060800172884
5026619390207
5010478231207
5391516875684
5900014004047
5010153840014
5035766061984
5032678001961
5032678000490
5060442891708
5000382036012
5022463424013
5010438030208
5060442890930
5010549007175
8714100371169
5010102118102
5000382102205
7622210654274
4025500202743
9311220087216
5010102118119
5018089506332
5029053565842
9325040002403
5012136011701
5012136011893
5010549005898
5011295102435
5025744393060
5035766046820
5027876245156
8712000039912
5035766047407
8714800020909
5032678003835
3057640474743
5000168001432
5060442892026
5060442893283
5060442891289
5010038457702
4000177012529
5900562115332
5060151180872
5010893871064
5902267005420
46000283234
5060016800822
5010511476992
50892020
4060800172891
7622210505354
72417148262
7622210644800
5010893875550
5000168193076
5017375034610
5000116112081
5000227508261
5010153869169
5000166061674
5010017109660
5000328955803
5000116112067
5000153002376
5000153002390
5099823002822
5000382101444
5033747022344
5010893370321
5010893877813
7622210984579
5010103925013
5010893731238
5099556020971
5449000104885
5000242110692
4005097400623
5000328955995
5017375034641
5054267005105
5031390113990
5033747025161
9312088004742
5029053566153
5029053566221
5449000121134
4026700412550
5012035950606
5012035946371
5010029222913
5031396040467
5026418050388
5011053021893
5000353359508
5410358452492
5053827170093
7613036050203
5055037002706
5022235003071
4009900506557
5017595003618
5053827171885
8004260463713
5000382100850
5000295147980
5038862107501
5010893752950
5010893973256
5900951266799
5016873007959
5011308953009
5010102120013
5410316949477
5900397737693
5035139218236
5017375034603
5010893793687
5060442890947
5000316000492
5000316000461
5000431027664
5000316000485
7613035430259
5010084903918
5056036500828
5013635364107
5027974007878
5000232901538
5000157076588
5012427048508
5012427042100
5060442891364
5060442893276
5010153869176
613008730734
85000026205
5000112624939
5022822162778
4015400776512
5053827170253
5017375034627
4009900521406
823586000031
5060425281182
5027785804604
8712100728136
5022822175785
8411814110151
8410722221751
5053827171915
5010893153238
46141545
4017100798009
5000166151061
50237746
50237753
5000116111169
9312088004179
5018970006606
5060184081313
5012427334304
5010478364714
5022822162785
8410793262837
5000328955643
5010478695146
5010893700456
5760466995870
4010198023329
5000187156724
5060023979740
4060800172785
5000168202310
5031390114188
5060292302706
7622210700070
5053990138739
4005097400937
5060187501092
5010438008290
5000205044514
5000196000650
5741000149201
5000143987034
5000237125151
5022313598291
8053013232151
4015400755609
4015400755456
5000382100645
613008730772
613008739058
7322540528718
7322540093117
5060283760041
8713906060000
5010092737413
5060151180865
5060151180889
7613036177771
5900020030351
8711000519530
50243204
5000328699707
5015302207366
5015027123446
5033747022061
5060442891388
5000237123935
5056103400358
5054267000711
5060185518009
5060185518511
671325
5060123601961
7613036001748
70177093402
5000208043828
7613035988637
7613035988613
5000153006381
5000208093557
5000208091140
5000168192123
5000168193090
7622300555962
5017840005299
5017840005206
5017840005237
5017840005190
5010035061414
5035139218212
5010893793540
5010893972860
5022374033885
5010893792949
5010893875895
5012035950347
9421901182038
5099556019227
5010718409519
5099556016721
5012035950231
5010478648548
4005097400630
5010893760344
5410358452515
8001585008179
5017622110753
5012035922818
5012035950736
50294510
5035766184768
5038794000031
5038794001823
5029053566184
5020379122412
5000382029489
5055116589159
5060442891944
5010893370369
5010893370338
50892037
5017840006012
4060800172808
96074534
5000237125137
5060082720635
5010437021641
5010893793786
5010893878681
5010893781561
5060084342231
5034231001388
5060321432664
5000187154485
5026646000438
5060442890923
3329770054783
5000316000522
5901696000013
96132449
5017353505637
8411514802608
3329770056954
5010102119833
7613035816046
5022374019353
7613035738119
5017838814865
4008429098291
5053307028890
7613036080699
5201360521210
5000143947236
5035766046509
5025820003807
5900300514502
5000168198354
5000168198392
5900084229395
5900084229548
5701263908908
5701263908892
7622210708588
7622210708632
5010017109875
5032722303072
7613036160452
7613035429840
5060317320883
5010438015045
5011053021879
50226122
5038673631134
5055256525444
5010134915618
5020379033619
724120071244
5054267001756
5014379000924
5000159504492
8700216929325
5025820004057
5016096123795
5000177485988
5035230100065
5020379117012
5000281047089
5010658316144
5902746640883
5010677804561
5902738882147
5016840100270
5019996017171
5031390113808
24000150022
5056086506665
5055256527080
5900685006197
5056079900005
5020379115971
5000166151122
5000177487272
7622210736314
4010198023336
8714100076408
5020379053495
5020379106658
5010102120020
8714100248416
5013919001711
5035766184782
7613034648273
5020379106412
8713354092356
5010511475971
5020379130448
8001090197887
72417170744
85000012031
85000011867
7622210654212
5015282123748
5020379130905
5022822162877
5035139218250
7622210736482
89948903
5410316945493
5410316950718
5060045586223
5013668395123
5019996017195
5741000132869
5010103997652
5000157140210
5037612620017
644536246015
5000112628890
5019996017218
5000281047270
9311043067372
5000112624946
5029053566191
5011187113198
7622210997272
5000159506045
4015400666714
5012035950682
5031396021329
5711953050169
5013922060057
5010134914437
85000012048
5015282123717
5015282123724
5015282123588
7622210258748
34000248087
3800020418642
5000159504706
4009900506625
5025820003937
85000024584
5010394002530
5015302901677
5053827171786
5020379129886
5020379129923
8850006330449
5010153856206
3859893185014
3859893185007
5060101630006
7622210711922
5410316951364
7613036051149
5000168033891
5038862333313
4000177015957
5020379123976
8691484343008
5010438015113
5031413944952
5000112623512
5449000080264
5029788600207
5000431028296
5000159504546
5011053021855
5022822159822
5022822158825
5022822174535
5022822163041
5449000127273
7613035440104
5900649063488
5017403014607
96135761
5000435011348
5020379106474
5010102117143
5020379056595
5054267001770
5903082205569
5027863606922
4009900514934
9325040021213
3176780029085
5027876302026
5010358035741
5000328705002
5019494001689
5020379129800
5020379122566
644536247319
40358802
5053827173209
5000171052469
5011157993393
5000204957327
5017764113865
5020379056557
5015282124479
5025509001995
724120071954
5020379121590
5060321432930
7622210258755
5000168199474
5054267006850
5022822163799
5020379106450
5020379128346
5054267001749
5000159503914
5031396030628
72417161469
5015302453558
5054073002473
5000387907324
5011308002202
5053990138647
5053307032019
8018190088519
5029053566160
5031390114218
5053990138630
5015282124509
5023800000327
615357122635
5000382101383
8410136007927
5000143925838
5000159504744
5020379128605
5000208084951
8000070010321
5029788160664
5010236157497
5010024126032
5020379130929
5020379130967
240003070208
5010663807484
5000208005659
70177067731
70177247140
50785315
5019494001726
5053827171694
5900951268151
8593893752917
5060128850289
5011885002190
5029788158968
5050668005362
5000112628937
5029788176269
5060174650000
5000112628975
5000328990668
7610113001073
42331988
7613035910515
5020379131841
5027876245453
5020379133401
5020379133074
5016765102601
40144276
7622210180445
5020379130868
8719214520595
5901559950608
5020379129961
5011166018162
5000112631579
5017375033903
5025572998390
7613036051088
9300727019967
5055028350977
7622210832955
4060800174628
5000112630381
5020379135603
5011166019275
5000112631555
8714100095812
5000159510042
5037809007843
4603400001439
5010102119758
5000112631548
5000159492539
5010438016172
5000354907920
5035766184836
5000112631562
5017375033866
5000328174242
5020133270076
5013922059273
4029811342792
5010314305901
5020379073837
8001090704764
5014379005134
4060800174314
5031396043161
5901359412214
8901725132903
8714100684191
4008429098321
5000112631210
3800031826221
5000112630640
5010485600072
5031390113860
5010075008240
4060800170408
5016614822803
7622300335533
9002490238179
5000112630848
7610211032603
5010067321036
8711000363942
5000136082739
7613036071512
5011273047130
7612100061558
5027876101766
5027876861134
5020379096676
5020379097215
5020379097178
5020379097253
5020379096652
5020379097239
50172351
5011273047116
5000354905704
5000354905711
5020379124720
4000503856704
7613036114721
34000240456
5027952011200
5020379095952
5020379095914
5020379096119
3017800170038
3017800203309
3017800200810
3017800038017
3017800195000
5027876856741
5027876856529
5054073002756
5027876079652
5027876079638
5020379096133
5020379096997
8714100395905
5031390114225
5020379106436
5026035775558
5022822162990
8002210129405
8698740270498
5025820003951
5000362010209
5010034514201
66613143107
66613013103
5000171052421
66613020101
5000171052438
8714100396186
8714100396339
5053827171755
5020379111164
5060517885366
8714100396421
5029788158838
5029788161197
8713354092363
8714100719190
5018893786111
5010338400828
5000354155017
5060336505360
8001060008397
5029788158876
8001060031524
5025820003999
5025820003968
5029788182789
5053827171656
7622210989383
5000382101529
8013399115899
5015282122901
5060321436846
96144015
85000017500
5020379128087
5020379128100
54034686
5027952012771
7622210489876
5010478751286
7613035980501
8888056605606
5000354908200
5000354908217
5020379131674
5760466976282
5056079900012
5020379121576
5020379130349
5020379037839
3574660098709
7622210614742
8010719004604
5027952011187
5000431026261
7622210736086
8712100871061
5011597090508
5055028347663
5015282124233
5010153855445
5027785810964
5020379056618
5012035952112
5020379095976
5020379096058
5031390114201
5053990137794
5053990138623
5000354905452
5020379131889
5900951271540
5020379036566
5020379056656
5035230102380
5020379131926
5000166151184
5020961010806
5020379119047
5010397005019
5020379130882
5016765102618
7613036332712
5000112629118
5020379130844
5060154910018
5037809006921
5000159508018
5410076807239
8410100099095
5000159481724
5000185114078
7622210987884
5060201620440
5038527001977
5060442891340
8710908491405
8710908491429
5000237125601
5035230100621
5054267001763
752046490351
5011044000609
5000168200866
5031390113983
5013922046808
5000159504478
5020379122535
5000101220043
5037809007836
5013919001704
5000168199733
25010038045091
5000382038627
5060066941636
5000213020302
5027952011873
5000101219726
5000101219894
5055028346239
8714100086193
5055028352315
5055028352322
4084500663565
5000101219979
3574661276496
5000159505697
724120071268
5056086506634
4001311120575
7613035816282
5011061112125
8001090065988
5053990138609
5053990138616
5053990138593
5053990137787
5053990140220
5053990107384
5020379123464
5020379123501
5020379123488
7622210233004
4251097405544
4251097405513
4251097405483
5028763009455
5001100123410
5014697026842
5027876831908
8714100076743
7613036051101
5020379123082
5020379123105
5020379123143
5020379123129
5020379123228
5020379123181
5020379123242
5411188110842
5411188112549
7312040322572
7312040322503
5025416030040
5025416030163
5025416030705
5015282124332
5055028349087
5055028349100
5060328920171
5010102117136
5011566025203
8445291861817
5010102119130
5010511475360
8712100870712
9300770065720
8412176010431
5018089505403
5027876013366
5020379116992
5010029222890
5000108517412
5010029222876
5020379110396
5020379096034
5020379096010
5020379096072
5905927000148
8714100076620
5060391622606
5020379128209
24000150381
24000150367
24000150404
5000232899484
5000232899545
5000232899453
5020379096737
5020379050975
5020379082952
5020379127400
7613036122009
7613036291880
72417161438
5010775189928
5016346510269
5000328990828
5000328990071
5000227510424
5060178720600
5000328990583
5000112630794
5010485600065
5000382104957
5020379129503
5000328991023
5000159510745
5010663807361
5027876013380
5027876013342
5010663807323
5020379137560
5010663809860
5060077786158
5060077787285
5060077787278
5060077787261
5000159461122
5000347056062
4005900296504
5012583204800
8712561880152
5060255920077
5020379132978
5024993730947
5013922010106
5053249203003
5055028346987
5015282122246
5020379124683
35000382042006
7613036051545
5029053566207
5017375023478
5020379056571
5055566901969
5055257877009
5055257877016
5055566901945
5055566901983
7038513893003
7038516501400
8710908393556
4056800746019
5010186013423
8410525229732
5016840100133
5000165377837
5027876855614
5015282122697
5015282123571
5014234085066
3329770056930
8714100760512
5028763004276
3014230505072
5031413953114
5010612808838
5033118100091
5017403012849
5020379129541
4015400697824
5024993730923
8714100279014
8712566384877
3263286325893
5010103926560
5028267007452
5010699528155
5000431027138
5000431027282
5000431028326
8714100076576
5000112630633
3065890132894
5037809006334
5010228003726
5000112630527
5035230101543
8001090581822
5000237124956
5010238017942
4060800170415
87108019
5020379135580
5020379134965
5011166052128
5037809006310
4009900514323
5031532020803
5010038457375
5035766048275
5037007043865
3800020423578
5029788183540
5060592002818
5060201620631
5000168197975
5010228003665
5000112630534
5032759040858
50412815
5000237126912
5031390114522
46214230208
50613182
5032678005044
5024263000107
5020379128360
5202003349338
7613036298490
5000382104971
8001090197818
5054073046132
5050668005348
5000186732011
5010511477111
5037809006303
5011792001521
7622210818515
4060800171467
5060296561390
8710447302491
7622210818454
5010437021702
4000177019597
5905927000155
5901359074184
5011792001378
8004260256704
8004260256605
5020379136341
5016840101659
5010438015564
5010102241039
8004260256711
5029053566214
5010663815908
5000237126943
5017375034504
5030008002251
5017375034542
8001090705631
5000382105466
5000112628708
5901359074559
5010663815762
4603400002368
5022822122802
5010035067010
5017375034528
5000328990156
5037809006327
5000382105350
5000328168616
4060800174444
5000159504645
4009900525695
4017100902192
5449000257970
5000382105480
4017100901577
5000281054537
49000067729
5099873009116
5901356000599
3800205875666
3800205875635
3800205875642
3800205877127
3800205875659
3800205875697
3800205872771
3800205875710
3800205875680
5410316962247
813497005171
5037809006372
5000382106074
34000446940
4002359010774
5060466517806
7622210953261
5027952013761
5060078184076
8710908746819
5000159490573
8002270617232
50189434
5017403097815
5035139218533
5060442891463
5012035954352
5031390114911
5000237128992
5012035950453
5020379135368
5031390114058
5020379100168
5033601779889
5024079001114
5020379094795
5011166055549
5020379122290
5011187113594
5000353059194
5000112581713
8410035800902
8410013999000
8004800002709
9322214009480
8410013999024
8712561490764
5010998993098
5202003349659
5202003349239
5000237114001
5000328800073
5060380230065
5022822162983
5022313121338
8410065100157
3185370498125
852165006089
96141632
5014234085073
5000178112777
5060128850128
5020379133449
5022822162976
5055713301093
5060066941612
5011792001439
5020379116824
5000112628876
5010699528056
5016840100089
5029788183779
7622210757777
34000196067
96135600
5000159501514
5050375038066
5020379129947
5035230100645
7613036050227
5010358189789
5000143916218
5000435011164
5030619000318
50189267
5015302100988
4000177018101
8714786146570
5900562159916
5031390114096
5060191160186
5060101170168
5060191160568
7622210797032
5060191160322
5027952012559
5020379132572
5060358090479
5000166151221
5020379132558
5000237126936
5010238017805
5900699101871
5052197030075
5054073046125
8710908746802
5060442892385
7613036099400
5000143925616
5000382035756
7393714367952
5000289929486
8423759057699
8901725136215
4060800174307
5010029222470
8000920461143
8001585008056
4060800174321
4060800170385
5023997026308
8018075041684
5054267000162
615357123281
5901359074610
5000118047794
5000213021774
8001090197740
5020379110358
5029053566146
5017764125714
5020379128407
5029788176238
5011417568545
5020379139229
5017375033873
5000159504522
5056079900197
5000177491422
8001090591623
5017375034511
5000112631197
5060592002849
4060800174635
6000420727222
5000382105336
5000112629064
5031390114461
5012035957933
5010102240872
5010035067065
5000112630770
5015154012637
5000382104995
42353454
5010029221268
5011013933457
5020325130133
5000143926217
5000112640229
5010102116122
5016873016555
4009900522120
49000014266
5037809005924
5017403382522
8001090671608
5035766062660
5000159516532
8001090742803
4084500378650
5012035956257
5035766185000
8001585001330
5901356000575
5060402905827
96139431
7312040551668
716165179191
5060442891852
5012035955694
5029788187586
8006890329797
5020379129527
7622210496621
5060442891302
5010029223392
5010102241756
5000168206349
5027952013723
90446092
4060800303844
5050375107632
5000382127222
5000328207278
5410438041912
5027952012214
5000227511148
5000112629002
4603400002054
5035230102366
7622210654199
5000112629026
5000208035076
5010511476756
5010511476688
5000112628722
4060800172587
5000237124932
7622210711847
5000328744704
5000168199795
5060027173311
5023139250110
5000267168784
5060479996117
7613036033480
5010511477128
5032759020324
5031390113761
5060283761918
4009445022048
5000159504669
1281192
5000382105312
4060800171443
4000177019603
5027952013228
5000185114085
5011792001361
34000003341
84196705
4060800174345
5012035952440
5900951272967
5000177486022
5000382105534
5060517885304
4060800174079
4060800174352
5014379005370
42353713
4021700800796
5037809008444
5000208058952
8712561937610
4060800302144
5037809006396
5060358091018
5020379036368
8711327320086
4060800302151
7622210589941
5060201623854
4060800302267
5000328142593
5949040201044
5000237128688
5000382107231
57024295
5000382107491
4060800302120
5010478214545
5037809008772
5011417563069
5020379078009
5010102241763
5039164201249
5013478114754
5039164201263
8699237890588
8699237890571
5013478114761
5055116594788
8001841027661
8001841027609
5020379135689
8001841027579
8001090760234
5010103943420
5000237130469
5017403043508
50414734
7610113001042
5019312089271
5037809006341
8708610003474
5060178720013
5010485600010
5000227511117
5391520443145
5038673411835
5029053567204
5000325010802
7613036068079
5017403145004
50414628
5202003349345
5000112628883
7613035815926
5000112581683
5055256527400
5011061114013
5000382038580
8714786255197
5027876245071
5000112628906
5020379135078
5410316982474
5060321436822
3245997599312
8888296038530
5017600022184
5017600012178
5017403381020
5000354909283
5010228003603
5017600030295
5017600020418
5020379110969
5020379122504
5017600010099
5000112628739
5000431027237
5012035953225
5017600010211
5055028347649
4603400002030
5035230100652
5020379124607
96135730
34000102556
8004260246453
5035766382027
5010093501730
5012128459429
5000328989761
5016346510252
5000185110056
5060082728419
5060297460272
5020379124669
5011157993768
8410035800919
5000112628982
7622210722232
5010029222678
4009900517348
5060517883034
7613036033466
7613035196179
5013922011172
5024263000091
5000112630398
5027981001449
5000227502344
8901725101442
8901725132873
8901725132934
5000112628746
5010102116115
4060800174611
5000112629101
4000177019610
5410316949439
5000237124970
4060800171498
5020379111140
5000112629132
5000112629057
5031390114430
5000237126929
5060191280310
5000112630817
5060191280334
5020379130981
50412808
5000328991375
5391516874182
5449000084163
5020379131902
8714100389119
5015154012514
8593893760691
7622210818492
5010437021726
5010153870134
7613036349215
5000328991535
5000177491408
8410764013369
4010198023671
4060800174680
90433863
4060800174499
4060800174291
42307174
7622210818461
5015027123439
5410316950381
8714100389942
5050375053304
5050375048553
31200468932
4060800174086
5037809008475
5027981002538
5010092736614
5017764125677
90433122
5060128850319
5012389672476
8996001600313
5012035952174
5031390113693
5900951274299
5010663815687
5017764125691
5020379057202
4060800174109
5000168206448
5010438016325
5000177491446
5011424500453
5000237127971
4025500236366
4025500236328
7613035939981
7622210654243
5060336507265
5035139213651
5010102240421
5031390114799
5010029223385
72417172823
8004260256629
5000237127988
5410316962438
5000112640212
5000101213076
5031390114249
5015154012521
5010478878914
7613036288330
5010437021689
5000112628760
5020379134804
5060221206860
5010394002516
7613035550025
5020379121774
5017353500809
5020379121750
5020379121798
5020379121811
5020379121835
5020379121859
5037809006297
7613033156748
5020379121651
5020379121699
5020379121675
5020379121736
5020379121712
9003579005767
3065890134461
5020379122238
5011566035134
5020379053235
5020379133098
96141687
5014807000090
5020379124621
5998749109113
4008429098345
3073781026276
5000166151108
5000166151085
5011792001415
5012144003101
5020379131711
5055256527585
85000025307
7622210666765
7613034939425
5037809007102
5037809007867
5020379137225
5391516875851
5060201620433
8018190084986
7613035901711
25000112581713
5029053566641
5000112631180
5000112631586
5017375033910
5037241262381
40052410
870861000682
5010438016165
5020379123068
5000112631593
8004260246446
57023335
5055203804080
5037809006358
5060191280303
5000253114931
5000328989846
5410438040441
5024472111984
5000382104094
96135723
5010663815281
5010663815267
5010663815243
5010663815625
5060191281553
5035766062776
5000382104872
5031390114263
5900951267024
7622210757814
8724900503189
8003440988398
5050083545191
5000382105114
5000328368870
5000328909004
4000522006760
5029788168103
5011166055556
7613036187824
5000382104834
5060442892033
5000159481755
5099873010051
5013922080000
5055028347298
5020379138659
5012389672124
5010029222753
5020379131865
5031390113976
5020379138772
5017375033859
4060800171481
8001090705693
5024993730985
5020379138758
7613035511019
5000281050058
90433870
5060123602067
5010044002378
5010186017087
5020379122382
5011166018445
5011166014294
5901559146001
5000387907270
3068320080000
5000387907294
5060302253714
8000270010671
5000328977270
85000015896
5029053566429
5029053566382
5029053566375
8004260490788
5900852925139
72417170737
5202003349222
5015154012651
5012035953362
5032759029327
5010062992002
5000232869296
5060517885427
5010358189802
5027255078160
5011417563137
5010663815748
7613035510128
5020379138734
5000159511599
5010102240865
5010102240858
8005011002854
7622210818485
5000168208688
5017764125752
5012035956547
96135969
5010035066471
5031390114881
820140030145
5011187113136
5029788600733
5000159516556
5000112640335
5035766382140
5000157142160
5011166055563
3800205874232
5055028345805
31200468406
8410031960952
5000157140364
7622210799647
5019312003802
5020379135269
5020379135283
5060442890862
5057624039607
7622210942111
7640110707371
7613035940000
7622210838209
5000237123188
8001585008568
5054267008250
5052197026191
5011792003419
5031390114874
5391520181405
5410976140122
5000435011706
49000014273
5010478358102
5000101214462
5000112640328
5060402905803
5000394002432
5000382104711
70177248529
5016840201274
5000328328997
8714100646618
5035139218045
5010102241749
5050375074453
5060201623847
5012035956448
5011417548189
5011044000579
5998749135358
5000112635034
5010035065931
5000382106524
8003545998070
5000112640311
5056079900319
5000382107415
3800020418628
8719214527914
4017100901553
5015154012644
5000382107392
5000328141626
5000382107453
5031390114898
5033931604936
50159956
5054267007970
5000382107637
5000382107002
7622210763709
5031390115062
5060041766391
6001108075871
5035139218656
5029053571065
5029053571171
5000166044851
4009900531429
7613036873932
7426794161261
6416741452833
5000159504003
5012035952273
5027876866955
8710625502750
5020379110372
8410525229749
5901559140009
5031390114270
5000205046631
5020379130943
5000112629125
5020379128520
5391520443220
50213610
5000112628869
5053249218946
5410438040199
4750021000713
5000143923629
5000143913637
5031390114287
5020379124645
5310115006152
5310115006169
5017403044208
5410976904014
5020379133340
5020379032681
5054073002657
4060800173287
5012136001306
50189274
5020379131964
5011792001453
8710908906541
5017403511274
5020379123204
8713354092387
615357123298
5029053566603
5027399026669
5060442892354
5020379129565
80765110
5410438040175
5020379110310
9310297050291
7312040017355
5000112629040
5012128466052
5000112628944
5000309007231
5010437021665
5035230101239
3057640475153
5060391622583
7622210489784
5060328920003
5060184080798
5021827096347
5201003110702
96135846
5900852925177
8591119001849
5000168200477
5017403081265
5000281050089
59943952
5060402905766
5060517885397
5037809008499
5020379133463
5055116594702
5012035953911
5015154012552
5055486002128
5000382104117
5060191280259
5060191280990
5060191280280
5010438008450
5031390114485
5020379128384
5012389672445
5060191280266
8996001600221
5012461005048
8001090416605
50189410
4060800174338
5014201346435
5000112640175
5017403097808
8000500128343
5000101501081
3800020411742
57024783
5012035954864
5000328141534
8025852001977
3574661385488
5020379134989
5000328123097
5037809008536
5949040201068
5949040202058
5020580551681
7622210925398
5000314009558
5060041766285
7613036896542
5054267007895
43711513
5000382107750
5012035957551
7622210736352
7622210706706
5055958702778
5020379148795
31200468390
5000382106463
8000070025363
5031390115086
5054267007963
5020379139250
5011007003234
5012389671189
5029788183526
5000177486008
5010414184284
7613036099431
4
2083807101505
8410136007941
5035139218540
2083807803003
5011597008282
5000382101222
5022822170858
5000174028010
5017403012306
5000382101307
5011792001514
5410438040212
680569835109
5060218710240
5035766048046
5031390114294
5035766048268
5012035951986
5020379133487
9333527230553
8996001600306
5060517885700
5000382030850
3057640255533
8593893760646
5000112628913
5060078184038
5012035952396
5711953079702
5010015115007
5012035955526
5410316944243
5000328990903
5010663815847
5034933538335
7613035940024
5000354908507
5000232008152
5021202547563
7613035837850
5035139218038
4009900531399
5000328135236
5000354911606
5901356001305
5000289930598
2083808101504
5012035955571
5056079900296
5000328141459
5056079900265
5037809008697
8901822006138
8901822006053
5020379106696
5000314009565
5029053571157
5020379106719
4018077650512
5020379149440
5020379144681
5000237126189
4060800302694
5020379054683
5020379054744
5020379084970
5000382107712
5056079900326
4008400181424
5000143953138
5017403018124
5010438015151
5000328990743
5000820000001
5053990137800
5000328990231
5017403091028
5013922068336
7622210723512
5020379110334
5053827189071
5053827179539
5031390114256
5000166151207
5000328989921
5035766062448
70177247058
5017375034665
5035766382072
4029811364398
5037809008550
8001090705754
80896906
5060402905704
5000112631531
5000112630787
5056086505682
5000112630565
4060800174659
647166466105
5022822162860
5060402904196
6001108065087
5000328113616
5000289929899
7613036051187
8001090704559
5000382105527
3017800225561
7613036441049
5017403018162
5029788184295
5010029222852
25060255920015
5011597092748
5020379144605
8710447439944
8710447439913
5011417566206
5000325032484
5020379106672
5020379149464
5013085000020
5000382107033
5000354911613
5027632000623
5020379148696
5020379144667
8001090416575
5055028343917
5000204845914
5056267000098
5413149878297
5413149600898
5020379144568
5020379148757
8001480026193
4043696630416
5000354905469
5060442891630
5000112628920
5012035957735
5012035953812
5014379004342
5020379136983
8714100491782
4603400002351
4015400622413
5010663815861
34000004935
5020379137003
5037809006822
4015042103936
5060517885335
5022441167062
7613035556805
5020379086356
5020411123452
5031390115024
7613036051040
4017100919855
5010358118635
5000237124192
7622210818478
5031390114645
5000382106845
5000382106920
5000382107095
5000382106487
5037809008635
5054267008045
25031390114645
5024993731210
240111650
5000382107675
5014044007265
5000112644876
9311789828602
50166732
4060800302137
8001841041087
5020379146241
5000382106500
5000237124772
5050375051775
5024993731203
8712561297677
5000354908194
6416741412233
5052578010405
5055706640550
5053249012162
5052578034104
5053249222066
5010358189727
3057060425707
5000168208701
5900951273001
50412792
5060321436884
5010035067041
5449000088796
7622210818447
5050432002993
5011295105801
5011295100974
5000382105053
5024993731067
5010238017928
7804320746517
31200468963
5010663815663
5039318090088
3664346306515
5000112592054
5060181370281
7622210683106
5060041766407
5056079900333
5010102241671
4002971529609
4009900527101
5000328144306
5010102241732
5000328990316
4060800302083
5000328206301
5000143920826
5011187113235
5013478118349
5011597005311
5052578025003
5010102241688
5050375052963
5050375125452
5053249231204
5026180062084
5013922060736
5050375052888
5011597091413
5053249011769
5060402907784
5010438016332
5000237130421
8713627021212
5000143958324
5000237126226
7622210258656
8000500282373
5060037757709
8000500282397
5000112629088
5011335003913
5060154911794
5000159511551
4009900525749
7613036045193
5020379137027
5060050981013
4060800170460
5054267007062
7613036474450
24000150015
5020379123044
5000185103454
7622210818508
5449000000439
5014234085103
5000168208916
5010035067027
8002270011054
5060517882945
5000116111152
5053827171823
5060336505346
5000112639605
5035766063414
5000382104735
4002971529708
4009900522250
5037809008505
5942326400674
5037809008567
8423759057705
5037809008673
5012035953508
5010102240919
5037809008574
5037809006006
5031390114324
5020379122597
4603400001996
5053827186735
5010052106198
5000237128541
8001090581884
7622210924971
5099873010273
8004260256735
7622210838636
7613036287982
7622210722249
5055028352339
5060072084105
5000157142214
5000328101200
5012035953867
5037809009113
5037809009069
7613037000078
5037809008864
5037809008925
5060045051059
5055028348707
5000112629033
66613149109
8888056708604
45010017109851
5010102241060
5000237122679
4002359010750
5000431027725
5012035951122
5031390114690
5053307033658
5000328101637
25000112629125
8714789763866
7804320746418
5060045050311
8713047789037
5037809008918
5037809008826
5037809008819
5037809008765
7622210926548
5060639122738
5060254750088
5000382107613
8004260428385
5020379149808
5010893264347
7613036288002
5031390114621
8004260256728
7613036474856
5012035958794
5026619150207
5053827186766
5031390114539
5060466517837
5012389670618
5000157142092
5012035958046
5000101214547
5012389672469
870861000118
7613036288316
8710908402876
5011792003402
5031390114669
5000281050119
5000167056556
5012035959258
5050083943683
5010092709298
5060077787025
8004260263818
8001090581853
5010134916998
8003440991183
8004260263719
8004260229166
5011335003869
5010663815786
7613036591720
5022822162938
5022822162921
8002889000838
51000598
5029053565811
51000646
51000644
51000648
5060050966010
8710447455302
5011792003396
5011792003426
5900951274275
5000177491262
5017403947073
5900951274312
5000166151917
5000166151894
5000166151931
4060800302250
5905933489425
8888101090401
5060402908347
5020379148733
7622210617460
5391514010230
766200504174
5060176220034
5029053571072
5000101213236
5000811000003
5000159488235
5905927041578
5050083943645
5000112644531
5037809008543
5000143933222
4009900525763
5000328529158
7622210693068
7622210764928
5000157142061
5000177491460
5056079900180
7622210693082
5000159505963
4084500534964
8410113002020
5060358090905
72417175572
5000289930390
5031390114676
5020379047968
7613036521208
5035139218700
5060104861605
5050375018174
5000177492351
5099556021992
5029788190647
898999010380
5000112631227
5020379148771
5010029225174
5000168211688
5010437021832
5060104861599
5022996800254
5010035067072
5031413903348
5037058001692
4060800302175
5000281057644
5013478557995
5014379004472
4060800302069
5021932020459
5054267008038
5000382106647
5031390115055
5060041766193
5060517889241
5060181370298
5060147779189
5060178720631
5013922068312
5017375034658
5000159516198
5013748070780
4008429110498
72417180590
8711327319714
8711327320109
5011187113174
5010437021856
5000159519625
5056079900340
5028763010079
5017764125738
7322540946802
5391527072591
5000354911576
5000112589993
5000177462231
5000328528441
5000168209739
8712561975735
7622210740427
5000328527819
7613036541268
5028763011885
4060800174093
5011295100400
5000382105541
5449000093899
5050375055483
735850187044
4060800172419
5053249011684
8714789763460
5011053023064
5010264435888
7613037022698
5000112640304
5055116587513
4009900526838
5031390115116
5020325130232
5099556021978
5031390114935
5000112628951
5010052107041
7622210928498
5000112545326
5054267007925
5014379002751
5010052109106
5055028383265
5014379004083
4017100219900
5410316963756
5011566017802
5053990146529
5020379136327
5037809008451
3057640510878
5020379136389
5000166151955
5000354911590
5033601778080
5013206018378
5050565277770
7622210154125
5011335003876
5031390114683
5054267007659
4014400923032
5000382105442
5000328528014
5020379086332
5011898001111
5032678005587
5031915010339
5060147113075
5033298005520
50189502
5060517885731
5000354911880
5391527072539
8711327324213
4060800302076
5000800000076
4000980292217
5200106871084
5201415201180
5031390115123
4008429110474
5013922056357
5900951280412
5000166153447
6925425474004
5000166153461
5000237131039
617241006946
5053307034235
5020379136365
5060358090158
5000431028951
8425849105167
5000159511612
8004800004215
30074866
5000431027602
5012213377638
4001686339756
5023139250806
5410358442448
5031390114812
5000108105138
5000159503822
5011157993782
5014044006374
8714786260931
5024993731074
4017100901775
5031396040351
7622210934222
72417177941
5012035954970
90433337
5905927002517
7322540611717
5000143981827
5000394002241
5020379122351
4017100901157
3065890136724
5010438016141
5391527072614
5060358090998
7613036403092
5027255078726
5020580552206
6001108087072
5000143958423
8004260263696
3057640506598
6001108086556
5020379131827
7622210831019
5000382105374
90433962
3415581114928
5010029203905
4018077675300
5010327250106
5060072082361
5000289930581
5000168208329
4014400917543
5053990145690
5000157142207
50643882
5031390114768
5031390114775
4000539280009
5449000231932
7622210934048
7613036280334
5031396040436
5000237129012
5000237130919
5054267008144
5010186015526
5901359074634
5000237131015
3065890142886
5000237130971
5052578020343
5010998992466
5000289929516
5000159523271
5000237130933
7393714515711
8001841062303
5055256521750
8034115190266
5060066941735
5010029225297
5029788190272
5029788188200
5024993731050
5060147113402
4008429109744
5055256527646
5054267007987
5000281057668
5033601690122
5020379135665
5414901211260
280761761
5013635410941
5000382107538
5020379135641
5020379138710
5201415201197
5000354911675
5020379150651
5000237131176
50413294
4017100904578
8410024999990
8410087521886
7622210595782
5000166153508
5020379149723
5020379149761
5020379149785
4008429110450
5020379066723
5020379098694
8034115190242
5020379133425
5000166153485
5020379121972
72417162428
5051594006836
5029053571409
5020379146128
5099556022012
7004031026117
5000143913927
5035766184911
5998749138533
5012128185311
5391527076179
5053990153480
5000112628753
5449000009173
5000159519519
5014379005073
8004260269216
5011187113617
5410316963220
5000177492795
5021827096866
5053827212991
5010893294535
5027255000277
5027255000260
5020333022222
8000105006039
5010102241701
5000281057651
5391516876124
4009900522694
5031390115390
8003440994054
5201415201647
5010159894387
5000354914218
5010394002554
5053307038684
5060147779202
4000980291913
766200201721
5060147113112
5031390115161
5060639122806
5000382106180
5000143920628
4607065735326
5021827096989
5410316962711
5020379139748
72417180620
5000112640199
5010102241985
5000237131138
5055257866973
5012035959586
5053990153459
7613035748422
5053990149520
5020325130744
5020325130751
5410316963725
5010102241794
5053990107278
5060078184014
49000014242
5000237131152
5000387907850
5029788182536
5060221243025
5901559953227
5012035951047
5012035951092
8003440994030
5054267007918
79581995111
5035139213323
5035139213194
3574661421728
8000500306734
5037809008970
5410316951531
5031390115109
5410316963602
5060639122547
4060800302168
8410087520735
5053990153466
5014379006087
5000382107699
753854500102
7613036990066
5000143924930
5000227514361
5021827106336
5000382107590
5029053571164
7613036512992
5012035950941
5054267000438
5901356071063
4000177022733
617241006922
5012035950309
7613036867542
7610113004104
5020379150316
5020379150798
5020379150750
5020379148818
5031390115444
5020379032728
5020379121910
5020379150675
79581995296
79581995203
5020379150637
5010663816394
5020379150873
96184332
5020379150774
753854500065
5020379150736
5010296004922
5000354914157
5000237131077
5029788165652
5029788165645
5020379150934
5010296004915
5010296004885
5010296004953
4770608255145
5000232886347
7613037017953
5012008561501
5010052109472
5000431029569
72417180378
5029788190258
5013922057095
5010663816417
5060147114188
5012035949754
5029788188262
5020379150811
5017375034696
5000382106562
5020379032742
5026309550720
5000143919622
5020201298476
5000143921427
5012035960759
5020379136167
5020379121934
5000143936339
5014776003351
5029788159309
5029788159286
5055116583973
79581995258
79581995302
8723400783053
5000382107798
5000354913853
5020379150859
5024996706130
5000382101406
5000157142122
4607065735319
5010029224702
5050375125544
5060178720181
7613036868129
5020379132176
8888200801229
5031390115178
85000022924
5020379132145
5010663816530
5998749137543
5012035950842
3254474020492
5020379150835
5000382108788
8004800002686
5020379150910
5011166058526
5026035775510
5908230521355
5000127770010
5053827206563
8004800002778
5023751000766
5023751000728
5023751000780
5410316963626
8001841122885
5000382107774
5000382108764
4002971421507
5012035956110
5020379139533
5020379150897
5000166153584
5060066941759
5012035955977
5010115820863
4017100936685
5010035067034
5012035960797
5000166153560
5060045051936
5000205047560
5020379151030
5000382107040
5060546419747
4008429124570
5000354914249
5756111601357
5020379146326
5000143980929
5000143928426
5000289931441
5000387907867
7622210664242
5027952014034
5000168214993
5010478232341
5012035954956
5000159513647
96184325
5000159513142
8691484393003
5908230522185
5000159513159
5022896932017
5000382107552
5000382107439
5020379139281
7622201126537
4060800303226
8000500337806
7613037019407
5000281057637
4002971529104
5000143954128
5060592002962
7613037019445
5900343010351
4060800303141
5010511477272
5000295151345
7613035940864
5000382107477
5000328142166
5000205047577
5000112625042
5000143927535
5000382108849
5010511478484
5020379121958
5020379124584
5901356071049
766200501029
5053990153473
5010102241923
5901356071001
5000177492337
5055566971726
4603400002337
4060800303202
5000143929720
5010663816455
5010029224986
5010029224887
5011932012677
5000143910728
5020379135023
5000237131053
7613036633741
7622210954695
8410076900364
5908230519932
5000112642940
5000143937336
5060154917741
5056025421790
5053249217567
8001090979988
8593893764972
5035139213217
5010511477265
5017764125868
4000417220004
8710625607004
5011932012615
5010511478491
5000143917130
5010438012976
5060592002634
5000382107651
5029053573359
8005890803078
4008429124587
5017764125905
5060147778182
8717163859612
5000328517254
5000168204765
5000187154430
4008429124839
5031390115345
5010038464816
3065890142862
5031390115338
5000143923520
5026489496443
5026489478111
5029053573304
7613035253469
5026489496436
4018077822094
5020201134927
7622210839442
5031390115246
1210000100245
5011792003532
5000157144010
5000143934212
5017764125882
5011417533550
5099556021862
7613036989923
7613036968829
7622210632845
5000187154416
5012128447174
5012128082771
5000354908750
5010102240490
5901356070967
5029291601999
5011166059516
5011792003525
34000433032
8004260274548
5060592002696
5000143914726
5016840101147
5000143912012
5000354914027
5060608740062
5035230100041
5000143950618
4060800303189
5011792003518
5011792003501
5000112628999
5000328142418
5060123602111
5000328142241
5060358090639
5029788188880
7613036667777
5020379138673
5000354913860
5020379139373
5016840102250
5020379154680
5020379154666
5020379154017
5020379153911
5020379153898
5020379153874
5020379153959
5020379154338
5020379154352
5020379153935
5020379153973
5020379154215
5020379154727
5020379154192
5020379154475
5020379154178
5020379154154
5020379149150
5031390115154
5031390115352
5020379138635
5000143959314
8680751007736
5020379151016
3057640524318
8000300395648
5000112644692
5000143934434
5020379149051
4018077796692
5000112644708
72417180354
5000187154454
5000354913969
12030060258559900000
5031390115529
5000354911873
5020379149860
5000382107514
5020379121897
5000382107316
5000112546507
57024790
5020379137645
5010663816554
5000112644739
5000112547542
8801062267675
5000208096213
5016840102083
66613017101
5000112546521
5031390115406
5000143919110
5013635105250
4060800303127
5000289931502
5000354914348
5000112644661
7622210936332
5000112644890
4060800303103
5031390115307
5031390115468
5056267000746
5000157143754
5998749120262
5000112644906
5020201298438
5000112644937
5000328200378
7613036867566
5056267000722
5000143959338
4062400055017
4062400542678
8034115121888
8801062636358
4009900522106
5000112644814
8410036806934
5035766063254
5000112644821
5020379139472
5000328205182
5020379154130
7613036992244
5000159528917
5000159528955
5035139218304
5010035067003
5000177492832
5020379146289
5020379143899
5060147113174
5020379139939
5000168219745
72417180606
5000328205779
7613036990042
5010035066464
5025509122157
5053827209144
5060431070404
5016840102656
5020379154093
66613142025
5014379009620
5056036504550
5036383003197
5020379032704
5000226000346
5020379156639
5060639126453
5020379156653
5000289931519
5391527075622
5060592002870
5050375002913
4060800303615
5000143920727
5000328206134
5000143920215
8004260422307
5000328206486
8000500326626
5050375042223
5000328206813
5000159531207
5060592002757
5000328200705
5010485750036
5000166153546
5010093501853
5449000285720
7622210837684
5000328141114
8001841691145
5000328206646
5201360531257
5000328242538
5010052112540
5024993731692
3057640535123
8410525223990
5410316951517
4060800303851
3263280116787
8004260496858
5020379144704
96184264
8004260428392
80879367
80985891
5000143920420
5410438041875
5020379156370
3415581534924
3415581376920
5010134915601
5060082941122
5060082941061
5013668432156
5012035962401
5055028383685
5031390115741
5012008561402
5012008561303
5025572206563
5029788193235
80759096
7393714515209
5022822185180
5022822194373
3415581311921
5010238017300
5010238017690
5000328205939
90446078
5000112583939
5000143932423
5060592002788
7613037001709
7613036989909
90446085
5000112645477
5000159531221
5000143943429
5000143959437
5000112585452
5025509122126
8697520001277
5060639126866
5027952014317
5000159530439
5060391625737
8711327373105
5000354405013
8710847871115
5010052112496
5013803991555
96191316
5060296562427
5014379011937
5099873010907
7613036990080
5010228003689
5000354914232
5053249218410
8714100614280
5060699170021
34000314027
5033601616702
5035766063933
5054267009400
5035766185048
6942836720230
87157215
5054267009288
5000159531146
5035766049593
5000328206561
5000112600827
5054267009356
5000143915426
5054267009349
3664346315296
5054267009004
5000112583915
5060699170014
5000382109952
7702018474738
5000166153522
5014379011029
6942836720216
5000157141620
90446061
5060465590558
5011308505062
5014363000190
5000328205854
5020379149136
5054267009493
5000382023197
5000382109396
4014400927283
4001686339770
5000143923025
5000328206059
5013922010298
5031396042522
5060592002931
8710847871108
5060050996970
5056267000814
8717163965030
7613038925509
5000143926231
5055256528827
85000031063
85000031049
7613039445693
5000328141299
5053249218434
5000328242453
5031396058585
8001440127731
5010314310295
5031390115291
5031390115048
5022441171557
5031396057533
5000387907874
5000112644760
7613037025330
5000354404009
7622201440176
96191262
5000433025446
5017403026341
5014379003710
5010238018086
5012035960230
5010052112533
5010052112144
8717163635902
716165174578
5012035962104
8714786253537
5024263000619
5060296562366
5010357112061
8717163635896
5000328241159
5010052112151
5026035775619
5020379156998
5013668426926
5054267009370
5060546418511
5741000157916
5056267001118
5060169982079
5060169982062
5011166062486
5029053570716
5900699103530
8714786285217
5000354914096
5054267010246
5035766049104
5000232020130
5010029225310
5000237131213
4603400002511
7613039869307
5011417569573
8711200426218
8690146151425
8714786293267
5010663816370
5029788100141
96191286
96191248
1210000101310
5000433025385
5000431026391
4000539280108
7622201442880
5024993731524
5056025412873
5056025412866
5056025412903
5002200123492
96191309
5056025412897
5056025413054
5056025409040
5000328207018
5054267009424
5056025434370
5056025413061
5020379152006
5010238019748
5031390116175
5000159533713
5029053574059
5000159534338
5000159534321
7613036487412
4005097401262
7622210736291
5411188128823
5059944008110
5012128263613
5000168218649
5000289932646
8717163635889
5056025421387
5056025412194
5060639126477
5053249217543
4006424270117
5054267009431
5053827215411
5000143924619
5060201180395
4000177025208
8711200576425
5011792005529
5020379146142
5013668432194
4060800303769
5013668432170
5000112644982
5000354405099
5016840102274
5410316963244
48415520676
5020379139724
5000143936636
5060050989729
5000143921328
5000143914627
5059321002083
5060592004737
5060592002665
5014379005080
8690146151715
5029788193259
8005890800855
5037809009618
5037809009793
7622201437787
7622201451622
7613037051254
5000101505607
5010024111281
5013803996260
5000221606574
8714786254299
5029788193457
5032619110226
5032619110240
5023751000117
7613035219847
5000328207193
8410793282934
5060639127498
7613038661926
5000328242293
8717163691618
8714100895139
8711327393769
5000477585159
4060800303745
5054267009455
5054267009394
5054267009387
5054267009363
5054267009165
5054267009172
5060639126545
5000116018130
5010238019687
5056079900517
5000382108467
96191279
96191255
5000328200880
5060050983253
753854500140
6942836720353
5000159470292
7613035220324
3800020418888
5000159462129
5029788188224
7622201446567
5020325130157
5059001000163
5011166206767
5024576201505
8711700943536
5000382105985
5000101959417
5000101032905
5000232020017
5017375071004
8001841122854
4000539130007
5000312002131
4021700848903
8712000018948
5000354914102
3185370563762
5000157142078
5000112644951
5029788190265
4017100902581
5012461006076
5054267009417
644536247913
5000112623499
644536246114
3800020415009
7613034872593
5000382109990
5050375044463
5028763004252
5063249301920
5014379012958
50201013
3219820000658
5029788703601
5035766049661
5000382109754
766200201226
8007531115717
8714786259713
5000267117560
3334751007573
1210000100191
5024576005103
5024576189100
5010327325606
5010093259006
5031390114638
5010327400037
8710415901589
5010057000194
5021932020398
5000281050133
5010314570101
5000281037479
5000299609347
85592140358
5011166206590
4067700013569
5000157141682
3049197110151
5010677716000
5054267009530
79581995241
79581995234
766200501524
5060201180364
766200501425
5029788188248
5020379154376
5000382100775
5010228004204
5010485750012
6948135200015
5391516870771
5035766049319
5023139263110
5060215332063
7312040340002
9415549814635
5000112645002
4009900526418
9300727508287
9312088415951
5010134917650
5010326062977
5060201180401
4060800303752
4060800303776
5032759040032
7622210763464
5000431027831
3274431425313
3274431423319
3274431421315
5012136012593
7804320510170
7804320753607
5011166052210
5056079900821
85000009840
85000021569
85000026021
3263286346683
5028267011381
9325040021510
7804320706009
79581184010
8410302107697
85000020302
4008005440353
3443660013220
3274434101955
5000187120305
6001506904544
5056079900555
9415549802601
18341751017
6002323400639
9311789563466
9415549816608
9311043085024
9311043007743
5391516876278
5056079900524
5000143925814
5010134914420
7612100065105
5060692660031
8002889000814
5060592004676
5010236157664
8007531002505
7804320627038
9312088085529
9311789001043
5410228217718
5014379004465
6001660000434
4044551022797
6002323410737
80660956411
5024993731326
5010238019663
5010238019724
5060045580252
5000101959509
5020379156691
5019312089288
5023751000742
5015302901981
5020379156677
5000116124817
5000431029729
5020379156394
5029788194041
5054267009264
7622210928863
4009900534956
5017726147884
5010134913393
5010134916080
5901559949237
5000354913952
5020379124263
5020379156066
5020379156028
5020379155915
8717163619506
6002323414230
9311043042171
96184370
5033849048686
8723400785972
5010663816639
6931722309925
5025802000657
5060283762380
8437001799213
5011792005277
7613039598184
8714786287327
6939495515048
5054267008540
5099873016909
5000432013420
5000328197616
5012389672681
5012389672711
5033747022306
5060639126439
8717163619520
5020379140096
5000157143129
5026619143223
5000213024805
5033601778066
5000112644975
5410531544846
5410531544679
5000168219684
766200331022
766200331527
766200331428
5056079900753
5000328241234
5020379158282
5410358442097
5011558011597
5060124974392
8005890800787
5000354914256
7613039023426
5000101505584
5015927030431
7622201149819
5060296562250
96191323
5012035963460
5000382110033
50309597
5060043670238
5060043671891
5060043670757
5056079900562
5056079900531
5011166062493
5012035959982
4009900522670
7613039466704
5050933248920
5050933248913
5050933248890
5025572807494
5033601778202
5013922057002
5033601594734
3838952015059
5011251128158
8001841691176
80816690
4009900534499
8711000411308
5020379084154
6990314575537
5031390116007
5000185114573
72417186899
5060283762373
5055028383241
3838952014991
5055706604026
5033849073237
5026619082881
5050837471714
5050565241016
5011597001856
5050837476412
5033849409593
5026619513989
6900100111177
2000000155364
6900100111184
4017100902772
5020379156042
8719214528515
8719743213180
5056079900579
5020379074247
5056079900746
5056079900760
5410531544488
50064861
5029788194034
4603400002528
5410531544518
5905187101098
5033849006143
6900100111016
7622201776107
5020379159838
5033747022009
5013668431432
5000347098383
5055028358294
5000143933536
7613039575642
5020379151986
5053990158096
5012145000802
5012145000963
5011792005253
5000221606505
34000937820
57030685
5410316962445
5000112599848
8992741906128
5020379152020
4060800303714
5027952015017
5010238019564
5011053023187
6939495512177
5000354914119
5021778006143
5011053024283
5021778006457
5031390115581
5055256529473
8801069402451
5013803992194
5010134916851
5056225900026
5000354914287
5000185114092
7613038996875
8000920401187
5000382110019
662425025527
80871651
5901356070974
8712800143772
5031390115673
5010663815724
5011166062325
5011013100231
5060296562380
5010034517202
5060201181309
3800020412084
5013803996277
5013803667009
5000168211664
3065890145221
5010159894394
5022996000135
5056192400352
5025820004101
5000166153416
5701001475105
7613038993607
5027952012573
5055256529442
8004260453172
6931722304647
87345438
5020379157773
8716100543300
5013478163301
5056079900678
8005890803429
5012035955496
7613035826694
5000101506130
8005890800831
8051369000219
5010238203185
80941828
5060296562403
5410531544471
5000393198945
5000393198914
5012145014373
5000393199065
5033298005537
5017403641254
5056079900777
79581184072
5010238018222
5000393367389
5010663815700
4060800303721
5000168219707
5027952013624
5010238019786
5011166062332
8410031945744
9556001255693
5020379157032
5010438003646
5060328920119
7622210727152
5000101506116
5000232019912
5000232019950
5031390115475
5010478497818
5029788193211
7613036748186
5054267009561
5000143924336
5449000007629
5020379158305
4000503856803
5012389672322
5060391625652
3057640510533
8992741906418
3057640543388
8714789733203
5025416330027
5020325130171
5059321002267
5000168211695
5054267009615
5000168211671
5905187101296
5012035962418
5000354914072
4060800303837
5021778006303
5060639126392
7613038925417
49000075144
49000033755
783150
49000066975
8888002084004
9555589205519
8710847871092
5015818129008
5010485750067
5010485600102
5029578000330
5060221242684
5037986000033
5000168211657
5013635105243
5099873017616
5099873007495
5035766063902
7613036687027
5099873017609
5013668417290
4009900513937
5010438017346
5059321002113
3415581176025
5000185114658
3415581105926
5000354916649
7613039598153
5060358090967
5000208009695
5900951287893
5012035962296
5000208067596
5410531544532
8717163635858
8717163635872
5060221249829
5012389672346
5000159532877
50309443
5000159532839
5000112583755
5012389672339
72417186912
5055028300828
5012389672315
5021932022217
5056079900548
5012035963408
5000354916656
5035766048244
5031390115659
5022822122857
5012035962357
5012035962340
5024576205107
5010238019700
5059321002236
7613039598092
5905927041516
5014379004694
5020379135245
5020379156783
5060253020052
96122723
5000382109563
5012035962388
90446429
5201360501014
5000168024295
5012035962449
5053990158485
5060061270045
3168930159803
3168930159834
3168930159865
90494222
5449000270320
4823063116435
4823063115209
8410525229718
5000328196145
5022822201859
5000237130957
5031390115994
8717644579886
5013668418778
5012035954543
4060800304391
5060286260210
5012035962128
5010029224832
5037809009779
5010115822355
5014379013559
8001931120043
54010451
7622210959850
5012145001175
5029788160039
85000022870
5034444101134
5063249304242
5056267010431
8710908181719
5000204415629
5012427291201
8445290075949
5449000308146
5054267012042
5054267012073
5000112656732
8005890006806
5060896623122
5410438043015
5034444101110
72417195747
7610113006894
5022374043952
6939287939496
5027151234578
4060800307248
7393714646606
5014379019049
5000289934824
3245999219812
7622210794550
900535000702
8445290076021
7622201703264
5014379019087
5012035968038
5054267010086
7610113007525
5027342002993
3502110009067
5016325
5060078183680
779140005786
5060050997014
5054267010307
8710847940095
5000382109419
7613287127662
7622210959874
5000205047621
5060296562571
72417186905
8944870158435
5000237127544
5000237125090
8717163994252
5449000214744
4060800303707
3245998738413
5054267010055
7613039392102
5031390116021
5059321002298
8000500360194
5010134918534
5055486002142
7613039282069
3023260001362
8001090171405
5020325130287
5010102243057
8711200389186
4060800304377
7622210582782
8000070011588
66613037017
34000939619
8681451515415
5000237136843
8710847924378
5942326400018
4060800306647
5000246727834
5054267012097
5035766064701
5000112552102
5038512002149
5904310231244
5000112656794
5054267012240
6931722303107
8005890802958
5059319018966
5010029228502
5054267012141
5032619240374
7613036754507
5410531544501
8001841279916
7613039869611
3065890145207
4060800100252
5000435016480
5060055660739
5056175910106
5055566968177
5060124973081
5010326063431
5012145014489
5022822201811
5022822201804
5000143955521
5012035962241
5020201796316
50457014
5000237134467
5010038468104
8001841459578
5000143931716
2112399090000
5900014014015
5000237132760
5000328251554
7613039869185
5010134918589
5020379146104
8717163635919
5016840200086
5014379015201
5000237135457
0052940007854
5000382101284
5012145014793
766200886058
766200886027
8002270000515
8710847994166
5029788179185
5016096127700
8691484538008
5013668432477
8004260295536
5010035068666
8714789601106
3049197110144
3049197110137
3049197110199
7622201776367
4060800306616
4060800307163
5000382112624
5014379008036
5010102243439
8901810004764
5035766049982
5060810120485
6939287939526
5021932021180
5021932022347
5000237137512
7622201703417
5010327405780
4251097414812
5000143932225
4060800307149
5060409361039
6939287927530
5055566969136
8410525238826
6975207752950
5410438043053
5410316963664
3184670027165
8719200007123
7613039542767
5010663816578
8409730039632
5020379154031
5449000053893
4820034922040
5060222783933
5000159514491
5060402907920
5000159514804
5000159479141
5060469987606
4000417217004
4000417215000
4603400002498
5012035962135
5011792006373
5000143929621
5026035775534
5000232019936
5410531544525
6003770008751
5000166073394
5026489464268
5025802001043
7622201446628
6975207753162
8901810000032
5060810120447
5054267012172
8719743213203
8719964007322
3245999326404
5000432013512
5035766064213
5410438043039
8006540584170
5012145000338
5060592005284
48256296181
5056175940219
5000168024547
5010775178021
5010775199637
5010775193741
5010775200982
8712561698153
3574669909129
57030616
5060810120362
5060072652120
3800205872788
5029106002485
5012035963521
5010327405681
5060072652090
5060066941599
24000150541
5010478772144
5410316965408
5059001001368
5027785807681
5000143959024
8714100396230
5017403143109
5000112564983
5013668432637
5013635105397
5449000276032
8719743213210
5011792007417
5026489466255
6975207753148
5010478800045
6975207753209
5014379004502
5011792007516
5010052113950
5031390116670
6975207753025
8720182374868
5010438019487
6975207752998
5017375433888
5056079900999
5063249301746
5000101230745
5000289933148
PS0061087
5010394004619
5037808009039
5000237135228
5054267010024
5012035963392
5011061140227
5000393364845
5011061170606
8723400793182
5000237113967
5037808009619
5024996813104
5741000171011
5011792007509
5011792007400
6975207753100
5000328013084
5010052113967
5011792007493
5000382112549
5000435011737
5060896621760
5021427907432
5029053570143
5010438019876
4009900541701
5060072652052
5036589201663
8690146151432
4018077737534
8719327068502
3800205872795
5391527000129
5901126013316
5391527000136
5000237134085
5059001000170
4009900534970
8719200086050
5013478165268
5011566035066
5000227514446
5000187154508
7622210594662
5053990158331
5010029225006
5014379013740
5000101508820
5000431026650
5029106002492
5014379013580
5741000158500
5060639122707
4060800303691
8710908458675
5055028301061
5410316962421
5031390115888
5053990145706
5012389671868
5037808008995
5000237135822
5000185115730
5000237129999
5000166154291
5060751215639
8004260264006
90446108
5055257867062
4060800305244
5010478651005
8420544002773
5010035068727
5053990158300
5000227000246
7613037038057
5023139300914
3014230022401
8710908458620
5000205048772
5052578021609
5060296562601
5029788187562
7312040322756
5014697053176
5056192404527
5017403097778
5017403044215
5012389672698
5056267000890
5012035962166
8690146151401
5000289931298
5029788191521
5010134918626
4607065737597
50166022
5000159505949
5901356070981
8710847994159
3800020417997
4006424270551
8004260422253
5023555108880
7613036965651
5031390115789
5000237135433
5011157993546
5011053023606
5010102243804
5010511477715
5000237135402
50409112
5010438017490
5013635350865
5010437021870
5000328200453
8005890802996
8501110084192
5060178720105
5000168027852
5017375033415
4009900538527
5031390116540
7622201703516
5010511479825
5000143973020
5000143916720
8005890802934
5060810120386
5900343010986
5013668432507
5056079900975
5000177497905
5060593140083
5000112658156
5010196065092
813497004310
80951216
5011792005246
8053013232526
5000354908767
72417188657
5012035954444
5010228005478
5060639126989
5012035962098
5010511475452
80799672
5000143945331
5000143958126
5010663816615
6931722311683
3245999205617
8005890802965
5010134918572
5060751211730
49000014235
5031390116359
5012035962395
5022313313160
5000232024602
5010238019588
5010438019906
5017375033842
5000382112945
6975207752974
6975207753186
5025820006235
5010103926584
8711327542167
5000143960730
8711327313712
5016840102106
6975207753018
8720182374851
6975207753254
5010238021062
6975207752981
5053990159345
5037986000026
5010102243026
5059001001313
5031390115727
8690146151395
5060061270014
5000213024928
5000354917479
5000232021700
5038673591223
5010663816592
8005890804082
5010737002319
8435477906333
8001841271583
5012035962203
85000023983
5000112599824
6001106226602
5000112601374
5060592005222
5014379017687
5031390116106
731275894680
7613039315484
7622201446666
8001841691442
5022313319513
5011792005383
8005890803092
5055566994299
5055257820487
5012035965563
5010102241695
5060296562021
5032759014200
4009900514293
4251097411729
4251097411668
5942326400025
5000159532853
5055028383050
6975207753070
5000204649277
5029053582030
5056079900807
4251097412887
5000166148528
5038512001616
8720182384805
7622201518035
7613287902061
5056079900784
5010238021086
8002889000432
5059001002945
78000023435
5000382113331
5010093113018
8018075002227
5000208005741
5031383020281
5020628000126
5900699104049
5000232816306
5010092652594
8412765864216
8001841481814
5000205047515
5060391625546
5010093288006
5000187154515
5410316964784
5060148621128
7427245146592
5022822173934
5020379124232
5020379158206
5020379161862
5020379154703
5031390116137
5020379151801
5020379139700
4251097412825
5056079900692
5020379162173
5020379050937
5020379077989
5000213026816
5903870005265
31200019127
4060800305985
90453090
5010029228564
5740900053304
5010038462386
5000143953831
5060041767169
5056079900623
5000281071251
7613287481757
5012145000581
5059321002205
5059321002175
5000281062853
31200069085
7613036080095
7312040017508
3800205877950
5411188128847
5000328267982
5099873019573
5029788193440
7613287079152
5000354914089
5010238019625
7613287047564
5022313732053
5022374043891
5011792006793
5060072652175
5037986000019
7622201793289
7613287323873
5000382100584
5020379139687
5020379156769
8710522961278
7622201793265
5011166061670
5013668432217
5901359074153
5000328301969
8445290094209
5000382113003
8715744113436
5029053582023
5010029228281
6975207753056
5903870006170
6939287958527
6939287958497
6975207750666
6939287958558
5056079900982
5010238020416
5900699104971
5410228277958
5000354921674
5000187154522
7613039399088
5031390116281
4060800304339
5035139213484
5063249306567
5410316964968
4009445022055
8719743213173
7613038682853
5054267009646
5000328261874
5000157141668
83741150012
5037809008710
8002889000944
5056192406286
5054267012127
5019312089400
7622201703387
5031390116601
5000281071220
5901559953104
8445290076144
7622201703295
7613039284094
5000112658170
731722657271
5011597008299
5059319016405
5055028301047
4060800134554
8714100396407
5063249306529
5011007023478
5011792005260
3065890142909
68887110076
5740700988349
5010044000701
5056267000838
5056357901519
7622201143480
5059321003097
5053990158362
4060800170064
5000328262918
7622210817686
5010084904762
5000328262581
8004260428293
5010228005454
8992741905589
5010663815335
5010092093144
8001841603438
5000159536615
5000159536592
9311493003234
5000289932882
8901808005438
5035766064237
5020379151900
5020379156820
5000112652208
5020379160599
8006540094273
5054267011427
5060078183604
4014400927290
7613039315118
5000185115716
90446054
716165177111
7613037410556
7622201782931
34000210718
8004260001212
5901359124537
5050553360002
8711000391716
8445290076182
5029053581996
5037808008506
5056079901002
5908234805635
5010034012837
6975207753193
5010394004596
8681451515927
5037809008604
8720181104305
5060751213321
8606018614523
5055552402753
5020379155267
5000143967531
5391520443480
7622201816230
6970738800439
8719200204768
731722657264
5029053578217
7622201806811
5060391621449
5000328262239
7622201451592
5000382106883
5000166154314
5037809009724
5037809009625
5000289931496
5060296562342
25308273
5012583203117
5000237134900
90446153
5012035962197
5000328261614
5053990160624
5000112652215
5010478692206
5056036506479
5037808006304
7622201793258
5020379162197
5020379162111
5020379158329
5020379151887
5010478245679
5020379160803
5011053023217
5011792006786
5056175935192
5011792006809
5060082951220
3502110008329
7640175712259
7640175712235
5024576207101
6975207752967
5056079900845
5000143971330
8690146128311
5056079900920
8690146679615
8445290026613
5010326062984
5031390116779
5016840102168
5053990160365
5000382110330
5000382110354
5000382110378
5015927030424
5000354914409
5010485750098
5000237135266
5035766064244
5060639127344
8005890803962
5035766185086
5000328181844
8001841565255
8593893774858
7613287112989
5010511478552
5020379161435
5020379162258
5031390116373
4014400931990
7613039622612
5011053024559
5011053024344
7622201438661
5060400480159
6931722305392
5020379162319
5053990161300
5000143916935
5020379156714
5054267012226
8901810000452
8445290003133
5028635000641
5033849070601
8690146119654
5050837332619
6003770002407
5905927000513
4060800307262
5012128320392
5033601616610
5056079900630
5056079900661
5033849201890
5000168026114
5901359272214
5900490000182
4009445022079
31200069139
7426794161735
5010084904786
5059001001108
3800205872757
5000112647280
5037809009731
5010485750050
5027863606359
5900535000702
5010478288140
5017375034689
5020379137515
5000159523752
7613039691779
7622210959911
7622210959881
5020379158930
5060592005239
5020379154451
7804320457956
5060810120225
5000143953428
5012035965471
6972866502896
6972866502889
6939287927554
6939287918637
6939287927561
5053249009056
5060043671914
5026619515204
5010034011625
5037808008735
5053249228198
5099873024478
8003753189765
5060043671488
5099556024924
4060800307309
8901810008267
5000387908642
5029788191125
5031390116342
5411188122890
3065890147850
5053990146512
5016873015992
5012145000048
5000159526135
5020379155878
1210000102218
5020379157971
5054267011175
5031396068188
5000112660548
5010478261235
5012035968908
5054267012219
31200019141
5026619143254
5052578038607
5000143941913
5033298011491
5053249247885
5053249245812
5050375042537
5050375043046
5016064118341
5033849027230
0072417337482
5013635106028
80866237
8710908007842
7613036487399
5000116123995
5055552402760
5760466976329
5015927030875
5060221240086
5010394004480
5010663816516
5010414354991
5027785807827
8000500358696
5099873009109
6939287917890
6939287917883
6939287939519
5010478227811
6939287927615
6939287927578
6939287918675
6939287927585
6972866506634
5000432013482
6972866506658
6974227020582
6972866502919
6974227020544
6972866502933
6972866502964
6972866502940
8005890803924
7622201418205
3664346327589
7613036881340
24000103486
5031390115758
5010102243033
7622201451905
5000143910629
5000227511230
31200069108
5037809009748
5037809009786
5000159533058
5060324601258
5010102242685
57030630
5000111047364
6970738800521
5055256531919
5000328268514
3800205874218
5900951287329
3800020492192
8312114567389
5012159037061
5060442891333
8000555301104
5000328272139
5010153871759
80924920
7613287502728
8018075002258
5060758370041
5060758370027
698614984900
5060758370072
5900699105022
5900699103967
698614984917
5060758370058
5060758370010
5060758370065
5060758370034
698614985303
5050375044869
5033601002307
5050375043121
5053249224534
5026619390399
5055988638108
5056170301558
5026281920603
5052578043700
5050565486035
5050565606204
5033601518518
6937643523037
7613287151773
7622201441159
7622201441210
7622201440749
5000159518956
7613037596489
7613287012449
8003340098876
5053990158249
5050375050389
5053249239699
5000159534741
5000237131091
5000328206738
5000328271934
5010052112908
5014697053169
5000328272726
7613287624123
7613287624147
7613287418173
5020379124140
5031390116397
5020379153744
7613287624079
4060800305213
7622201461263
5020379155854
5054267011502
5942326400933
5996071703788
7622210565754
5000168027814
5033601502371
5011792007486
5056079900647
6975207753216
5017375433895
5010102244108
5000168032931
5000168034102
5056357907221
5015552601112
5050375043459
8002889000920
7613035220249
5000177497882
5050375011069
4002359010736
5037809009090
5016840200123
5000232897213
5010071810007
5060029032135
5000143508239
5000143119060
5000328272559
5054267010123
3664346327374
8690146154853
8690146154846
8690146152194
8690146151708
4600680014982
8018075002197
5010052113387
5020379124119
5000157143877
5011792005406
5020379160551
5020379158954
5010478897519
5054267011496
5996071703757
5000185115723
7613287057020
5033601555353
4060800307002
5012427291102
5000281071145
5010146005819
5410316966887
6937643523099
5019928004002
5000382111085
5055566931164
5055566994534
8720181245732
5010102244290
6937643523143
5000168034041
5942326401626
8690146154860
7622201447519
8711327482708
5000237135808
5900951287343
8888056705108
5012035962173
90446344
5053990159314
5000237135648
5056267001231
8711327489608
5010438017544
5033601594765
5020379154079
7613287573995
5059321004414
7622201793241
5031390116243
5029053578248
5050375100947
5017403023647
5000166155007
5000299634134
5010153812561
5056079900654
7622201704766
5010038483510
7622201703561
8006540584019
6937643523112
5056079900739
8901030483837
7804320423081
8003440991206
5010438019807
5010438019883
5000112552522
5010478740129
5055552403064
5010102244160
6975207753278
3258431220000
75031596
5060751213383
5449000295804
6936380909883
3700619334219
5000237135785
5010238020195
90446122
90446894
7613287104045
5000237135624
5010238020270
7612100803646
5031390116052
5000328141374
6972866500465
5056175905218
5020379157797
5000328270036
5000328452227
6939287918613
6939287917906
5000328272399
5016096123450
5000168029177
5060072652205
5010338017262
5055552403071
80845324
6939287918668
5011792005413
6939287918620
5010238021055
85000035238
5099556024948
6975207753131
5060896623245
5053990168248
4060800307019
5056079900616
5056079900968
3502110003485
5029053582016
5029053582009
85000035221
5054267012103
5010438019531
5060442891821
5032759001866
5016840102267
6004786011377
85000023990
5010134008723
3263286350611
5011166063797
5011166063780
5055257873421
4025500236342
5060181370243
3263280113878
31200019165
5056357907481
5000328015408
5060043672133
5019312089394
5031390116519
5012035962210
5000237135709
3263280113885
5000143986723
4060800304919
7613038759524
7622201438913
5010478900455
5099873017876
5010438017476
5000820000070
4025500236380
5000221606628
5000328272047
5000354914140
8051093180157
5000221606598
5060218710417
5010438004438
8711327480537
5014379014983
5010102243170
5449000052926
5016840102151
5000112649888
5011003000213
8710847940088
8410525223983
5060751215691
5029788192528
5000166154499
8715700117331
5000112649918
5020379156806
8714100396346
5010052113370
5010478224575
7613287573971
5020379050913
5020379161619
5011157993553
5020379159012
5391527076155
7241200712512
5020379161206
3664346330183
5055552407406
5020379157018
7613039284353
5000328272474
5010052113349
4060800305077
5010084902669
5000168027319
5010238020393
4060800304957
5035766382270
5060296562960
7427245146585
8051093180089
5054267011182
5060639124329
5016840102090
5000328272214
87000650398
5000227510363
5310089007124
5900343010566
8410576005019
5051175738613
5011166064800
5010478621176
9556001289353
5060326870881
5060326870829
5060326870867
5060326870898
4060800304971
5010052113059
5060041766520
5037809009847
5037809009809
5060593140359
5000112647273
5035766382232
5010102243156
5056267002733
8001841028064
5000116124800
5012035964771
4060800305091
5901359104690
5026035775626
5000232816320
5060041766278
5054267010840
5031390115918
7622201776022
5010238020454
5055256527554
5000112649871
5060751215752
3057640493218
5059321000560
5056079900906
5011273047024
5012035964740
5060178723052
5031396059339
5055028301672
6939287948702
745125220604
5010052113479
5020379136143
5020379136129
5020379137461
5031390116267
5011792005420
7613287586452
5020379162333
5000232899019
5014379015003
5000143920321
5060639127214
5031396066672
5011166064695
5060751215721
5000112649932
5011157993522
4060800304872
5010071803214
5010102243415
5054267009653
4251097412856
6939495523258
5056079900685
7613287434609
5020379159494
5012035964924
5020379156936
5010478235380
5032608000132
5010071514905
8001841307015
5010052113486
7613287057082
5020798012042
5020379161398
5056079900838
5000204845716
5000185109593
5054267010109
5000382109891
5000382111146
7622201129323
7613287302311
5000143978735
5029788176207
8410076801180
4008429130748
5060446100240
5000112649895
6931722303138
5010511472468
5010153870981
4007993031536
5000112644883
8711327404205
5060042350049
4060800305039
6931722307563
5010438018671
5000112649956
5035766064176
5013668426940
90446924
5031390116083
5060391625560
5054267010666
5035766064190
5000354914065
5054267010673
8714786287358
5010511473687
5060593140380
5060147113761
5020798012059
5054267009547
5000328272634
5011597001863
5000221606550
5035766050155
79581184027
5036589200017
5031390116328
5060546418245
5000393029911
5000393198709
5000393367471
5000393198976
5060178723045
5000112649901
5035766050094
7622210855725
7804320752853
5000159516273
5000159537537
5000159516235
4060800305015
5013922061788
5037808008902
5035766050131
5037809009854
4060800305053
4060800304360
8720181005008
8714786258969
5000328285160
5000328285337
5000328285245
5000328285412
5031390116151
5010663815359
5000227511209
5000168208411
5060592005260
5000168025902
5010663807033
5035766050193
3800020492987
5000237135686
5449000012203
5000237132746
5010737002258
5000237135662
5031396068201
8051093180133
5010478436893
5060446100455
5031390116236
5060446100257
5000168023335
5000232816313
4008429137389
5060592004942
5000166154352
5014379014938
5410531544570
2487824878
5000382111481
5060148621159
4006424270445
5012035962333
5000166154338
5060078185677
5000435010082
5060221249850
6939287948689
5060055660173
5010478688100
731722657356
8005890802972
7622210626257
5022822205345
5020379161459
5029788175347
5029053578231
8714786255012
7613039603079
8004260442169
40084015
5055566995210
5000168215891
5055028383012
5020379162074
3263286350598
8018075002234
5000171056047
5018420550031
8005890805188
5900535003109
5000168030104
5000237134993
5000354914034
5012035965433
5010438018114
5012035965013
5000168207414
4060800304995
5037809009755
8710447455807
5056079900463
5010038441893
5010153870349
5010153871216
5035766049333
8904000907432
5035766184867
5000435016152
42102120
5010478602304
5031390115956
5000143763034
5000143223255
5000143545067
5000143798111
5012035962227
54009677
5060592005246
5032227449091
5012035965556
5000382108894
5010327255286
6939495512115
8410655000430
5000143943016
5013635350704
5020379161411
5055028301658
5020379156950
5020042001228
5000185115426
5010482234508
5053990160839
5055028383036
7613287947857
7622210959942
7613039491348
4002359010712
5000143998429
5060751215486
80578659
5012035965396
8004248002101
5029053035390
8000500367346
5000237135600
5000382107057
5000112649864
4008429114113
5060751215813
5035766185079
5060291432558
8716700018345
8992741906425
7613287947833
7613287509505
7613039957325
7613287579744
5099873022238
3664346330435
7622201425982
5031390116434
5024993732033
5013668432699
5020379157292
8004260295499
5037809009816
5037808009817
5060592005307
7613287481795
6931722311386
5010663250754
5000393041234
87353921
5029053575834
5000166154413
5031396068249
5037808009091
8716700018352
5410316233446
5012035964986
8888056707607
7613287411143
5000159530736
5060066941506
3800103433425
8715144010519
41594264805
5410976450016
5410976539124
5056267000876
7613287228765
7622201446444
5020379158527
7613038759456
4060800304896
5055028301955
7622201786151
5000166154437
7613039281932
5000232019998
5014749350154
5000354914041
5998749141182
5016840102663
5010038470985
8051093180096
5060082931581
5201360501571
5000166063944
5000166044882
3057640554773
5031383020984
5000112647266
7393714899361
8051093180034
4060800305220
8001841271644
5022822201835
5000299296080
5025744525645
7613039284414
5060639123865
8001841279756
5000328200538
5013578157354
5000382108917
5010477353313
8000920461235
5035766050179
5055256532442
4603400002047
1200101069145
5020379149075
7613287431042
8053013236302
5000205047881
5037808008834
5000289933278
8053013233288
8888056605101
779140006042
8712436104819
8712436104840
8712436103768
8002230000388
8053013235145
5281064045809
8053013235794
5056079900890
5000166154376
5059001000187
5012035962180
5000185114535
5031390116229
5012035965457
8690146128335
5000289933360
5000168027838
8053013236340
5054267010857
5410228148210
5022822184916
6975207753063
7613287324122
5010038049198
5031390116410
8004260295529
5013668432415
5029053578194
7622210882974
3664346354301
5012128471797
5060167280115
50237906
5020379140461
5000157145512
5000143951820
5000232027665
8714100395899
5021932021203
5021932022309
5021932021128
5060751213352
5054563033512
5012035962364
5010228005522
5010238019380
5000177495130
5010314302481
5900951293610
8001841576916
5010228005430
5037808009107
5054267010994
5000328328737
8690146085164
5011003000053
5054267011090
8690146128298
4008400836300
5449000276025
5010238020256
4008211002437
5010038481820
3415581154924
5000299618943
5000232020116
8006540094242
5942326400049
5000168027890
5053990164745
56042046
5020379165365
5011792007172
5029053579962
4002359016721
5000157145611
5000157142115
3502110008978
8720182005908
54009660
5000157145628
5011792007189
5099556024481
5011417567180
3415581101928
5011061114006
5054267003460
5011053025006
8053013233141
5034525012779
5013668421112
5942326401442
5711953134364
5000159537926
5060592004409
5701397336097
8001841583716
5054267010185
5011187117448
5010038468029
8445290026590
5031390116403
5099556024467
5410976531012
30062092
6939287939502
5012128447143
5024993732040
5010232967472
8901810000377
8717163635865
5031390116168
7622201789732
5410438043077
5023139210107
5000267184593
5010356005975
7622210626264
5012145013185
5012213439138
5060221246859
5056175924080
5060082939051
5055566911340
5056175901647
5055566999362
5010867400092
7610594253121
5060336502383
7622210626271
5037808009046
5011792007165
5010511479283
6931722312017
3024482270109
5020379165389
5037808006298
5201360531226
5010663250259
4872808619434
8801069413082
8801069412986
5000171057808
8901810000469
5037808007103
8005415049820
5022822159839
8004260295512
5029788175514
5010029225204
5060016800815
5060391625607
5020379156912
5059001002952
7804320752426
5037808008537
5020379050951
5037809008628
6939287918651
5011187120042
5000354919626
72417170607
5011792006816
4009445022017
7613287324023
5029788175903
8004260295482
6939287927592
5000382113232
5099556024504
4014400931198
48415541060
5903082241550
5011187113150
5055028302211
5020379124201
8005890006837
5099286007990
8005415046447
5000168027296
8005890007926
5000382113157
3245990117155
5060896623214
6970738800316
90435348
4009900539326
6939287948665
6939287948672
5012035968694
5037808009732
5029788175248
6939287948658
5000382112662
8410525229701
5000382113119
6939287948719
4067700018601
5020580019846
5013668434228
818477600018
611579770012
5020379161558
5013668434204
5011417567197
5000143951721
5000168030838
7613038575896
5000168030852
5010338016074
5035766382294
5000382112921
8720181157226
5032619240275
7622201516505
6931722312208
8720181109577
5037808008872
8005890006899
5060066340699
6939287918606
8901810001725
5060751215257
7613287959751
5000177497370
5012035946913
5020325130317
8716700018284
5026035775541
8901810000018
5000168030814
5056192406361
5000295145115
5012035968588
8711000391686
5900951293658
5035766064671
5000382113393
5035766382324
9506166481482
5000168030937
5000177497479
5037808008469
5010029227345
5000157146915
5034444101127
8850389103159
8850389103142
8850389103166
5034444101103
5000354914379
5000177497431
5054267011953
5055028358300
5060089417309
5010663817292
4060800306623
5010228005218
6939287918644
5031390116199
5000112656756
5035139216898
8850389103180
5011187120141
5037787110436
5099873015209
5060874140009
678290
5060874140016
5060874141112
5060874140061
5060874140078
5010663817179
5010663817230
5010663817278
5054267011991
5000143946215
5000112656169
8681451510014
5000112656763
5000143978339
5000431025967
5000112658125
5010052113462
5026489500140
5060896623368
5000328555584
5029788171844
5410438042957
3017800194904
8720182114600
5026489493725
5026489496061
5026489496849
8720181163562
5026489493732
5017764002671
4060800306630
5449000009180
5029788167441
5031390116595
5000112656565
5010153871742
8715747113464
5017764125943
5000112629279
84196842
7613287912619
5027863608162
5410438042971
8005890803948
4009900541893
5026489493718
5037808007837
8005890803917
5054267012028
5027255078702
5000177497493
731722657288
72417195389
731722657349
5010663817315
5000382113256
5055028387348
5026489487632
5029788171837
5000177497417
5000382113317
5000112656558
5029788171868
5010052113660
5054267012066
8711000495100
5000112658132
5000112656749
5054267012059
5060896623092
5000295008069
5011053022272
5099873046258
5035766064688
5010038483688
5000299618448
34000939572
96193310
5031390116564
5035766050575
5035766185154
5011166068501
3049197211063
5010284100070
5014379019094
5449000308122
5000281053264
5410316966153
5070000270104
5000112552126
5060409361008
5060082951190
5060896623276
5000382113713
5000112658163
8005890802910
5010658316106
5070000270142
5010327405766
5011166062509
5410316962728
5053990161935
5000168027340
5000168030098
5900343007764
5000112658149
5053990168187
5900699105954
54009691
8445290026637
5060221249911
5900699105930
5054267011960
4060800306937
5010103946346
8904000907425
4060800307101
6939495510470
5056192407276
8445290088017
8445290087706
5031390116502
5000328314907
5056192407306
5000237121351
5060896623894
5053990168217
5054267011977
5059319016986
4067700027504
8445290094537
5000112552539
9506289516252
5000112549591
4060800307088
5054267012165
5011187113211
5000112658071
5010102244047
5000112658392
5038512002163
8901058824032
5027785807629
5000328014159
5010663817216
5000108240952
5020379050890
5010663817438
5000382112648
8850389111352
5000237137321
5010438020186
5024993732170
5059319018812
5000177497394
5410438042995
8445290019554
5000112658408
7622201451301
5000354914355
5014379019148
5012145013512
5000112552508
5000112552133
8850389106273
5014379013573
5010035068604
4060800306654
5020379149303
6939287927547
5000204957778
5741000220139
5012035962159
3057640569043
5012145013529
57030609
5010153870219
5060041766223
6939287927608
5055028387355
5010438019760
5056175912414
5000237137307
5014379019070
5000112552119
5410316964821
8715746113458
5000112656787
5053990168156
8938506311240
5060481456486
4060800307286
5060896623573
5029053578200
5060292125107
5012035969400
4060800307033
5010478701458
5000354921308
5099556024962
5000187154423
5740700987984
5011792007394
3800205870517
5013635116614
72417195723
5060041767138
6939495523586
6937643503015
8445290076243
6937643548153
6937643548061
6937643548078
87354317
4009900381352
6975207759294
5000387908673
5000143768145
5027952015680
5010034012820
5010314312176
5013804000751
5060896623603
7622201713546
5059001003751
5000177498124
644536248217
5013668435102
5012035969479
5000328017952
7622201703325
5000168034065
6942836723392
5060896626123
5010478281462
5060078185837
6937643523105
6937643548160
7622201703356
5000289935371
5060896623429
5054267012110
5012035968878
5060896623702
5056192402240
3502110002679
5000177496533
5010035069342
4008429140143
8006540584071
5000177496502
5060041767299
8901810001756
5012035969387
5010663817414
7622201713812
8712100837890
3800205875109
5000382113935
7640175740771
5010102244269
5000168034324
5031390116748
5011166066248
5000177497455
8901810000025
5000281071343
7622201714178
13798741
5000354921681
5000208057672
5000289935562
5000382113812
3256540031814
5000387908703
8593893783690
8006540723517
8445290076311
5027342003914
5053249228211
3256540031821
5000168033877
8445290460363
5027952015321
8711000702673
90453922
3086123001060
42186502
42193838
42193814
42193821
5000477673184
5020535010461
5020535008529
42186496
5000187159435
5410531544549
4060800307125
5027342003884
5060148621227
5000382113911
5012389673336
5054267012134
5054267012257
5010034011533
5010038485903
5054267012202
5060041767282
8004260001397
5000289935548
5056357907443
5011053003325
5060328920157
5020379156974
5000382112846
5012035969349
5035766064695
5056376700032
5070000594705
8002889000821
5010478750128
5060402905193
5050375052949
5015302455705
5016840102281
5010102244276
5010052113769
49000093261
5056192406712
4060800307026
12000211614
12000204968
5000289935319
5012389673329
8445290076298
5014379004717
5010238021000
5056357902493
5024993732149
5012035969356
5000177496540
5013668434242
8710847924507
5060041767503
5037808008940
5054267012158
5054267012301
5000382111344
12345677
5055028310735
5000157146922
5000382113027
5052799000285
5060066942152
5012035969462
5012389673350
5000143601077
5018970094535
5018970094542
5000393175397
5000393175366
5000393175335
5000393166845
5000393166906
5000393166876
5031390116830
8000300411669
7622201447687
8801062881741
8690146168690
5410316967082
7622201713904
5011061112156
5055028388123
5012145013208
5391516876957
5000168033976
5013804000768
5999860497097
5055028302433
5000237138991
731722657295
5053990168392
5016840202356
5010102243897
5000208038053
5010035069373
5014336062873
12000211713
5055028387386
8445290103659
8720181245749
5055028388642
5000143968132
5010438019890
5052578042703
5052578022309
8445290076274
5000281071190
1210000102225
6975207753094
5010438019791
5060041767145
5000328315102
5053249228136
5060148620909
5060148620862
5056357907429
5031390116793
5024993732095
5012145013819
5000354921315
5000382112884
5000382112969
5000177497639
5060148621036
5012389673343
5029053582047
3068320128306
5010663817353
8410525238819
5010663817537
5032227445451
8006540723463
5050375051270
5038673233208
5010103946827
813497007809
5060045591296
5060045585141
5038862233019
5010663817339
4014400932812
5010663817575
8000500359488
5000289936101
5000328017501
5000354921322
5029053582122
5031390116885
8000300401073
7622201446741
5000157147912
5010035068659
5016840200130
8410031975215
3800020443163
5010052113677
5904310231046
5000237139073
5000157147974
5000232898692
5000177498315
5054267011984
8445290437525
90453939
5056357902295
5012008724401
5010459000570
5000112661958
5000232030320
5052578039451
5410316967716
6931722309635
7021930010566
5031383020687
5023139213405
5000177498209
716165296867
5012035969417
3502110009937
5037808009121
3086123347328
4008429137365
6975207753049
6975207759287
8445290059185
5038862235488
7622201703486
48256291063
5053249229669
8720181259555
6975207753087
5056287402643
5010438019838
4067700028655
5027342003303
8445290431301
5054267011762
8006540723173
8720182371560
8720181259548
5055028343894
7622201679460
8695122004467
7622201716950
5010137012505
5035139213569
5000328017839
8935001726623
8445290459893
5029788186534
5013922040677
5056357907528
5000112661941
3800020403563
5054267012295
5014379010893
5013668435140
5010029228328
5054267012653
5020379161572
5020379155830
5017375036805
4018077000638
1232299
5000393041265
799439063709
5000382107118
5017375036867
5000157150028
4002971776706
8935001726586
6937643548139
5060391628202
4015400495642
5038862236898
3574661694993
5410316966900
6937643548054
6975207753179
5035139213644
5011273047048
5011792007424
5060672730129
5021932023269
3086125705010
5031396062469
5056357905524
5060043671761
5020535008826
7622201726409
5000168033952
7622201726461
8445290460806
4000417219008
5012035962142
5010478427891
5000354923128
7622201637194
8002889000807
6937643523051
5410316968027
90453915
5031390116762
5012035969202
4000177029367
5000328017983
5031390117233
5011053023637
5000382106609
7622201460792
5000112662092
5028748105417
5000112662139
5035766064817
5055028301771
5000431026216
6937643548085
7622201713997
8005890802941
8002889000869
7622201703622
96200025
7622201726485
5000177449669
5000143650099
5000354923135
5055967555532
5055967555563
5055967555525
8690146166702
5060896626987
4012824402492
5035766050728
8006540562451
5000185114986
5000281072630
5000387908796
5000431027411
5000435011133
5000431029507
5010478258419
8445290076229
5012035970253
5012035970284
7622210879363
5000177498339
5060896623399
5900951252488
8445290460462
6937643548146
5000382113171
5060218710776
7622201514655
8445290460349
5052578039352
5034444101301
5034444101332
5010238021192
5000112645286
5900699104070
5031396077555
80812562
8001480020603
5000177498186
5000168034300
5017375036812
5017764901226
5037809008482
8001090731807
5059321005381
5410438043756
7622201703448
5010084103363
8410525234217
5052578038706
5010029228489
5000168033914
5060181370151
4012824404168
5056357907405
5010134921145
8720181263613
6937643548122
5060178721003
3280596100804
8004260001298
3280596100927
5034444101318
5000112662115
8720608007028
5011157996516
90453984
8720181218224
5000159549691
5055028301764
8445290460486
5055028388987
7622201726584
24000150817
5059321005213
5000168034348
4008429137402
50143790128
8006540730478
7622201713874
7622201713843
5000177496519
8445290437488
5053990168422
6975207753117
5017764901240
90454028
25802323
5010511480111
5900951306587
5900951306563
5012035970246
5000168034942
8720182413765
5000112662009
5000328017655
5060041767497
5908230529917
5013922042527
5029788200773
5000112662122
5035766382355
5000112645279
90453977
5000112662030
90453908
5410316967808
7622201640439
8410525254444
5000281072388
8410525257094
7613287172907
5000185116782
5000328015378
5011007023713
8720182371577
5000157145796
5000159549714
5016840102670
90448751
6962356126626
5031390116878
8445290461223
5059321005183
4060800306739
8004260001274
5054267010888
7613036400909
5998749141656
24000150824
5000328016306
5000281072463
5900699104087
7622201638450
8445290460448
90456978
4008429061158
5000112662054
5011251829123
5012035970390
5011251829062
5060041767480
5000157150073
5000281072494
5000328017532
5000112515039
5060082956829
8715700123943
5031390116472
5031390116960
6975207753001
7622201726560
5000354914058
5035766185185
5060123607253
5010084103677
5027952015703
5201360543601
5060672730037
5010029228205
5059319014784
5000213027004
5012035969301
5035766061199
7620511803001
90453991
5000112515022
5000177498148
8691484801089
5000185116799
8003340095820
5391514010247
5000435016619
8000353003149
5010745056298
5000112662207
5060082956812
5055028302358
4002971775402
7057167011960
5035766185178
5010478291140
5020535010485
5012008570503
5014379022551
8003340097169
31200019080
5010084309659
5000394140851
5000394141117
5010084702399
5000112512793
3057640514678
5000112662108
5055028387362
5000435016640
5060078185714
5060296563264
5000354921223
5000177498353
90453946
5000112588385
5060409361152
5000112661996
30058569
5050375107878
7622201726447
7622201726607
8720181157219
8720181106101
7622201726546
5053990164318
5010699528162
5032227442580
813497007038
5410316967686
5000166154505
8715748113470
8445290459879
5010511480098
615357242722
8410136002724
5000112661965
5012035970260
5410316967730
7622201726508
5000177498162
5053990164714
5000204892253
8445290076496
5000289936033
7622201726522
8445290281241
8445290094629
5052578043007
5060078185899
5000394142190
7622201465094
5050375125513
5015302451936
5052578045100
5056170333832
5011597092243
5053249250595
5052578032100
5056175930920
5015302101060
5012145013659
5050565498977
5056338352811
5013478557889
5056338352774
5033298011545
5013478557827
5013478142627
5013478119940
5012145000239
5035766382362
5033298000020
5056338352781
5033298000846
5013478157225
5056338352828
5033298002031
5056283823114
5056338352699
5053249218458
5050375107151
5053249217642
5053249250144
5053249250113
5015302428136
5050375057005
5055706640222
5053249204475
8695122004474
5053249229638
5052578034807
5056170339247
5059001005120
5035766064886
5030481970030
8711000702765
6937643523044
6937643523129
5060041767473
42428138
7622210436924
6937643548115
5060221242295
8445290076052
5010663817599
7622201799076
5035766050735
5060218710141
5000112512915
8901810006232
5000382113294
5024993732125
6941976203474
48256210316
5900951306631
5060409361176
31200019066
5000112592085
5900951306600
6937643523136
5000112662153
8720182371232
7622201693916
7622201146801
5060896625799
5060041767398
5023472025420
5010228006376
5012389673145
5000354921292
6941976203511
8445290460387
31200020291
5014379022605
5000112662214
5025802001630
5013668435652
5000112557367
5055028301740
4009900541862
8710847924385
5030756001537
5034444101349
7622201142148
5012008724609
5000143947922
5000143923032
8719964033017
4008429070549
5028748105424
8719964032928
8719964033048
8719964032898
8719964032836
5037808008988
8445290460400
5037808008728
7622201142827
5016845004665
6937643548108
8720608007042
7241200720296
5059001009500
80883579
3415581113921
7241200712826
5023734183608
5000281072432
5014379022599
5000112662146
7613287624048
5053249228174
8719964032980
5000112662184
5391527000570
4030300023108
50717170
5023472023884
6941976203528
4060800309525
5000116111817
4060800309501
5056079900791
5027342003471
7427245146608
5025802001654
8711000702734
5020581272417
5013668435577
5000354921339
5020201473866
5010511479832
5010478597853
8445290459855
5014379022582
5000112662191
4001724042105
5055028389205
5056267008254
5017764901219
5000387908826
5023734190507
5414150410957
4060800309341
4060800309327
4060800309464
8445290459916
5000112662016
8720182371003
8888056708109
5000289933223
5000325047983
8445290431561
5010478654877
5011053014451
5056192408433
5000112555998
5017375371036
5010511480586
8888056603862
5023734190705
4001724042228
5055028388802
5056357907467
5010663817674
5037808008513
5010134916691
8715700123929
8445290462053
4009900537308
8850004099027
8850004099034
8001090283337
5056036508589
5056267001644
5000112662078
5019312081879
5000116127573
5011157996073
5000354921230
5000387908857
7622201732547
5011417566282
5029788182499
8003340098920
5010663817698
5031396067044
5010663817636
5023734280109
5010102243835
8445290479488
5000213027127
5037787110467
8410031974874
5012035970758
5053249250205
5035766641797
8001440127441
5060312120105
8004260001267
7622201806248
8690146168720
5023734290108
5010478601413
5010478686946
5038512002255
8410525256110
7622201515058
5000101510878
615357242821
8850004099065
5449000008046
5029053586090
123456789
4009900482776
42212003
42211471
42189633
7241200712376
4060800309426
5029788192276
5000167056600
5000112662085
7622201749392
5000185114924
7622201749637
3057640510298
8888056603916
5000168039275
5010038483572
8000500397466
5000382115748
5900951306617
5010478938816
4009900426039
4060800309228
5010102243743
5010228006345
5000208087853
5000237139172
5010035069380
5000101510830
7622201749606
5060895748031
4060800309242
8690146168706
5010478995543
5000354923449
2080037021979
5000168039299
5000354921438
5016840102175
5037808008858
5000168039305
5410438044623
5000382115458
5000382116189
5010102245013
5060593140472
5000382115809
1210000103161
96097281
8445290639141
24000150794
5000168039312
5035766050797
5449000032423
5031390116946
5000382115007
5014379004786
5035766064831
48256297164
8690146168713
5010102244825
5000232029966
8850624131411
8850004099041
8850004099003
8005415042470
8850624131657
5010102245006
5000159551380
5000328017860
5410228307662
5060060210219
5031396072789
8002889000852
8002889000845
5000112662245
8445290631893
8622248749637
72417199608
5000157140227
8445290627193
8445290640277
5000237202913
5010035069366
5055028387744
4002359001642
5011157993539
5057624366147
4002359008047
5000382115922
5035139219226
5013804001130
5000328019499
5013668435126
7613287933003
8690146145875
8445290640215
5017403016434
7622201694777
5060041767589
5000328019284
8445290639172
5000112656206
5010478497108
5016840616467
5060296563257
8888056604012
5054267012516
5054267012462
8445290640253
7622201749699
8445290629753
5000393364968
5027952012511
5000159552189
5024993732477
5016840616429
5031390116809
5017375433871
5031390117066
90454042
7622201749484
8000300422283
5000328019550
4060800309365
8410525256127
5000159551427
5060041767602
5060041767626
7622201762452
5029053582993
5012008724500
5000143904116
5010102244986
5000159551458
5012427075405
5035766065036
6972554316101
8723400827047
72417199653
8445290697264
5000232030856
5000382115762
5000328018805
4060800309266
7622201714918
5013804001147
5054267013001
5000159552110
4060800309303
5033601551218
5054267013087
5010102244900
4000177029374
5035766185352
5000435016763
4060800309761
5037808008629
5000143925012
4018077005435
5000382115472
5056079901255
5038512002262
7393714896124
5000204415599
5012035985196
5056267008230
1257436
5000267191850
5999571051366
5012427143005
5056175981045
5099556025631
8720181372179
7622201749514
5012427143104
5035766051275
5060947545663
5000382115496
8445290633187
5029788186558
5038512002279
5012035985257
5904310231435
5000116127702
7613287430946
5410438045453
5000382114802
5010035000345
5000159551328
8445290750693
5016840168287
5000382115434
8850389106280
5999571051397
50409709
5054267013223
5054267013230
4060800309723
4000539313325
5011053025129
5011157995427
5000112662238
5410438044029
5060947546080
5000168039695
5000168201177
8445290697226
5010102244849
5060296563202
5000143921236
4060800308405
5000382114406
4060800308375
5060593140342
7613287960085
8445290638809
5060409361213
5900951291593
5012427212800
5000116127757
5000213008232
8004260289603
8690146168034
5016840202363
5000237202333
5060895748215
5000328019529
5035766185376
8850389112878
5016840102182
5056079901316
5000159551366
5707577130318
5000159551526
7622202006814
5000382114628
5060218710028
7622202006630
5000382116042
5012035972127
5011792002962
5000328103631
5056079901309
5000237202739
5000159552097
5056025440494
5000393171382
5000393174529
5000393174482
5000393170842
7622202006609
4009900545068
7622202008610
42186472
5060082931499
5000168041087
5000171033635
5060041778936
5012035971953
8445290757036
716165284888
5060172545155
5000328104003
5056357910474
5000328463179
7622202024832
5060041778950
7622202022272
8711000707791
8006540973516
5000232034861
5059001014337
5000354924507
5057624854194
8720181442520
5017974010879
7622202395383
5059319032047
5035230000013
5000237139998
5056079901200
5410228314127
5059319022284
5010038486566
5029053583020
5054267013049
5000232035318
5060464668388
5016840200109
5055028311039
5000382114260
5012145014434
5055566983828
5056036502778
6975788623533
5035766051114
5000382115533
5012035985417
5012008753104
5000354924385
5000328446196
8710306925267
8720182443878
5060312120112
5000116127726
5410316967945
5000185117338
5010153872183
4048422157755
4009900544726
5000393170729
5000393170934
5000393174451
5000393170606
5056079901286
8711327578968
5010603001279
5010603001088
5032539000065
5032539000133
5032539000027
5900951307881
5050375947825
5054267012998
5056079901156
5055116588848
5056175935499
5031390117172
5010478781467
5099556025556
8445290752116
5012035972103
5010153872169
5000112662160
8445290629692
8723400828785
5012035972134
5031390117158
5056079901293
5000328021515
5012035971915
5056192410047
5053990174065
5056357906705
5410438045514
72417199561
5012035971939
8006540867594
5000328447063
5031390117240
5000168024080
5000393180278
5000393182142
5000393180391
5000393180360
5000393182111
4060800309662
5000159551243
7622202006784
5000159552073
6937643523075
8723400826989
8712561698528
8005730029064
5000328021454
5023472023402
5000328021300
5053990174003
8018075042315
8445290639196
8723400827023
5055945401769
4009900546287
5026418055727
5010511481330
5000382116004
5010414354052
5000157150783
5000177499053
5056079901279
5054267013322
8723400827009
5000237202340
5059321005152
5029788189085
5031390117202
5060895748246
5035766065029
5900951355011
5031396070211
7622201729752
8445291876354
5010153872176
8850389115367
4060800309402
5000382116165
4060800308450
5000382116066
72417198212
7622201732103
8445290704061
4060800309280
8006540918142
5000328019468
12345678
8445290697363
8410655007019
5000159551502
5000159551472
5000158100718
5000158106505
4060800309600
5000101510816
6970925916387
6970925919661
6941976203283
5000289936002
5056357909874
5010278101366
5012389673732
5013668434754
5000227514507
4060800309204
5000159553032
8720181372216
5010038489567
7312040340132
5060082951213
5410316967921
5054267012981
5000158065888
5060947545489
4060800309648
5060895747195
5016840168294
8413760011193
5012035972035
5017375033606
8445290728302
5029788203750
5029788186589
3017800194980
5013635755257
5000354923012
693764354817
5035766065005
8006540953457
8710306091832
8445290301819
5056357907566
5010663807408
5024993732439
8445290632012
5054267000490
5056267003167
4009900544702
7622202006692
8445290638823
8003340092256
8445290640291
5013967019058
4060800302717
7622201517496
6970925916530
8445290750679
5000178112784
5000232029980
5000112656992
84460554
8445290632036
4060800309389
8445290697240
5011251140921
5020379173520
5056079901262
8723400827245
5000281072418
5904310231558
5000354921179
8720181303272
5012035972066
8006805399013
4025500287467
7613031426706
3664346340397
5013478114648
6970925916547
6970925916332
6975207753155
6941976231958
5065014663370
7622202396359
7622201725976
5061021920130
5011251829185
5054267000506
5013668437090
8720182655943
5000226002012
5012128498527
5035766051633
5000143942323
5010314312183
5057624877056
5000382115823
5060947546059
5010549101910
753854584157
5000237139981
6970925916608
6970925919678
6970925916578
6970925917018
6975770417171
5000159551588
5010314312190
5000159552165
5035766382409
7622201749545
5035766051107
5010038483558
3664346340458
5035766382393
5414150410988
5711953149702
5056192409799
5059697996955
7622210575876
5000185117345
8445290553409
5010663817759
5010228006482
3159560013412
5057624854446
3159560546002
5037808008490
5031390117325
3664346334297
7622202008719
5000143949339
5035139217505
5035766065555
7622201749576
7622202024986
3800020493267
8593893786035
5000237202456
5010102244351
5017375034757
7622202022548
5059471000090
7622201749668
5000112630077
5000112663921
5065014663394
5020379175425
5000168000541
5035766065562
8006540925027
5000393182050
5020379169684
7622202022654
7622202014550
5000168041315
4062400167109
5011053025648
5060391622569
5010478841246
5060072652236
8723400797746
8410525261060
8720665000024
5055566985297
5011417554876
5060391622545
5000168041100
4025500287504
5031390117455
5060253701265
5055116594771
5010511481491
5020628003394
3800020453919
5060041778943
5000431000339
8593893786059
5000168000565
8445290638885
5017375034672
5031390116977
8000500418192
6937643587183
8410525261084
5065014663073
5055566985310
5031396083075
3245999793213
5060041767565
5000435016732
5016840200147
4602606007597
8445290629777
5010478561021
5000168041124
8711327581227
7622201732509
5056267000685
5000342000725
7622201749422
5055566985327
8690146174547
5000157150813
9311789003665
4044551061208
4018077005411
5000159551649
5032608000200
5014379025781
4060800306906
6970925918473
5410316967754
5011053023545
5000342000671
5060253701296
5060253701319
90456787
5010153872459
5053249206882
5900783009724
8435124856332
5060464668357
5410438045491
96204627
4060800309488
8904018300591
5055257804883
5056267003099
5059321004353
8445291113671
5000435011645
5060947546141
50237982
90456473
5031390117417
5060257212736
5900343011723
5010478487147
5000237202630
5023472024041
90453953
8445290752130
5031396074417
5060442892163
72417199615
8904018300249
5000101511592
5031413953145
5028748000040
3574661730790
5031413927221
5012035972318
5000382120407
5059001012401
5000382122210
4009900544801
5035766050759
5410228312253
5060253701784
5035766065012
5010478457126
5056192402332
5000112603590
8445290301529
6970925919685
8992741906890
7622201732851
5391527000563
8006540898987
5000342000695
604565228949
24000150787
8445290640239
4025500286125
5410438045477
8006540867563
8006540867525
5000168039329
8850389116753
5000185117321
5060391625713
5059321004322
7622202203626
5060409361459
5053990176229
5014379013016
8445291117716
5056192411976
6970925916554
8720181303265
6970925916998
6937643588395
24000150770
8410024711103
5000328329529
6970925916349
8445290751232
4009900544740
6970925917025
8996001320839
8720181336928
87108040
5012035972011
5000159563000
8720181268090
7622202022050
5031390117578
6937643588388
8850389103173
5000143920819
5000159564854
7622202396519
5060253701814
72417197543
5033747000106
5033747000403
5033747003701
5033747003206
5033747002315
5033747003404
5013742510930
42182634
5031396057793
4060800309624
5038512002286
5000382114864
5031390117059
8445290483324
5000159551557
5000246728725
5027324001839
5027324001860
5034525011277
8992741906845
7393714896520
6970925917124
96097304
3254474026081
5017764003982
6970925919753
4025500286149
6970925916356
62108195006461
6941976203337
5033747003602
5033747000205
5033747000809
5033747001004
5033747001516
5033747002100
5033747001707
5010238021802
3415581152920
5013143181135
5010252106141
5010238022373
5031532023521
5000116107261
8711327583610
8711327580336
8711327581562
3760126978573
5000295136793
5011187104295
5060296563325
5035766065982
5010478511729
5031396087851
8410525262883
5010511481347
5000382121749
8723400827221
5711953161896
4710578373180
5000159557672
4014400935202
5060041767695
5053990173976
5908230519949
735850187006
4009900545044
4009900545051
4009900544993
4018077005459
5060947545939
7622202006845
8006540938713
6941976203368
5055028388789
5053990173914
5056267003075
5056267003174
5000328021249
5010511481293
5000431000155
5010511481309
5000101510892
5011187104318
8720181263033
6975770417270
6970925916394
6970925916486
7613034753854
4025500286163
8445290437556
4048422157786
5012035985233
4001724039051
5056267002412
5055566908449
5055566971702
5056175971701
5900699103943
5011061105066
5033601555292
8723400798019
5056267002245
7622202006722
5059001012418
7393714897312
5015818129633
8718951608061
5000204249378
5000237202432
5000168028804
5060082931543
5000232897237
8018075040779
8018075001947
5029788165881
8004260001632
5060041767572
5000328021362
5000159550871
5060078185813
5055028311053
5056267002962
5055028301337
5011187107494
8445290640314
5031390117028
5000159550239
5055945401530
5029788168608
5010038489628
5053990174034
5059319026381
7312040017201
5013668434679
8445290720344
5060048308723
5012389673725
5055028387157
5000157150035
7290104507045
5017375034733
5056267003259
5010663817797
6975788622505
8719964032867
8719964033079
8719964032959
8719964033109
8445290638908
7322542025246
7622202022517
5059944010335
5059944010311
9506728855720
7622202051975
5060072652243
5012035985448
5012144001558
5012144001565
5059001012517
3574669907569
8445290639127
8720181263019
5010511481187
5056267000777
5017375033620
7290105690005
8410031976960
7622202396441
5026281920566
5037808009756
5037808009749
5037809009762
5037808009787
5037808009152
5037808009138
5037808009145
5037808009053
5037808009077
5037808009084
5037808009022
4018077005930
5037808009015
5037808009008
5037808008896
5037808008889
5037809008963
5056617572503
5056617572534
5056617572473
5056617562719
5056617572572
7622202396373
8850389118870
7290107872386
7622202396212
5016845006133
7622201393779
5055256533180
8850389118856
5037808008742
5037808007073
5037808006892
5037808008544
5037808008759
5037808008551
5037808008520
5037808006373
5037808006328
5037808006335
5037808008650
5037808008681
5037809008703
5037808008698
5037808008667
5056036502747
5037808006922
5037808008452
5037808008643
5037808007868
5037808006359
5037808008438
5037808007851
5010292937859
8719964035905
8719964036001
8719964035929
8719964035981
8719964035943
5031390117141
5000232034823
5011061162274
5011061162212
5011061162243
5017375034740
8000500418147
7622201393793
5410316959346
5011061171535
5000289937252
8003440927359
8719964035899
8719964035998
8719964036292
5033747000717
5033747001219
8003440927311
5012389674104
5037808008933
5037808008957
5037808008803
5037808008780
5037808008797
5022822162914
8908011789049
5056357911310
5000342000732
5000168001555
5056617540335
5056617572497
5029788195468
5029788195420
5033747003909
5033747002902
5029788203699
5056617572466
8719964035936
5012035972226
5011723047239
5010292937897
8008440512444
5061031410294
6974734434261
6974734434322
5056617582687
8445291255784
5056267005079
5024993732378
5024993732736
7622202396533
7622202210594
5035766052029
8717163619483
5900343011709
5035139219233
4009900546263
5010478614413
5010292941061
5013668435430
8888056706600
5000354921711
5000354922985
5060391628905
4060800309136
5000143992830
8445290697936
4009900545945
8006540994269
5000382116028
7622202022081
8008440246004
3800020453506
5060391629476
5056086500540
5011251028502
4009900545921
5031390117318
5000159565578
5016845004092
5010134922135
5010292947827
4009900545020
5000159551199
8593893788237
5053990173945
5000237203057
5010718204916
4062139015467
90453168
42186489
5020379176712
5020379174831
5000112630084
4018077008160
5000159551281
5010663817773
5060947545205
5017375034702
4062139015580
5011273047222
5060947545458
5010718290018
5000232034847
5000382114741
80906438
5037808008841
5010775203075
4009900544764
7622202022388
5059944008912
8693323162115
5031390117356
5057624853500
5059319028927
5027952014980
7622202022241
5011053025679
5012035985431
8410525261145
12345571
5056192409768
5017375034719
8006320018376
7622202211942
7622202342271
5060592005321
5000159603508
8445291861831
5056709013716
5033298011514
5059697996931
6970925917131
5000168001579
5035766381969
5035766065524
5060136251467
7622202022210
73188056
8445290628442
6970925918466
4002359019272
5010038486009
5031390117301
5056079901224
5000382121725
7622202039775
5000168041230
5010052112861
4025500286187
5020628003196
5028763014398
5000168040820
5000328022642
5000143944310
6970925916622
6937643548177
5010663817735
34000470778
5000237202937
5000328022529
5000159552325
5054267013155
5012389673718
5016845006126
5000295141599
5037787000539
5010478402232
7622201749453
7622202022029
4791034070287
5014379025385
5000204308891
8690146174523
5011792008384
87354126
8723400799931
6970925916479
5900951308093
5060136251481
5014379025576
5012389673749
5016845006140
90454912
5000112664218
5000382116080
5037787000522
5035139207261
5010663817810
6970925916561
5014379026856
8908011789056
5000112664263
5060358090387
4014400935172
5449000319371
7622202022609
5026445001995
5026445002015
5000112664270
5012035985523
5020379169721
5020379169707
5020379172134
5020379174350
5059944003726
5059944003740
5059944003764
5020379169646
8004260013949
5026445001971
5020379173308
5012035985271
5014379012873
8908011789018
5020379175449
5020379173070
5012035985493
5020379176095
5020379169943
5012035985264
5059944010458
5010478381476
5010018002212
5059001014344
4014400935141
5020379173261
5010038489857
5020379171090
5016840164692
5059001012364
5020379174817
5020379176743
5020379134033
5016840102243
5000159552349
5010478290723
4002359019258
5012035985585
5060082931598
5031390117264
5060468011180
5059944011509
5020379170024
5026646000490
5020379169233
5020379174855
5000159552370
5019827199762
5059944002873
5060181370168
5059944009599
5059944012155
5000116127788
5000232001603
5016840125303
716165302490
5056175973484
5056175989072
5055566907541
5056175972180
5000159550079
8908011789032
8710306906006
4009900546935
5031413947885
4014400935158
5059944010373
5029053585611
5059944010397
8720181465482
5904917030936
5711953156717
5000143954036
5020379173322
80970019
5059944000374
5016840102205
5059944008219
5060218710257
5020379173889
8715700123912
5018190009012
5901867815347
5018190009036
5016840168355
5000281074924
5018190009449
31200020338
90456596
7622202396410
5000431000544
5056709013174
5031390117332
5059697997297
4009900545969
7622202024887
5010153872671
5011053025075
5900343011839
8410525261121
5000159551724
7622202008634
9002490261191
5449000029645
5000237202395
5000168039336
5010511481040
5000112663938
8410525261138
8908011789001
5904917030967
7622202008658
5000112663976
5059944009575
8445290697912
8410525261114
5021885020827
5059944012179
6941976231866
5059944009551
7622202022302
5060947545786
6975207753032
5010511481033
3800020493281
7622202009006
5020379171496
6970925917001
5024996812237
5060041778929
4009900546508
6941976231736
5000328024677
5000168041292
4060800308443
5060198250668
5031396082450
5013668436307
5000112664003
5012389673695
5014379025293
5000112664256
5059944011523
5020379173285
5059944010410
5059944008172
5000171033628
5065014663417
5065014663080
5065014663110
5059944000633
5014379015591
5016840164319
5000143918830
7622202008764
5010038489987
8720181287626
8720181295546
5059944009636
7622202009198
5010478271142
5059944009537
5904917030707
8723400797807
5031390117349
5000112663990
5060041767183
5020379175487
5070000120713
5070000120775
6937643523068
6970925916516
6970925916585
5022996153688
5065015426042
5000112663952
5900951308116
8593893786011
4000539280061
5000112663914
5060198250835
5059944010434
5011053025556
8410525261046
5011053013591
5000393181541
8003753900704
5000143923414
6970925917117
5000112522853
5035766065531
5000393181961
5020379171472
5031390117271
5010301044813
5000393181428
5059944010298
5000143969429
90456466
5000168001562
42202592
8850389111376
5000159564014
7622202208942
5000382121701
8410525261169
8720181442551
3574660520101
3245990155515
5059001015846
5056267004010
5014379025415
5012035972202
7427245146615
5000254020408
5016840125310
8445291036086
8445290719638
96204634
5055028387881
5000159565295
7622202396199
5000159565318
5000159562966
6970925916325
5031390117530
8710306924857
5060409361480
7622201681364
5000159539142
8445290934512
5000159555210
7622201680824
7622201681517
7622201681005
5000159555234
7622201681067
7622201680947
7622202396465
7622202208768
5035230000044
5000382122104
5060254750026
5000143938623
42215424
5054267006119
7622202203589
5056617572459
5056617537748
5056617572589
5056617572510
5056617540311
5056617537786
5056617562702
5000204325522
5900951315398
5029053500294
5000159564892
5031396088582
660111899865
5052799000872
5059697996979
5055028397378
5053990176250
5016840200185
5029053569987
8710908764844
5055028387874
8445290357663
8720182655936
5016840200154
5011187122237
5056267003433
8445290757333
5000159563734
5031390117523
5000159559423
5011187122190
799439063686
8888101271404
90456589
5060060212510
5000143994322
4009900546171
7622202050404
5059944002996
5060147116175
731722657332
5060147116663
5060147115642
5060947545991
5060947549074
4009445022031
5900951313134
5054267001299
5029788183502
5059697996917
5000159564984
5000159557191
5413149849709
5031413910902
5000159565028
5059001012616
5000159561662
96201893
5056267003396
5010511481057
5000295158290
5059944009810
5060147116649
5010718402909
5020379173391
8445291259959
5059944003030
5033747003305
5056079900302
5901359154213
5060147115628
8710908765421
4009900549547
8711327584327
5038486600044
8711327627420
5038486100087
5000116128341
4025500283322
5000431000308
8445291194090
5056709013761
5033747002407
5033747001301
5033747000502
8000500418123
5010238014316
5000159550567
4000980274015
4002468222631
5010238013852
5010238020171
5010238013814
5010238019489
5010238022564
5025802001944
5010102342507
5410228322108
5000159558181
5033747004906
5033747005002
5033747002001
5033747001103
5033747000304
5033747002803
5033747003107
5029788176245
49000033939
5000159564038
72417199547
4009900549608
5032759009121
8700216095709
5010485231214
5013668437380
8710908778704
5000393181008
8850389103135
5031390117554
5031390117547
5031390117400
5056617582649
6974734434186
6974734434223
6974734434285
6974734434162
6974734434247
6974734434148
4060800308191
8710908778735
5060409361466
5000328026169
8445291255760
5010238022397
7622201389840
5390171005221
5000159565240
5000143914313
5000328026015
5000112669824
5900951313226
5010052115657
5060041768876
5740900404496
7622202207945
8721800400884
5035766051930
4009900549837
5035766065975
4009900549752
5038486200060
5035766065968
5057545899281
5000382121688
5038486100018
5059321004292
8018075042124
5000382122067
5059944009735
4009900549639
31200001351
4005900250940
5000393181039
8992741906883
5012035986490
4009900549738
5010052114827
4062139015610
5900951314674
105010478100213
5025970801339
5059944009797
5056192409829
5056617582618
5449000193643
5900951313592
7622201390686
5000393182593
5065014663066
5061021920123
5061021920147
5065014663103
80935193
7622202009037
8410024711141
4008429070365
7622201389864
5000159558280
5032759012022
7622202211263
5035766051916
3800020492512
5449000320988
5020379174572
http://www.hemincense.com
5029788197615
5000159565004
5060126081715
8904018303660
87366563
8901810001619
5056617572480
5060201181804
5904310231466
7393714898722
8700216315883
5054267014817
6970925916639
80916666
7622202211621
5035139219509
7622202211652
615357112001
72417203220
4002359019296
3600520432472
3600522496038
5010438013621
5000168003047
5029788201084
5900951314698
3245990269106
5056225900774
8445291139060
8594008047164
9311220008365
5024993732514
5056267004546
48256219456
8053013237194
5010658318285
8801043032285
8801073115088
5054267014848
8801073113428
5011053026539
8720181332005
5000237203804
5012035997922
5000143944334
5011053026508
4001686372586
5449000227157
5056192412003
8720181336188
5059321006319
8720181336126
3057640535468
8720182264664
5031390117646
8004260001960
6937080564792
6937080564730
6937080564778
6937080564846
6937080564716
6937080564693
5054267014831
724120071411
5900130040707
5031396073243
8711327622289
5010238022601
5900130033877
5054267014862
3600522499602
4009900549653
5000112630091
5060215333329
7622202211324
8003440927335
5056175969456
5000159565264
80846635
5010663817865
5010102244955
5054267014855
96178638
8004260014045
5000204043976
731722657325
7622202212819
8445291255159
5011007028046
5000143925623
5056204200062
8445291261839
5012035997946
4025500287481
5038673232249
6970925916318
31200001313
4009900549776
5000159565561
5031396087882
615357000001
8004260014175
5011157996899
4009900544610
5010388800173
8691484529006
7622202211973
3800020492536
5011061105042
5050668025650
4009900551267
5061031410171
5099873028384
5060108450546
5012035997953
5011581069305
90456619
5020535015831
5000143962826
7622202023712
5000382122760
5026619390504
5053249269634
5050565658487
5026619500903
304062437263
304062437232
304062437317
304062437249
5020535013226
5050565747815
5038104653674
5050837589310
5056170319799
304062437294
5053249246024
5011597092939
5055319511438
5031390117622
5056740200014
5000112664287
5900951315459
5020535011932
820206
5000328019888
5020535011918
5035139219547
5033747005309
5010186019265
5013635312108
5011157996851
5060108450881
5059944011486
5055257880382
8711000707739
5012035997939
79581185017
5011597011817
5011597093363
5052578010900
6923456811706
5055116583911
5030481970016
5052578034968
5052578013437
5052578035736
5052578035729
5052578014700
5053249221311
5011597011800
5052578017305
5052578014014
5053249008691
5011597001450
5053249229614
5053249227924
5053249248868
5056338396556
8720181425806
5030481985331
5056338396563
6416479002065
5055116594153
5030481985324
5030481985171
5055116581399
5056283823145
5030481930126
5056338353368
5038673121567
5056338353399
5013478557926
5012145011662
5033298008156
5013478119872
5013478557834
5013478165909
5056338353351
5059001012814
5035139213200
5050837590415
30406247
5053249217628
5053249216003
5060677904822
2000200038153
5053249254616
5060371459048
5060371459031
5060677903955
5060677904518
5060677903962
2000200191438
5053249003894
5053249003931
5053249003870
5060108450959
5012035998349
5013668437199
6974734434308
4008429140129
5017403097761
5060169382138
4009900549677
5000168001616
5060041779025
5053249228150
5053249251769
5060108450966
5020535014964
5020535021955
5020535012366
5020535011970
5020535011994
5020535008789
5020535008628
5020535008666
5053249266596
5053249266572
8711327614109
5010238022540
5900130037110
5010238022502
8051369003791
4002359020179
5000237203569
96207819
5000159564939
7622202210303
5053249204826
5031390117691
5060154911183
6246871255208
5998749141717
5449000083142
6974734434124
6942417206078
3159560013450
78000037692
42094579
5012035986339
5038512002354
5053249257631
12000130311
5053249269641
5053249261287
13748091525
5013748091525
5053249261317
5056170300414
5056170300476
5053249257716
5053249257693
5033849055653
5056617562665
8691484532006
5060810120409
9771359177576
9771366922015
9771366922022
9771366922039
9771366922046
9771366922053
9771366922060
9771469080278
9771463129430
9771360241877
9771649670510
9771649670527
9771649670534
9771649670541
9771649670558
9771649670565
9770963225161
9770963149719
9770963149726
9770963149733
9770963149740
0070177098940
9770963149757
9770963149061
977204936001644
977204936002644
977204936003644
977204936004644
9772049360155
977204936006644
9770307123710
9770307123726
9770307123730
9770307123740
9770307123955
9770261307811
9770261307828
9770261307835
9770261307842
9770261307859
9771742498213
9771742498223
undefined
9771742498243
9771742498253
9770956805520
9770956805530
9770956805540
9770956805550
9770307757119
9770307757129
9770307757139
9770307757149
9770307757159
9770307268110
9770307268120
9770307268130
9770307268140
9770307268150
9770307268564
977001120841744
977001120842744
977001120843744
977001120844744
977001120845744
977001120846744
977030712376444
9770261307361
9770957623215
9770957623225
9770957623235
9770957623245
9770957623255
9771742498868
9770307017018
9770307017025
9770307017032
977030701704206
977030701705206
9770307017964
9770956805363
9770307757464
9770957623867
9770956138171
9770039519873
9772047649177
9770956807473
9771478555972
977095817297503
9770956808173
9770263887175
977239779811309
977239779812309
977239779813309
977239779814309
977239779815309
977239779816309
9770956805510
9771742498233
9772041749002
9771755154089
9771759631661
9771758874076
9770039524976
5052952001463
9770307176616
9770307176623
9770307176630
9770307176647
9770307176654
9770307176968
9770029771625
9772045492918
9772045492928
9772045492938
9772045492948
9772045492958
9772045492768
9770965943414
9770965943421
9770965943438
9770965943445
9770965943452
9770965943865
9771465877377
9770307175213
9770307175220
9770307175237
9770307175244
9770307175251
9770307175367
9772040440016
9772040440023
9772040440030
9772040440047
9772040440054
9772040440061
9770955875305
9770307585814
9770307585821
9770307585838
9770307585845
9770307585852
9770307585968
9771740780217
9771740780224
9771740780231
9771740780248
9771740780255
9771740780262
9770791676579
9770965398207
9772047871134
9770307269271
9770033736627
9770968336411
9770968336428
9770968336435
9770968336749
9770968336756
9770968336060
977195048103485
97722643300016
977135731104010
977014139206710
977239689900111
977175244600279
977205331402110
977088622505711
977026642225011
977030656327110
977204512004311
977095570928011
977204266406911
977014382522811
977146563318811
977174743911811
977204734803212
97717508580126
977107443208011
977205258701344
977146840412942
977205005402957
97714783710602
977174331303045
977105477112310
977106516606211
97723968880053
977095485135542
977000268448542
977205514401525
977215928101211
977204645802211
97721641320029
977000279204310
977105978902441
977106675804412
97700030990669
97708968990339
977174685101082
97723663480033
977174565401811
977016123205310
977147099904011
97724518700066
97718747010104
97723971190169
977174534986042
977204592692873
977000332437342
977000333021342
977205376800832
977147382693082
977147628096811
97723662360033
97713555900273
97717467710113
977030610503763
977000365307710
97723967660063
97700038100129
97707908920489
977000384615841
977000385207411
977099097704038
977112397101025
97700038580149
977000386111310
97713531970443
97713631001889
977136908607387
977628571603510
977000435301310
97715472720389
97700043270454
977096065518310
977205721502791
977211434901624
97723981950021
977205659501483
977000438716211
977026946916011
977000440911611
977174223700947
97713605170716
977009163511511
977200947700810
977095197215211
97714784060211
977146842206211
977000466720242
977238039300312
977237870500911
977107578202310
977200981400110
97715415030089
977135318704511
977136943406510
97710349000627
977313043401419
977174868701311
97700504580527
977039383801620
977095488624142
977096745024841
977135745109849
977135582918942
977095513211811
977219912601410
977026994627242
97720552880163
977107688501311
977204771905411
977174809739311
977204085500111
977175761569411
97717485754648
977205737001613
977095553816311
977155697602629
977000553915710
977146849600142
977096389192253
977175152000089
977175327200643
977095911703643
977175246300943
977174809100143
97713574250138
977204384904551
977107780301642
977147652106136
977105078510010
97720496920106
977174108204455
977205142402919
977175272806132
977096642715911
97723973740023
97723973730054
977096174727610
977095758832610
977146985511111
97723977710164
977205875200211
977147843912840
977096671815811
977174598604111
97720590089935
977135096218811
977026536516910
977205039700317
977204715900321
977204792900220
97720588400068
977204627401123
97723967430077
97720567120088
977205011300916
977205098800316
977204722600220
977239713300513
97720566660048
97720593650038
97720593660178
97720597350047
97723967420007
977205678702011
977107249306910
977175016303130
977154435403411
977152856301855
977026224699742
97723979670061
97720590479789
97720588470053
97720570400495
97717595990225
977095309826344
977204141202915
97720581620094
97703101450438
97720585950052
9770954895243
977175776801730
977204400001816
977175729002032
977135566816010
977174497004141
977096035912846
977095519312645
977175729101030
97720449060063
97720572720758
97700060159572
977154322999930
977088347603210
97717533364010
977146808906713
977205677799127
977232774300745
977239722300310
977204454700138
977204454600438
97702622842103
977147915007711
977136952919811
977204143201045
977175996300799
977205454001693
977147043801312
977079025910012
977147561812012
977152952503912
97717536730256
977204360600641
977095987810411
97715941950078
977205179600313
977941740000035
977104992697211
977174544604011
977174957998086
97717431579489
97720502339811
977175484697873
977210413100315
97708479090269
977204507000335
977147563111211
977204472902536
977205137499732
977136807703426
977000192300411
977014372410111
977174327106473
977174516401210
97701364827665
97700989440059
977000620711610
977135426701243
97720401530159
977147007604883
977175562900649
977175563200645
977147671901710
977204881700123
977174764401783
977146633104596
977205180600924
977175563100942
977014045419311
977107248608511
97707453600044
977205664801711
977000625102742
97723976050074
977026914320610
977096718717510
977096604607718
977152218000612
977147324606611
977026332109910
977027730605110
977204440601828
977146081407010
977175307001554
977205560501125
977205350201544
97715315060959
977204775100929
977147750903710
977135379509711
977026491311811
977175108707711
977146610192142
97710983370029
97703766030069
977000675310141
97714747260242
977174890404210
977026269423110
977095609812310
977000685121042
97710735880232
97721511780063
977147692101410
97723979740042
97720509700152
977088274506111
977000697821411
977016119912710
97717644400053
97724456650074
977175315801010
97717579730911
977175330908510
977135744404551
977000703109310
97700070440009
977000707708442
977000711913511
977026856213811
977096807620111
977096182407610
977004027822642
977026798414611
977175482630762
977205255703011
977205767106941
977000733112442
97723971580082
977204026101710
977204011701710
977204646000110
977147007501074
977205135000740
977146272401879
977146633003119
977175172700370
977136154307948
977136365614250
97709378481293
977093736111611
977219935500111
97709600421121
977146218815511
977000763935011
97717497200099
977146814900610
977095578907710
977030993309510
977108947101210
977174353294356
97723987019822
97721678500028
977000795628042
977174791400428
977239773901611
97723988630002
977205490802110
977146490303936
977205537600310
977205926000113
977205078400111
977000823019842
97720544090164
977135014522210
977136203116211
977273923090410
977000859818211
977000860007610
977000860111012
977096142602742
97715561780489
977000860322011
977026804427611
977239876301010
977174280706611
9771354356884
977174550210411
977095785210610
977095818210310
97720450100473
977135450807873
977095228713211
977000877728042
977000880707942
977977135603611
977135179402343
977200922102141
977237682501311
977174984884067
97717575969798
977204185401092
977175635588148
977175859701213
977239690500912
977096630613342
97720499350017
977174996606389
977175350199121
977026998936143
977147714511248
977146054615550
977174208809011
977146740815911
977147971111778
977175526407819
977136283601911
977174431401220
977096462205110
977205304551241
977026222713210
97709687260839
97710980430023
977239833800316
977174781101311
977096481610842
977043270432742
977000965816843
977106378805110
977136682801080
97723975830158
97723972290055
97717430800861
977095724016311
977135178905010
977014289022710
977095971222410
977095033115811
977096684313310
977204220004542
977135112016712
977095997323642
977014372620411
977136788013011
97709504290083
97723979240092
977205222503811
977095909022311
977175895904911
977205001700017
977147377712611
977026308522911
977205114501611
977154407500711
977147800511811
977205066432725
977204210703039
977147044611711
977146478311211
977205904200310
977175694906610
977026331828011
977147296914011
97708988940433
977205015501611
977204241402211
977136294818711
977096126910510
977174807112611
977204697302010
977095681413610
977174527704011
977135852021211
977096823810410
977147807807542
97723989639915
97715518170109
977095518116111
97720422670245
977175376702175
977135138701062
977205458901511
977174258406611
977136747916010
977095813930510
97723971840072
977095763016211
977205911200314
97723985210091
97723975000056
97723986430081
977239698900915
977204174807411
977095598412011
977104375801230
977204280702229
977026226201042
977204943601042
977204943501342
977204943701742
977001030626342
977239684200712
977175412703920
977136053702411
977146368703911
977135708408112
977147219501312
977146162198141
97724736320022
977136859714311
977089396810710
977029392731552
977239721300412
977001068619842
977095512913211
977205673900511
977174589899386
97720528040044
977014105528311
977001095407510
977238021000331
97721196730002
97720473530056
97723803880097
977095130124211
977004588516042
977095102826211
97723988070041
977059122317110
977146606812512
977175773704411
977095327522011
977001102717410
977135096812843
977146208300911
977116911401358
97721690630289
977204432302511
97710466600393
97723978210017
977146939905911
977205506700011
977135019815011
97703066100439
977136942611411
977135324301716
977205674501320
977205902500620
97720594430226
97723979410066
97715516519734
977205960600715
977026210312210
977204695699335
977204957400242
977204933601311
97720594460095
97723974140057
977016479607110
977096586005611
977146769007322
977174469400814
977147136604933
977096681110111
977205523101216
977175823201210
97720518700004
977205904800517
97720099050069
977205719500821
977001132103611
977059123326211
977174074405912
977175978890797
97720584930042
977001142808710
977096468614511
977001143189642
97701430231439
977205065301711
977095626109142
977001160515010
97723979900044
977205100202910
97722149710187
977096066506978
977014060009510
97709619701485
977205437340931
97723975740066
977205950100511
977175356401918
977175829802542
977205472601433
97723988690021
977095442423811
977205515401416
977174215815110
97723343860064
97723979850003
97708909230487
977205685301511
977155280602029
97715518540604
977136953632511
977147245505611
977147717202611
977146068003311
977147766500980
977175189805511
977204975398826
97720539830367
977147527595871
97703641541219
977026256217212
977073543512510
977106048007111
977205321800812
977204491100028
977027475213431
977204701901711
97723986680011
977204877702212
977205454202735
977096147796862
97717569690262
97714627349490
977205240300940
977135349109811
97714716241183
977014134617611
977095151414710
977144311204994
977205233101240
977205049400910
977175017107419
977205760402930
977205169030183
97709579819745
977096312797744
97722808700249
977001248805942
977026679705111
977095989112711
977237682601011
977146156906111
977096749113510
977096109206211
977144586101388
97720510970014
977136585010410
977001257602210
97720595140123
977233241400810
977147916142442
977205553501121
977107911603910
97723989830051
977205928700813
977109706105210
977174121507731
97723722410084
97722051060093
977153053007711
977174485401378
9771747145972
977146593106211
977174303712711
97720503840032
977096546403242
97780090620155
977174391712296
977164942509710
977004609900911
977205996202810
977204023600811
977135906908623
977001290108410
977095949812810
977205654301599
977001306122043
977135015906912
977136584703612
977233152601610
977154221302937
977239813900623
977187938300628
977026925923511
977088808009810
977104619506710
977095789420511
97722709840074
977174447709011
977095749424511
977239870600041
977095576416611
977136128409511
977146802314611
977175855701619
977104904301343
977016333405210
97720599540306
977239830499224
977147632401310
977205569000010
97720591150042
977095267005711
977239785400970
977175323004485
977135492309398
977095518011970
977147293873342
977096051514211
977019495313330
97720520140073
97710820280083
977135407210411
977001408808010
977205333101113
97713605180783
977095363327311
97720565070003
977096420857610
977001412424542
97717552200123
977026912310927
977205396362510
977175562800994
977204143000947
97717526480179
97717560930661
977204882104659
977026236118811
977175563000292
977204253605265
977175170104127
97717526470100
977204881904357
977146427811312
977205928200310
977153766501710
97723977700026
97720417800056
97714734360474
9772421054030
977136144817611
977175406103611
977146787707811
977175567603136
977205158301621
977147527688714
977204427700754
977204812201346
977135395109756
977147506906936
977205247700020
977026711322511
97709683731268
977135254608951
977146558706110
977026238460610
97720427489986
97715718970163
977205504302811
977205280101042
977001484211842
977001484731142
977205094801425
977096179819311
977095174922812
977205873700939
977108592406210
977095805220811
977174211384611
97723976960055
97709581860401
977001506421211
977175261402910
977026512714911
977095643507285
977095593105687
977174570603847
977175026303837
977205321700112
977146112604242
97723971680073
977027313909710
977027797910111
977036134598030
977174930907528
977175495801576
977205869801015
977175111205242
977175897300710
977001530318242
977205716700511
977154384004010
97715433730439
977233247100110
97713765689685
977095512113611
977001537128042
977109510712712
977030688211211
97724059790072
97724059780172
97700464210603
977001547406610
977095983818411
97715217360443
977205181000611
977001548007410
977136890005911
977026269524511
97720590850003
977205012202554
977194472303410
977239794200310
977136669607711
97723984520062
97723984480092
977205715401210
977001569108143
977175040606010
97700157120909
97700157220519
977205490700011
977030858922411
977073855806713
977204703801810
977135502721911
97723328030004
97713884230199
977095882103311
977089536501010
97714497790005
977205428000442
977205640600639
977204846300018
977175168405411
977046590465921
97721600980295
977095113218111
977205628300331
97717455330540
977146163009946
977146904307552
977175266502122
977136542905811
977204747992760
977096703710411
977239673101114
97724709960082
97720011270003
977205964520417
977147858802479
977096798512211
977204576103123
977204631901911
977096171499542
977026548127211
977135664500911
977001645919242
977096995207811
977074706204312
977096889210811
977095061017810
977205922100213
97721677050055
97718798690293
97720524280199
977001674115010
977204129303153
97720438520072
97720574540068
977205870600511
977220469900726
977095480817511
977211067601726
977146313980430
977135755391441
9772050024015
977204924100329
97720577510066
9771472616600
977001707413410
977096286013442
977096868702542
977146094005242
977147027294552
97723972309885
977001717607410
977164935201010
977105654907210
977001718130611
977001718819012
97709699290568
977146152317911
97720588900011
977001720831711
977001720912310
977204054608411
97722065830072
977205522601824
977096700016011
97723973440053
97714469510106
97722623660027
977095487521411
977088858403910
977205303100311
977174828902623
97724715390063
977001731017110
977174206908211
97723988990098
977174595605143
977175531401811
97720524150024
977147925703510
977001743523242
977174392006142
977174518707311
97709646800680
977205018205011
977095899902242
977194906903811
977205435600622
977175533823611
977001754613611
977135263810411
977104562916711
977095370212211
977205361001713
97701913520049
977095666018411
977001756894010
977187184502150
977204648806711
977205715200113
977204623704710
977014379616011
977014369123610
977146148110311
977014207900489
97720565410113
977001788812011
97724057180025
977205354200410
977175115909511
97708148820558
977001778710210
977234811600210
977237870600616
977001780198310
97715584870013
977105993803310
977095759217011
977095222720642
977204582203910
977147715601929
977132792903947
97720597250058
977021438810242
977205495300711
977175986691988
977220207201713
977146671840242
977205288201910
977147621112211
977146635614721
977205966401411
977095511111311
977147225695030
977146559503540
977096176620811
97713268780006
97723495080113
977193251704174
977205559300410
97707918221129
97723977540027
977205437601134
977205461401435
97720599480082
977147552701912
977001827514111
97709604190201
977205230400910
97723970050054
977135962711811
97720565050134
977175654607411
977096008620811
977205057703050
977001842328311
97713616050749
977096814818211
9771355299180
97723969910262
97710675150357
977175324607611
977205089201050
97723983870011
977136864520211
977205187100710
977001851427142
977095553609112
977152388505410
977190158900018
977026994723141
977074629411710
977001860314211
977154650601111
977204920011611
977204615401621
97722972040034
977004357523011
977095535333911
977001864208010
97708860480073
977204173201191
97720566190175
977175127205357
977204729502211
977145020403480
977105646310110
97724096920017
977174027800465
977026235711245
977204651999016
977147994502411
977001913631111
97714746401151
977096302204341
977174893000312
977204806700063
977095996020539
97720555990135
9771753499915
977016289602510
97720481280223
97720497020307
97720441210109
97715558630379
977204010501482
977096684915942
977174964904111
97715524640223
977205356501011
977205733500811
977147201613411
977107608308210
977175372307211
977527849288865
977204207700511
977014989310810
977074790200451
977026435922066
977026131120742
97719492010187
977147072011811
977079037616610
977200988401111
977002109515643
977174708703611
97714660550029
977175396379953
977200986902511
977095937411842
977079163202599
977095803909442
977205090102620
977205822300710
977205957601010
977174479606111
977204978394728
977204959398044
977152219803210
977204277803211
977205844100511
977175907301072
977146845608111
977146777909911
977205204803320
977204188303410
977027257209310
977136800212811
97719365940009
977002163313642
977096822402242
977096819203142
977002167503742
977204945400734
977096932003742
977096388808342
977174004302242
977205648700520
977147226400910
97720522230032
977096018118777
977205576602646
977095495014059
97709572001364
977174194499130
977136902102917
977193242901643
977135320803036
977188548500811
977136282806934
977188693801520
977088307904230
977135121108756
97710900367439
977188548602970
977204672061717
97720542500072
977026266288942
97720520930193
977174982991735
977205737700816
977143426001817
97709557060679
977095540716211
977096641108011
977136918214011
977205701402615
977147713103010
977204749198166
977193213203924
97717591030073
97710883620143
977174069406411
97723298710053
977115021704411
977002371617242
977136947900410
97713650481059
97720149390109
97724207890016
97723976810011
977146312011612
977095414021311
977204970701111
97720583260059
977204989502210
977205667701711
97719357490123
977204676500741
977241083300411
977147776403042
977205327101040
97723975920001
977205529000230
97723971029959
977205725801717
977205918201316
97720575710174
977002407116411
97720539850098
977175484701285
977175348901513
97723985800132
977205742399614
97709541410053
977164989804442
977147806805211
97710624190171
977146960702410
977147396801210
977175763600227
977147156799692
977204132700271
977205437700112
97723975730164
977236978803511
977014443607210
977205533669410
97714778148348
977205490001817
977147830415011
977228335000410
97717531730062
977146191820311
977096054405010
97720592160088
977002455309742
97717409320369
977205086000210
977205086100910
977205085900610
977205863200710
97713537090014
97720555890146
977135036004510
977026095914121
977205063505111
97720450500124
977175351188443
97720595560056
977096731707788
977095648607499
977204032907645
97714780740467
977175947303216
977205420600440
977205315702435
977174999908555
97721658480019
977152512801211
977205335100240
977205483299932
977205986700210
97723978200046
977174859402117
97720448530412
977175337105198
977174896803723
977175446700527
977135385102130
977108854802910
977026997606411
977164990223910
977002493107910
977205716500115
977205199800110
977014469312311
977155623300610
97723988310095
977205563400418
977152312300210
977174081807121
97720593370002
977175640602611
977204289701628
977136622903911
977205430703912
977175551201819
97700251921109
977205735300214
977220108100313
977095501731611
977108186201610
977174383015511
977174685908510
977079115411410
977136190501341
977014192816742
977105752506810
97710967950647
977095554415711
97720584530155
977205220502393
977205089604988
97717525070313
977205951530913
977205871001917
977205139502274
977026241412911
97720420230261
97720597230012
977095890211410
977175662503842
977095549421642
977205082001338
977175140403413
977175779801460
977147781703310
977109297804110
977002561617311
977175638703532
977136708283111
977107282906612
977147376802524
977002564118210
977095849811210
97722115120095
977205107797348
97717498740095
977002592117811
977205943000890
977205959600168
977146564312511
977135674313211
977105448362010
977175668402811
977106346509910
977204297202711
977147470314811
977095511914011
977002612624442
977164917743919
977095033011311
977147302508142
97714798050451
977153954501011
977088997305410
977204841002811
977026883207111
977136441905011
977002640821011
977205231630970
977205630701325
977216957399230
97723982520026
977205906899719
97709577710569
977205550999913
977136272516011
977096311826511
977026632212311
97720413490119
977205515397025
97715329190094
977095766215611
977014341803142
977205678900010
97720495660079
977014192618711
977136549607415
977204653802110
977174750405235
977002672907012
977014029122411
977095168424611
977002673219345
977095969012647
97720445100439
977174988604027
977136951112411
977002673404310
977026732009850
97720596040107
97717038121229
977019445305011
977239727200110
977175681802710
977175102708011
977174392600149
977147738188615
97717435579911
977175163195985
97724713890072
977188693602865
97720586180012
977204734901562
977174019601832
9770262026278
977175816505142
977147904700120
977205742407859
977204981801455
97721694240039
977146601806910
97702661760163
977204532001611
977105634806444
977238038700210
977002793516610
977175218597011
977153665903180
977247321400010
977147110109111
97723729850013
977002808309542
977109272806611
97710886940471
977172430502351
977002816717710
977174495904655
977136549705711
977200944000212
977147979214742
977014293406810
977175883803039
977175972502560
977204565305342
97717552230133
977030595201411
977026240726842
97720546380034
977136474315542
97709536690368
977002683523810
97718383670165
977144125901217
97722035830002
977144125800817
977204917801911
977135101918811
97714769950157
977204602299572
977095837611342
977026376609810
977147220609242
977096026412510
977175324301311
977164925305895
977239828500042
977204393401722
977004781723711
977014632912910
977002718526442
977002720118611
977002720903811
977002717825911
977155608804030
977146137706293
977147883916411
97720575720143
977002722627142
977089584612011
977095486918311
977205347598227
977239891498672
977116139010150
977095513813411
977004784108911
977205435501622
977187264501911
977002744609910
977147941801611
977666977614342
97700274660733
977205513802193
977002875011940
977002879208944
97700171890362
977096224315942
977096850515242
977146243015542
977175453306942
977096338892742
977205210801044
977204421402612
977205327098340
977103901709310
97717511568035
97703053560342
97717483630097
977205218801215
977218814101141
977220605000410
977175023605672
97723979930055
977239820300411
977175531101710
977135496930542
977204536005010
977174517605374
97723982870041
977135323202810
977136568631443
977204837002510
977002964225343
97700296571588
977095477614641
977117510800681
977152517906910
977157488101274
977205394900117
977174000211111
977204808702264
977205013800211
97717475610008
977205368900612
977204398533033
977136228816042
977175331301343
97700718089802
977096525015411
977174211512311
977204179105611
977003035217211
977095850109610
977175192101211
97723772770029
977105939803510
977193933102250
97714572199705
977095594618043
977229674500212
977106279205910
977204724202611
977147054009911
977027814302030
97716493900129
977175152309476
977204617700825
977204697400316
977109570703711
977147372508010
977232907500710
977174484498439
977174443899258
97720516790541
977174081906111
97723968450084
977135459411811
977095806613711
977147602003811
977205686297014
97720095970038
977152490300910
977204472102940
97723969559989
977147173903412
977147016900912
977146851300511
977135708507112
977146638203012
977235451000992
97721594250109
977009020203510
977009376701243
977193504502210
977026223828242
977175816305742
97723988370011
977147904697430
977204016901682
977175304502011
977205696000321
977026849422411
977146231109611
977095505206510
977175903402811
977205750000012
977136425054711
97723987251173
977147151109811
977095819819711
977096756601789
97709672170185
977205454596730
977205157901937
977096159705510
977239703400510
977204882701743
977205331800566
977175483603011
977174778100245
977147513401910
977239832000810
977174605612543
977175010611311
97720406660039
977136546602211
97715496939929
977030016918911
977174014983026
977175380502058
977174306903627
977172065501693
97720557490056
97720567780049
977003214711010
977175221098611
977146157099919
977165164600855
977165359602829
97723859870094
977175999704047
977175946702476
977175608805585
977204143300072
97723989910001
977204112304811
97719320430219
977003242518811
977147997988358
977174237098033
97714704510299
977204143800516
97723769300075
977003245810010
977003245516110
977096969414511
97701617370849
977088488209210
977135956111574
977205325400617
977136542820410
97715744440331
977003258123510
977205006700510
977147428709910
977205498200716
977003263425211
977026994224311
977095769722611
977096801302297
977026258025111
977147418312412
977174271109710
977003264419011
97720450510263
977174307111411
977204006706011
977204306201773
977014108512911
977204268701391
977205859400820
977205859100720
977205859200420
977205859300120
977147788994848
977205311602129
977003220005110
977107343900420
977238142000510
977096317205210
977205124200521
977095186224811
977204251104211
97723975860092
97721656100044
977205742297514
977174106188986
977174716296276
97723974569754
977205737499110
977147951593784
977204185903919
977003288813641
977205977900811
977104375701512
977146571908011
977204459001425
977205945400410
977143062309110
977204522600470
977135950206411
977003328001410
9771746734115
977175493608211
977003331007010
977205918101617
977204253700466
977205332303032
97723980300067
97725067650044
97724669470074
97723987270053
97723987260083
97724669490013
97724669450033
97724669480045
97724669510045
97724669540055
97724669420025
97724669500074
97724669430094
97725066190004
97725066220004
97725066240044
97725066260084
97724669460004
977095615622950
977174250810962
977146945116041
977095615925173
977136362010530
977204148305054
977175414208725
977147714612688
977095616029582
977095080324291
977205189900146
977095080424991
977146696617911
977095616627312
977205190103245
977146945013239
977095616427961
977204159604091
97717576120512
977135800511563
977135800611263
977095616720188
977095616327292
977095621129420
977174511008878
977174681811256
97717526210342
977174779510849
977205575003230
97723976740038
977146054716947
977146159216843
97717597640009
977095549522012
977147948302179
977204717100510
977174446999611
977204107901786
977204108001386
977135270201086
977109234305410
977135270101386
977128237605315
977205556599529
977027471207710
977154318198324
977153849501910
977104716396628
977003586103742
977135629705511
977096110910411
977109967203411
977174355104310
977003373662742
977003373908642
977003374006854
977175963176042
97714704335130
977146312943042
977026833417911
977088616007511
977136669110211
977205717500010
977096832909310
977204544701026
9770961887231
977135120122443
977135120022743
977096188622743
977096189222843
977174686411943
977174881111110
977095345620941
977136223411211
977016372608610
977136020908210
977003389230910
977003389317711
977147922311511
977205293802030
97720595849859
977179379141348
977205346500619
977095518407011
977136862409298
97720567280098
977026983098425
97720573370025
977205143095228
977003404012911
977204241320916
977205918300317
977146440623311
977174889805142
97715281700259
97720571890145
97720588790069
97719492890303
97721613250493
97723970410038
977026125023011
977146113116911
977135370203310
977175172309811
977205881100620
97720590590019
977205905800410
977205434700435
977147573308310
977175022606442
977096152018342
977136082117842
977147979902311
977175029405611
977174231501160
97723980380023
977174514304842
977179346300611
977152740806810
97717533336080
977095765918710
977136035015912
97720569429932
977205852101111
977003554193911
977003571805810
977106926405410
977096064298510
97719367970059
977204807701643
977027914405710
97723975820183
977165337100729
977096432505194
977205710500710
977146501811411
977204529601421
977003579110570
977154850404622
97719460650194
97723748380089
977175296201466
977204705599225
97718712240627
97709503430146
977148111000710
977146601005611
977096215405942
977026898032111
977205733402519
977135077417011
977089717000110
977239775102511
977144979200967
977075722313778
977164944503311
977136758611711
977003672304439
977204491900613
977239800700811
977095614210911
977019521704011
977135605311810
977147533907010
97719044650045
977175331403425
977003687312110
977104809410816
977174011104216
977026871922810
977107324305212
97715295220385
977136773820242
977175722402538
977003690700010
97709521480208
977096397000942
977205112481314
977003691921842
977014295071612
977147664603011
977096878710711
977136405201117
97713657593539
977147993400459
97710609560649
977030665618842
977003699714811
97701469310183
977014324613911
977095592210811
977205096102053
977205096002353
977014906912110
977147110706211
977204936300220
977174225403773
977164920508811
977003730105010
977175907701891
97723970040085
97723989610031
977174481408610
97724442950073
977135201313011
977135859509812
977077451207810
97720473020273
977175436104460
977095876822211
977003739418212
97720591030182
977095741899910
977136769907711
977003741624242
977205760702021
977105830106788
977096883899156
977239685000210
977205891100310
97723807070082
977003748009011
977089837202211
977205639808042
977205041300010
977174512297555
97723983000001
97720594269957
9772051569003
977204543902274
977174577903252
97724280580006
977205747700522
977225716501620
977136582992655
97714785860759
97700376159664
977147259207211
977106130102368
977096643506212
977174194900210
977200934802510
977003766000311
977205644300122
977107262501911
97709772000002
977146478209211
977205255201111
97718364440093
977204884802910
977026574710111
977205644601911
97718397670062
977003773301110
977153737903769
977153731902638
977183368800036
977026907512510
97720525370188
977146660843722
97714760880076
977147597010526
977205233001548
977146215004610
977096193630411
97720599680063
977146481106811
977104252708411
977104171207812
977175706013555
97717540189866
977095168110811
977106320810810
977136922203787
97717454410072
97717582610128
977003863406511
97720572281024
977174208704818
977205477600253
97717572000123
977003869516542
977003872419342
977147843407911
977095890013411
977014170525611
977139395203042
977174887307211
97720590110092
977174119307811
977003882200442
97723989510041
977139310003511
977003890915642
977095666222511
977030766725111
977175711101110
977136729496839
977135738804285
977205001550183
977205701100116
977205458006794
977205766506821
977175407599668
97723968490065
977205701001121
977174195416742
977095511417630
977174692003711
977026440614612
977026900218311
97720575010074
977014372321059
977095908928911
977154906801110
977058525406810
97714676640743
977003920416811
97710837060353
977027757312511
977204723702266
977136496319511
977175733807411
977204579100711
977074524801210
977175946003248
977174804108244
977204494603341
977174860009835
977174830608238
977135000999964
977174740406211
977174764207539
977175946404745
977204993201716
977147925507911
977175621301313
977205943300910
97723989520011
977175487803056
97710918060629
977003960396111
977019493111411
97710363490294
977174373701042
97720533930023
977056510565110
977220238100312
97723753610004
9772058323998
977003974212711
977136426413130
977175802004630
977135687113211
977136613013711
977204423503811
977146149010511
977204424803811
977147610407311
977146353610811
977174040105110
977205398602057
977204532404569
97723982460186
977204532104469
977204532304869
977204551904569
977204532204169
977204663804269
977204805500755
977146306508011
977135127117310
977175756103864
977174779808611
977175450907111
977096882717911
977096312016911
977136150612810
977147418507411
97720590500086
977003988322642
977074102806911
9770958983311
977174260110711
977239713400212
977091297113253
977146434703117
977220211000910
977174388501838
977026371622211
977239769900635
977104131400511
977174239902876
97714681379803
977242134100010
97711236450034
977011236401746
97714681380313
977194239801255
977203660899425
977004001416942
97717566500097
97720492780167
97710992740309
977205715300813
977175990804610
977001669709910
977205180001446
977204490100116
97723798050124
97723975760001
977026498406410
977175096885811
97700403420579
97720436680354
977135069714110
97720468040034
97723983650091
97720430580034
97720430590004
97723983620084
97717502460004
97720493930094
97717437480094
97723983630054
97723983660064
97717479660034
97717437510094
97720549830044
97720430600064
97720430610034
977014075719511
977135942315443
977004061710035
977204808600172
977095493994721
977174543500610
977088906910810
977088273708010
977205975100414
97723968380005
977193279606410
977205672401810
977092884310244
977004078807742
977014384901942
977004939213842
977030766121142
97716494460238
97717429930289
97710564700933
977095549324053
977205932300315
977135427515410
977147597110211
977204775400010
97720420270174
977219423400410
977135646315340
977096766714111
97718261820103
977174661302145
977146779310110
977136631314112
977175803402912
97723982890084
977175395004111
977135550407911
97723985900051
977205197301511
977146162209411
977174507803611
977205975502643
977205975602343
977175889512543
977205975402943
97720553680089
977004099518510
977147821696579
977096869407823
977135974205710
977174558000310
97723976690093
977135426813211
977205009903730
977135731022711
977239769000341
977096665118942
977096088816142
977095508216110
977095990320211
977152631301110
977204410399310
977205377101538
977004109307130
977146083204311
977205913799013
977096910206011
977153362104810
977074874007010
977156127803076
97700412000359
977057270572742
977014045307311
977204224906810
977175300405859
977095842218642
977175978302511
97717562010103
97720418620088
977135742408510
97723987959981
977014291018541
977004133717511
977096635323612
977205270601842
977095805304511
977174006610611
977174229600641
977004134805810
977026126412110
977026241312211
97702629041703
977019531104510
9772044733046
977146770817443
977146770517343
977146770217243
977205912602442
977175645502442
977096216643442
977096835429342
977096221033542
977096217032542
977239695101310
977147105011511
977004147101510
977205393102012
977204080899130
977205158900110
977174558302851
97713675810442
97720557400194
97714775100403
977174484306245
977205269001011
97723976800049
97723982750012
977204867702518
977204908602426
977205717900818
977205233201914
977174070209710
977136807218311
97715532300398
977136992032210
977004182203943
97720590200016
97710472590109
977205154100919
97719446019988
977074100200742
977152974903943
977175396805311
97715391850254
977108815706111
977073388924111
97720521050023
977004227390843
97720437020124
97723982560004
97723288510089
977205537701711
977204376103311
977205869500210
977016117900610
977022277980045
977104081501510
977193698300210
977164957481850
977026689416311
977205435700326
977014771202911
97720544110196
977204531201139
97717461650189
977095279615311
977175703305434
977026221318011
977004280014210
977153142900427
977098260804424
97700428030994
977112078004238
977026381619942
977147037806711
977095401625912
977108776504511
977204731401311
977205270500411
97717562000069
97721997950051
977205248301810
977016291102510
977205060000417
977136444711411
977221150302186
977146200012911
97715315290019
97713670850309
977030914218311
977205528000347
977096720708847
977136961401610
977205374703426
977239731701610
977204632002269
977174535300354
977147370915842
977146519003261
977135736814311
977174221003310
977136126600879
97736179930103
977147310005410
977136234313542
977239690303642
977026237114942
9770309809178
977096142802142
97709554911099
977030729921612
977136653218412
977135212401010
97717446980374
97714673660531
977030933326031
977026395311510
977026385209811
977239727800311
977146991108411
977135064045110
97713569020419
9772059005022
977205900400142
977146842500142
977205900300442
977095900415211
97710864190003
977146476498239
977265871201710
97722002560062
977175576902310
977174776793897
977205694002912
977095855011711
977019349704844
977205480501610
977095206810611
977175883302811
977135709707410
97703633270210
97721941750003
977977603400711
977096191200142
97717448530473
9770043722399
977096221509511
9770043724355
977175379311211
97720487830094
97720585190709
9770043736327
97714674091258
9770043741413
97720537250326
977146506710511
977146740726811
977204239505511
977096392709611
977147657806511
977204922404411
977204202403011
97717478440663
977205012324453
977096594699610
977009506706610
977095894508111
977175235221130
97701991890152
977205734597710
977095483801110
977205062800821
977205214200722
977205063002532
977205367403320
977174558203810
97717552910129
977205377200538
977146019708148
977147721700011
977026408319411
977004390335411
97708984200689
97723976830052
977004393001542
97723989820081
977220327602510
97722051080033
977220327802910
977183916103315
97723988360042
977147753700910
977146725204281
977096491625911
97707465070193
977175855404615
977152486696011
977204186120945
977204261302943
977224026000140
977095863908911
977004399826811
977004399923411
97710951090089
977004400020511
977147896705810
977019109699110
97720473540025
977135339577842
977204253901511
977026723915411
977175547501610
977135326014411
977204498002011
97723982530094
97723974130089
977135573812211
977205205101910
977205467200710
977174008402510
977205579302211
97723973530071
97723982540064
97720468470179
977136707211511
97720443060117
977026641121619
977174693801811
97717577810169
97723982810029
97713574350819
97720545230029
977239828000510
97717566420119
977175170901610
977175034701110
97720520520169
977205983901614
977095798523141
97723976110082
977205871200610
977174298907675
977205576508129
977175721695244
50 5617 0379 748
``````````````````6937080564693
`5010146005819
0 72417198205
10038484098
1050387
1110005597395
1110006376807
1110006377583
1110006377590
1117905
1117929
11179308767
1117936
1117950
11179560622
1117974
11179747320
11179747344
11179747351
11179747368
11179800223
11179906000
11179906017
1117998
1210002011310
1210002011341
1210002110105
1210002110136
1305142
15015303
15016874
15020379175487
15052513
189765
191822007534
2000000030739
2000000130453
2000200001010
2000200003274
2000200003342
2000200005018
2000200020455
2000200020462
2000200020479
2000200022428
2000200027966
2000200028147
2000200028161
2000200028406
2000200028642
2000200028734
2000200053828
2000200054009
2000200054474
2000200056225
2000200057055
2000200057093
2000200057185
2000200057321
2000200057338
2000200060161
2000200060178
2000200060185
2000200060192
2000200060208
2000200086086
2000200093442
2000200098140
2000200099741
2000200099833
2000200099840
2000200099888
2000200028383
2000200102465
2000200105886
2000200113553
2000200117780
2000200121749
2000200126591
2000200126607
2000200134572
2000200134596
2000200134916
2000200134923
2000200136279
2000200137665
2000200139607
2000200140719
2000200140818
2000200144106
2000200149507
2000200151685
2000200151876
2000200152286
2000200153351
2000200156666
2000200163671
2000200170624
2000200170631
2000200172963
2000200181354
2000200181521
2000200191124
2000200194170
2000200194187
2000200194255
2000200194477
2000200194491
2000200194521
2000200194545
20103203
20186665
2024031150583
2060868041506
25056174
2663586
2854426003408
30063082
30087866
30135949
30141117
3430560004618
3024482235108
3029440008701
8034115193748
3040624351536
304062437256
3046920029674
3057640273513
8034115193762
3068320130057
3086121601019
3086121601026
3086121601033
31200001382
31200020307
3161420002535
3178530422719
3178530423655
3185370729960
3254474027071
3254474027101
34000443659
3443660015897
3535923004004
3574660667769
4000417271006
3574661730776
3664346304863
3664346304979
3664346339964
3574661730783
3666140026804
3760010530023
3800020472569
4000417692313
4000503856100
4002359018947
4002359018954
4002391915303
4002391915501
4004018979132
4005808222698
3800020453513
4005900036483
4005900952189
40060682
4008429083334
5060045580764
4009900526982
4009900537339
4009900549585
4009900549851
4010198030587
4010352038107
4012200401057
4014400934496
4014400935189
4017100892561
4017100892684
4017100936692
4018077005473
4018077005510
4018077009983
4026700374209
3379974300018
4014400935134
4060800306913
4062139007790
4062139007806
4005808837311
4008400183022
4062400159500
4062400159906
4062400217118
4069600016268
4069600018811
4084500477445
4062400115483
44224159
4710578373104
4710578373111
4710578373159
4067700030894
5010134916103
4064666304182
4710578373197
471231228
47624387288449800
4779033974218
4779033974409
4779056910194
4895258300011
4895258300028
4895258300066
4895258300097
4895258300134
4895258300165
4895258300189
5410316950350
50001
5000101186349
5000101510953
5000101510977
5000112504392
5000112585377
5000112662429
5000112664232
5000112667516
5000143684223
5000143802054
5000157146298
5000157150738
5000157150820
5000158101425
5000159516211
5000159542753
5000159542777
5000159552226
5000157152183
4987205941900
5000101511011
5000157150851
5000101510854
5000101510991
5000159552240
5000159553018
5000159553834
5000159557771
5000159562980
5000168001517
5000168041254
5000168041278
5000171002808
5000171054456
5000171060297
5000185115532
5000168213163
8720181511295
5000204061314
5000204308921
5000204951721
5000204951752
5000208043934
5000208048960
5000208001545
5000227
5000232001504
5000232019974
5000232020055
5000232030023
5000232031105
5000232034472
5000232034496
5000204123098
5000232036230
5000204316063
5000232868503
5000237139158
5000237202593
5000237202616
5000243678702
5000204316094
5000171057211
5050375114715
5000232030368
5019312089431
5000243678801
5000253301201
5000254019310
5000254021245
5000168213187
5000281068749
5000325052314
5000299618905
5000325049543
5000328018010
5000328019857
5000328020327
5000328022895
5000328022925
5000328024523
5000354913501
5000354914829
5000354917431
5000354918902
5000354923050
5000354923067
5000354923425
5000354923432
5000354923463
5000354924422
5000354924514
5000354924620
5000354924644
5000362000330
5000362125101
5000362256393
5000382112488
5000382112501
5000382112709
5000267116426
5000325018969
5000354921346
5000382114222
5000382114284
5000382114307
5000382114345
5000382114369
5000382114420
5000382114567
5000382114581
5000382114642
5000382114727
5000382114826
5000382114901
5000382114949
5000382114963
5000382115021
3228022180020
3228022180037
5000382122180
5000382115656
5000382115670
5000382115786
5000382121954
5000382122555
5000382122579
5000393178435
5000393180247
5000393182746
5000393182777
5000393185709
5000393186874
5000394203969
5000395
5000401000505
5000403100234
5010029227130
5010029228304
5010029228977
5000393187178
5010029229264
5010029229639
5010029229653
5010029229677
5010029230826
5010034013957
5010035000352
5010035000376
5010035000390
5010038442944
3341500006008
5010038462461
5010038487631
5010038489918
5010052114216
5010067300833
5010067306101
5010084906834
5010084906865
5010084906896
5010084906957
3336660021848
5010102340763
5010103947718
5010115960675
5010123729981
5010146005796
5010153872770
5010173113549
5010173113556
5010173114874
5010134921725
5010084906988
5010153872794
5010287314504
5010287365544
5010287365551
5010303134505
5010303134529
5010305061236
8025025000554
5010327407241
4025500214913
5010287317031
5010508189805
5010508189683
5010419043517
5010508189744
5010284151188
5010438021374
5010438021381
5010477363831
5010477363855
5010477363879
5010478417786
5010478450127
5010496006511
5010511480548
5010511480579
5010511481026
5010511481071
5010511481354
5010511481606
5010605142642
5010605401138
5010663801475
5010663818121
5010287445222
5010327207308
5010287414518
5010663817711
5010326059496
5010287475250
5010663817650
5010699527301
5010743890207
5019608012273
5010783
5010789444815
5010789559489
5010789790011
5010789925130
5010789925192
5010789954819
5010821012033
5011007003586
5011013934546
5011053026386
5011053026478
5011061156396
5011061162236
5011061162281
5011157671222
5011289002116
5011289002383
5011289002703
5011308000901
5011308001502
5019608300011
5010743890252
5011397029241
5011397083823
5011417569627
5011417572498
5011501016105
5011501016167
5011566000200
5011566000309
5011566008787
5011566016508
5011566016591
5011566017505
5011566017710
5011566023704
5011566030351
5011566030801
5011566030825
5011566036230
5011566036254
5011157995472
5011566036483
5011566036506
5011566036698
5011566036735
5011566036759
5011566036834
5011566416599
5011566417602
5011566417701
5011566417800
5011566424648
5011566424952
5011566430113
5011566430687
5011566435026
5011566435033
5011566435057
5011566435071
5011566435088
5011566435156
5011566808776
5011566808806
5011566942364
5011597001436
5011597002228
5011597009456
5011597090409
5011597090492
5011597090966
5011597091055
5011597091239
5011597092113
5011597092120
5011597092403
5011597092700
5011597092861
5011597092908
5011597092984
5011599
5011932012547
50849864
5011932013308
5011962117595
5011962550132
5011932013469
5012008561105
5011898002125
5012035971397
5012035998318
5012128062339
5012128532153
5012128572005
5012128584664
5012128597237
5012144898059
5012171000036
5012213
5012213533454
5012213533744
5012213533782
5012213543606
5012389673312
5012389673480
5012389673503
5012389673534
5012389673541
5012389673701
5012389674166
5012427290105
5012427650404
5012427652101
5012427674806
5012427674905
5012427675001
5012427675308
5012629012321
5012686001184
5012845750007
5012866017776
5012866060956
5012904000302
5012904000548
5012904007820
5012904008254
5012904024025
5012904024049
5012904024070
5012904108718
5012904108732
5012904998890
5013085003465
5013159001533
5012427676503
5012845780004
818888
5013159301534
5013159302067
5013159303866
5013159582001
5013159808248
5013159808415
5013159808828
5013478110473
5013478112590
5013478118219
5013478119254
5013478119902
5013478120601
5013478134028
5013478163318
5013478165282
5013478165367
5013478166265
5013478166364
5013478520524
5013478520647
5013478520661
5013478550699
5013478551610
5013478551764
5013478551771
5013478552440
5013478555663
5013478555670
5013478557919
5013478557940
5013478561824
5013478662484
5013478662514
5013478662538
5013478662552
5013478662569
5013478663764
5013635389568
5013635420537
5013635755202
5013665103776
5013668434693
5013668434730
5013668435416
5020379130486
5023139300600
5013668436703
5013668437113
5013668437137
5013668437151
5013748000077
5013748008318
5013748008554
5013748010687
5013748010700
5013748035307
5013748035321
5013748035420
5013748039145
5013748045368
5013748062600
5013748090603
5013748090788
5013922010021
5013922010045
5013922010168
5013922010182
5013922010212
5013922010229
5013922010465
5013922010489
5013922010694
5013922010717
5013922010724
5013922010755
5013922010830
5013922010847
5013922010878
5013922010922
5013922010953
5013922010977
5013922010991
5013922011042
5013922011523
5013922011561
5013922011578
5013922011851
5013922011868
5013922012087
5013922012094
5013922012230
5013922012247
5013922012261
5013922031088
5013922031408
5013922040547
5013922040721
5013922040745
5013922040752
5013922050775
5013922050799
5013922050959
5013922051086
5013922051581
5013922056395
5013922056418
5013922056425
5013922056517
5013922056876
5013922057033
5013922060477
5013922060569
5013922060606
5013922060897
5013922061016
5013922061719
5013922061924
5013922067421
5013922068343
5013922069968
5013922069975
5013922070360
5013922077550
5013922077574
5013922078717
5013922078748
5013922080055
5013922080062
5013922080079
5013922080086
5013922080109
5013922080116
5013922140186
5013967020184
5013967020207
5013967020573
5013967020689
5014201701586
5821
5020379133876
5014379023114
5014379023183
5014379023206
5014379025439
5014379025460
5014761402350
5015302105488
5015302106539
5015302106713
5015302106843
5015302108519
5015302109417
5015302109431
5015302200916
5015302203627
5015302203719
5015302203870
5015302207410
5015302412081
5015302421779
5015302422479
5015302426538
5015302459192
5015302469993
5015302716349
5015821144029
5015821144746
5015821144807
5015821144845
5015821144869
5015821144920
5015821144944
5015821144982
5015821145040
5015821145088
5015821145187
5015821145248
5015821149673
5015821149703
5015821151287
5015821157524
5015821157548
5015821157784
5015821157807
5014697033703
5015821157821
5015821157838
5015821159306
5015934086667
5015934665459
5015934737132
5015934758939
5015934760147
5015934772034
5015934782637
5015934782668
5015934782675
5015934782699
5015934788813
5015934791004
5015934799062
5015934799079
5015934799819
5015934803899
5015934810767
5015934811221
5015934816752
5015934829196
5015934836774
5015934843321
5016064104221
5016064109899
5016064114824
5016064118327
5016064118471
5016064123024
5016447000300
5016447000508
5016447006333
5016447016400
5016447022036
5016447024764
5016447201608
5016447204937
5016447600104
5016447601200
5016574000006
5016574123552
5016574126393
5016574126409
5016574126416
5016574126607
5016574135784
5016574138488
5016686003612
5011233999004
5053249257730
5016873000301
5016873000424
5016873000721
5016873003906
5016873004002
5016873004101
5016873004507
5016873005504
5016873005603
5016873005702
5016873007850
5016873007874
5016873008505
5016873009199
5016873009205
5016873010225
5016873010232
5016873010300
5016873010317
5016873010676
5016873012441
5016873013073
5016873013295
5016873013387
5016873013400
5016873013677
5016873014674
5016873014704
5016873014711
5016873014728
5016873014759
5016873015107
5016873015114
5016873015138
5016873015176
5016873015282
5016873015336
5016873015350
5016873015374
5016873015817
5016873015831
5016873015848
5016873015862
5016873015879
5016873015909
5016873015930
5016873015954
5016873016470
5016873016630
5016873016791
5016873017255
5016873017262
5016873017309
5016873017316
5016873017538
5016873017552
5016873017569
5016873018122
5016873018139
5016873019020
5016873019037
5016873019051
5016873020064
5016873020095
5016873020125
5016873020231
5016873020262
5016873020279
5016873020316
5016873021306
5016873021900
5016873022327
5016873022334
5016873022525
5016873022624
5016873022860
5016873023843
5016873052287
5017353500731
5017375067335
5017375067342
5017403013068
5017375033637
5017403013303
5017403014027
5017403016151
5017403017110
5017403017134
5017403017875
5017403022121
5017403027430
5017403028642
5017403033844
5017403039679
5017403039686
5017403039877
5017403040057
5017403041498
5017403044352
5017403055914
5017403056515
5017403059516
5017403077473
5017403081388
5017403096665
5017403102977
5017403102984
5017403106265
5017403107293
5017403107866
5017403112235
5017403113164
5017403115373
5017403115380
5017403116615
5017403123286
5017403126126
5017403133711
5017403136507
5017403351078
5017403382638
5017403382645
5017403383024
5017403392309
5017403501305
5017403017981
5017403512011
5017403512035
5017403621065
5017403701019
5017403762713
5017403812395
5017403822417
5017403822424
5017403851509
5017403913801
5017403931638
5017403983002
5017403993940
5017403993957
5017534918201
5017764004156
5018357803767
5018357803781
5018357803804
5018562015306
5018562015481
5020379162135
5020379162159
5020379162210
5020379175890
5020379178389
5020379178440
5020379178563
5020379178587
5020535008642
5020535009588
5020535010836
5020535010898
5020535010997
5020535011505
5020535012342
5020535012380
5020535013998
5020535016814
5020535016838
5020535016890
5020535017156
5020535017217
5020535010751
5020535009625
5020535018801
5020535019723
5020535021016
5020535021689
5020535021740
5020535021993
5020580050023
5020580410117
5020580553265
5020628001451
5020628001895
5020628002618
5021185831994
5021813216582
5021813217787
5021827095487
5021827095500
5021827095524
5021827096958
5021827108552
5021827109740
5021827109757
5021827110029
5021827110036
5021827110593
5021827110616
5021827110678
5021827110715
5021827110739
5021827110753
5021827110777
5021827110821
5021827095258
5021827115505
5021827117806
5021827120592
5021827120608
5021827122329
5021827122626
5021827122756
5021827123760
5021827123777
5021885803017
5021885803048
5021932023306
5022254020127
5022254020158
5022896925569
5022996253685
5023674212826
5023674227226
5023751000919
5023751000995
5023751001350
5023751001374
5023751001398
5023751001510
5023751001657
5023751002524
5023751002548
5023751112186
5024001
5024004841785
5024418005056
5024418140863
5024418265351
5024418297604
5024418297628
5024418361732
5024418379959
5024418398387
5024418403838
5024418437734
5024418445241
5024418445272
5024418445456
5024418452089
5024418475705
5024418479192
5024418479239
5024418480273
5024418497929
5024418498704
5024418503811
5024418503910
5024418894810
5024576191103
5024576205602
5029053039466
5024993732354
5024993732491
5024993732507
5020379142618
5024576206104
5024993733009
5024996150780
5024996301557
5024996704082
5024996704334
5024996704341
5024996704389
5024996704396
7610113004005
5024996704587
5024996704716
5024996704754
5024996704778
5024996705911
5024996705935
5024996707267
5024996707410
5024996807387
5024996811759
5025970023243
5024996812053
5024996812480
5024996812602
5024996812886
5024996964301
5025029100536
5025029100550
5025572038379
5025572807500
5025572972291
5025572990974
5025820006709
5025820006716
5025820006723
5025820006730
5025820006747
5025820006754
5025874101603
5026180014069
5026180024242
5026180025263
5026180026857
5026180029186
5026180037662
5026180043328
5026180044424
5026180049245
5026180052467
5026180056649
5026180058254
5026180058568
5026180059459
5026180061391
5026180065719
5026180067393
5026180078399
5026180085243
5026180090957
5026180090995
5026180096171
5026180098953
5026180099073
5026180099653
5026418052566
5026489469485
5026489469492
5026489470962
5026489479668
5026489479712
5026489480510
5026489491417
5026489491431
5026489500270
5026489501871
5026489501888
5026489502076
5026489507323
5026489507347
5026489507408
5026489507446
5026619004470
5026619082621
5026619082935
5026619083123
5026619143810
5026619385586
5026619387276
5026619387313
5026619501351
5026619511749
5026619511763
5026619515594
5026619706411
5026619720158
5026619770597
5026619885246
5027255078177
5027255078719
5027255078832
5027255078849
5027342003631
5027342005390
5027342005567
5027785073154
5027785219330
5027785803553
5027785807223
5027785807605
5027785808435
5027785810636
5027785811473
5027785811978
5027785813453
5027785813514
5027906010044
5027906010068
5027906010099
5027906010242
5027906010334
5027906010396
5027906010419
5027906010433
5027906010464
5027906010471
5027906010624
5027906010631
5027906010754
5027906010945
5027906011003
5027906011027
5027906011171
5027906011294
5027906011362
5027906011416
5027906011508
5027906011539
5027906011638
5027906011751
5027906011775
5027906011782
5027906011829
5027906012093
5027906012154
5027908004584
5027908224005
5027908227112
5027952012986
5027952015307
5028763013704
5029053527581
5029053550152
5029053573984
5029053573991
5029053578156
5029053580081
5029788100332
5029788151914
5029788155554
5029788163085
5029788164068
5029788167014
5029788169353
5029788170663
5029788172469
5029788173985
5029788174999
5029788177075
5029788177853
5029788177877
5029788178195
5029788179420
5029788181461
5029788182444
5029788185193
5029788185483
5029788185520
5029788186565
5029788189382
5029788189405
5029788191927
5029788193488
5029788193495
5029788193501
5029788196250
5029788200049
5029788200643
5029788200650
5029788201701
5029788203330
5029788204450
5029788204467
5029788204474
5029788204535
5029788204542
5029788204825
5029788206195
5029788206201
5029788206218
5029788206225
5029788206232
5029788207277
5029788207758
5029788600726
5029788602195
5029788602300
5029788602355
5029788603000
5029788603284
5030104005026
5030481800511
5030481930157
5030481930188
5030481930201
5030481930218
5030481930225
5030481930249
5030481930362
5030481930690
5030481960116
5030481960147
5030481940064
5029788208793
5029788209264
5030481960154
5030481960192
5030481960208
5030481961021
5030481970214
5030481970405
5030481980756
5030481981197
5030481985195
5030481985355
5030481985454
5030481985478
5031153333221
5031396068546
5031396068560
5031396078576
5031396080289
5031396087721
5031396087974
5031413000023
5031413904291
5031413904321
5031413910780
5031413910933
5031413915815
5031413918601
5031413922844
5031413924244
5031413927658
5031413929782
5031413929843
5031413931198
5031413931464
5031413931488
5031413931501
5031413935219
5031413936803
5031413936834
5031413938494
5031413938517
5031413938531
5031413944051
5031413902839
5031413950403
5031413958300
5031413965476
5031413972313
5031413979930
5031413982169
5031413991161
5031470018146
5031470019419
5032227444850
5032608000248
5032608006103
5032608077585
5032608077615
5032608077660
5032608077691
5032608077721
5032608185181
5032608569707
5032759000074
5032759001040
5032759001064
5032759001675
5032759001750
5032759001798
5032759001835
5032759002030
5032759002047
5032759002207
5032759002276
5032759002375
5032759002382
5032759002665
5032759003099
5032759003792
5032759004355
5032759005932
5032759005963
5032759006076
5032759006816
5032759007516
5032759008070
5032759009091
5032759009107
5032759009114
5032759009138
5032759009145
5032759010004
8445291877627
5032759010363
5032759010851
5032759011827
5032759011940
5032759013470
5032759014781
5032759015108
5032759015252
5032759017553
5032759017690
5032759017799
5032759018635
5032759019649
5032759020317
5032759020331
5032759020614
5032759020744
5032759020881
5032759021345
5032759021710
5032759021727
5032759022045
5032759022878
5032759024209
5032759027644
5032759027668
5032759029617
5032759030309
5032759031054
5032759031993
5032759032709
5032759032785
5032759033195
5032759033362
5032759033607
5032759033973
5032759034130
5032759034697
5032759037377
5032759037957
5032759038640
5032759038671
5032759039012
5032759040926
5032759041343
5032759050697
5032759050987
5032759050994
5032759051045
5033298001614
5033298001652
5033298003793
5033298003816
5033298003830
5033298004943
5033298005575
5033298005612
5033298005810
5033298008071
5033298010807
5033298011026
5033298011293
5033298011484
5033298012344
5033601000945
5033601000952
5033601001232
5060442891296
5033601007746
5033601011934
5033601011941
5033601013358
5033601013457
5033601013464
5033601013549
5033601013815
5033601018179
5033601020042
5033601020134
5033601020257
5033601020264
5033601020776
5033601100881
5033601100898
5033601101109
5033601101178
5033601102137
5033601103516
5033601103530
5033601103554
5033601103608
5033601104735
5033601107354
5033601107361
5033601107378
5033601107385
5033601110385
5033601110392
5033601110408
5033601110415
5033601119623
5033601119746
5033601119753
5033601120216
5033601120254
5033601120278
5033601518358
5033601518501
5033601542018
5033601545279
5033601558712
5033601594673
5033601599913
5033601649694
5033601749165
5033601782292
5033601782308
5033601865377
5033601865391
5033601866398
5033849001308
5033849006365
5033849015909
5033849018115
5033849019792
5033849023249
5033849025595
5033849027483
5033849028114
5033849033071
5033849040772
5033849044633
5033849047825
5033849047856
5033849047887
5033849048129
5033849048204
5033849050795
5033849051556
5033849054465
5033849054571
5033849066215
5033849066376
5033849066437
5033849066680
5033849067304
5033849067458
5033849071189
5033849073657
5033849073787
5033849075378
5033849077525
5033849227296
5033849240547
5033849252878
5033849275549
5033849357573
5033849397937
5033849405601
5033849405649
5033849410834
5033849411459
5033849433161
5033849552800
5033849558000
5033849558925
5033849561604
5033849614010
5033849614058
5033849614096
5033849767600
5033849862978
5033849863272
5033849867546
5033849923457
5033849923464
5033849924256
5033849924409
5033849925857
5033849963699
5033849963736
5034525000059
5034525000103
5034525000622
5034525000660
5034525012052
5034525012076
5034525012731
5034525012854
5034525012878
5034525012915
5034525013684
5034525013721
5035139213552
5035139217499
5035139217888
5035139218182
5035139218199
5035139219011
5035139219240
5035766051084
50362325
701197809383
5037241240976
5037241267546
5038104626609
5038104650659
5038104655234
5038104656224
5038104656637
5038104656804
5038135100888
5038135106538
5038135106569
5038135358005
5038135358258
5038135358500
5038135571015
5038512002293
5038512002477
5038673140469
5038673140476
5038673140483
5038673140711
5038673151373
5038673151397
5038673152141
5038673160139
5038673170251
5038673170275
5038673170282
5038673170299
5038673180182
5038673180243
5038673180250
5038673183626
5038673183657
5038673184821
5038673210209
5038673210605
5038673230528
5038673233215
5038673300900
5038673311227
5038673311289
5038673313122
5038673314983
5038673314990
5038673411323
5038673411842
5038673413266
5038673414157
5038673414188
5038673414270
5038673540696
5038673630458
5038673630700
5038673630717
5038673631189
5038673631387
5038673631400
5038673680590
5038673686103
5038673686110
5038673686189
5038673686202
5038673720876
5038673721088
50427116
5038673812632
5038673815510
5039306049845
5039306049852
5039306049869
5039306049890
5039306049906
5039306049920
50409020
8445291848825
5000347080685
3080417182008
5050375001862
5050375001930
5050375002197
5050375002258
5050375002265
5050375002869
5050375002883
5050375010833
5050375011533
5050375012554
5050375019768
5050375026162
5050375026520
5050375029163
5050375030329
5050375031784
5050375038042
5050375040175
5050375040878
5050375042902
5050375044098
5050375046863
5050375047105
5050375047488
5050375047846
5050375048676
5050375048799
5050375049239
5050375049796
5050375050365
5050375050402
5050375050808
5050375051058
5050375051218
5050375060425
5050375062252
5050375062283
5050375062313
5050375064164
5050375066182
5050375068216
5050375083608
5050375083813
5050375084025
5050360001129
5050375002661
5050375041035
5050375057920
5050375055360
5050375086753
5050375089938
5050375112766
5050375113879
5050375114111
5050375114951
5050375116306
5050375118614
5050375119093
5050375120532
5050375120594
5050375123687
5050375124585
5050375125421
5050375947849
5050376
5050432003501
5050432003624
5050565106186
5050565213327
5050565213808
5050565216984
5050565222275
5050565242051
5050565244277
5050565296238
5050565308238
5050565359957
5050565388810
5050565388827
5050565396037
5050565396150
5050565396181
5050565403261
5050565413086
5050565416933
5050565432025
5050565432032
5050565436917
5050565441218
5050565445827
5050565451897
5050565466266
5050565466327
5050565512871
5050565432872
5050375119666
5050565520845
5050565531179
5050565534750
5050565547668
5050565547828
5050565555137
5050565574572
5050565576446
5050565581211
5050565584717
5050565591586
5050565598615
5050565606914
5050565611017
5050565636942
5050565650665
5050565658463
5050565658494
5050565668905
5050565676801
5050565676818
5050565676917
5050565680006
5050565680990
5050565701305
5050565703101
5050565706034
5050565731784
5050565732323
5050565733610
5050565752932
5050565757531
5050565782175
5050565782533
5050565782762
5050565783400
5050565784278
5050788014183
5050788014381
5050788014589
5050788015425
5050788015616
5050788093423
5050788101296
5050788101401
5050788101609
5050788101616
5050788386082
5050788413115
5050837367215
5050837589211
5050837625216
5050837642619
5050837657811
5050837662310
5050837673743
5050837677048
5050974508236
5051516100079
5051594006829
5052237657255
5052337001323
5052337005734
5052516100564
5052516106405
5052516106412
5052516106429
5052516106443
5052516106450
5052516106467
5052516109444
5052516110365
5052516111546
5052516112055
5052516112765
5052516112918
5052516114370
5052516124003
5052516201667
5052516213042
5052516213103
5052516213653
5052516213660
5052516214346
5052516215541
5052578010603
5052578011211
5052578012317
5052578014007
5052578018609
5052578022200
5052578022248
5052578030304
5052578031202
5052578031301
5052578032810
5052578033008
5052578034708
5052578035415
5052578035507
5052578037105
5052578037402
5052578038201
5052578039109
5052578039604
5052578041607
5052578041805
5052578042505
5052578045001
5052578045209
5052578046114
5052578046503
5052578046602
5052578047708
50525782
5053249000275
5053249002538
5053249002552
5053249002576
5053249002613
5053249003757
5053249003917
5053249006567
5053249006581
5053249008578
5053249008592
5053249009018
5053249009094
5053249012452
5053249012612
5053249012636
5053249012797
5053249012810
5053249012834
5053249013305
5053249013367
5053249013428
5053249013442
5053249013466
5053249013480
5053249013503
5053249013527
5053249013541
7622202342868
5053249008554
5053249013589
5053249013725
5053249013824
5053249013909
5053249014302
5053249014340
5053249204918
5053249204932
5053249206844
5053249206868
5053249208350
5053249211251
5053249211275
5053249213965
5053249217581
5053249218519
5053249218540
5053249218847
5053249218878
5020379143769
5053249220147
5053249220154
5053249220192
5053249220918
5053249221212
5053249221236
5053249221625
5053249221687
5053249222158
5053249222301
5053249222394
5053249223636
5053249223650
5053249224589
5053249224602
5053249224688
5053249225401
5053249226194
5053249226552
5053249226576
5053249227290
5053249227382
5053249227412
5053249228259
5053249228471
5053249229300
5053249229577
5053249229744
5053249230030
5053249231068
5053249231716
5053249233130
5053249234755
5053249235127
5053249235561
5053249235592
5053249235622
5053249235653
5053249236421
5053249236445
5053249236797
5053249237435
5053249238593
5053249239385
5053249240312
5053249240381
5053249240398
5053249240404
5053249241111
5053249241579
5053249241593
5053249241777
5053249241876
5053249242194
5053249243788
5053249243849
5053249245591
5053249246406
5053249246918
5053249246994
5053249247274
5053249247328
5053249247465
5053249247489
5053249247922
5053249247991
5053249248059
5053249248172
5053249248202
5053249248233
5053249248943
5053249248967
5053249249070
5053249249216
5053249230979
5053249249353
5053249249964
5053249250007
5053249250052
5053249250441
5053249250892
5053249250922
5053249250946
5053249251141
5053249251165
5053249251189
5053249251202
5053249252049
5053249252087
5053249252445
5053249252735
5053249252773
5053249253183
5053249253206
5053249253336
5053249253770
5053249254494
5053249254630
5053249254654
5053249255095
5053249255514
5053249255743
5053249256450
5053249256474
5053249256634
5053249257334
5053249257808
5053249258140
5053249258881
5053249259086
5053249259147
5053249260013
5053249260457
5053249260471
5053249260631
5053249253534
5053249256740
5053249253510
5053249252315
5053249250830
5053249260693
5053249260891
5053249260914
5053249261195
5053249261607
5053249261645
5053249265346
5053249265360
5053249265384
5053249269191
5053249269214
5053249269238
5053249269931
5053249270005
5053249270029
5053249270487
5053249270500
5053249270517
5053827189026
5053990160204
5053990161607
5053990167067
5000382040989
5054563034083
5449000154750
5055071790881
5055116583928
5055116585502
5055116587483
5055116587612
5055116588671
5055116588824
5055116591589
5055116593736
5055116593774
5055116594177
5055116594443
5055116594979
5055028311015
5055170262104
5055170280436
5055170280719
5055170280733
5055170280863
5055136525229
5055170281105
5055170281129
5055170281228
5055170281280
5055170281297
5055170281570
5055170281631
5055180672429
5055256527370
5055256531827
5055257821279
5055257832077
5055257883222
5055319513418
5055319513876
5055319513883
5055319513890
5055319513920
5055319515122
5055319515139
5055319515146
5055319515160
5055319515177
5055319515191
5055319516563
5055319518017
5055319520652
5055319524735
5055319526005
5055319527729
5055319529471
5055319529488
5055319529501
5055319530101
5055319532167
5055319552714
5055319573870
5055319598378
5055370620063
5055370620148
5055370620285
5055370631786
5055370632325
5055370632509
5055370632516
5055370632530
5055370632547
5055370644304
5055441403267
5055441405971
5055441406237
5055441406350
5055441407319
5055441407326
5055441407357
5055441408231
5055441408620
5055441410265
5055441410272
5055441410302
5055441412436
5055441413921
5055441414010
5055441414522
5055441414539
5055441415895
5055441416014
5055441416281
5055441416298
5055441416304
5055441416311
5055441416328
5055441417998
5055441418018
5055441420028
5055441422916
5055441422923
5055441423203
5055441423227
5055441427935
5055441428116
5055441428154
5055441428192
5055441428239
5055441428949
5055441429441
5055441430454
5055441432366
5055441432380
5055441434308
5055441434384
5055441435527
5055441435862
5055441436722
5055441436739
5055441436968
5055441437002
5055441438238
5055441438832
5055441438856
5055441448381
5055441448848
5055566908074
5055566910916
5055566999041
5055706600011
5055706620019
5055706641571
5055706641847
5055706642509
5055713301024
5055988613808
5055988638115
5060027172062
5056025440500
5056036505618
5055441439105
5056079901323
5056079901330
5056079901347
5056079901354
5056079901361
5055441447292
5056086500069
5056086500120
5056170300063
5056170300162
5056170300421
5056170301619
5056170301831
5056170301985
5056170302036
5056170302050
5056170302142
5056170302227
5056170302357
5056170302418
5056170304832
5056170304856
5056170304931
5056170305273
5056170305419
5056170305839
5056170306645
5056170307888
5056170308199
5056170308335
5056170310550
5056170314411
5056170314428
5056170314534
5056170314541
5056170314831
5056170315166
5056170316644
5056170319416
5056170319591
5056170319652
5056170319744
5056170322676
5056170323611
5056170327176
5056170327299
5056170329767
5056170330961
5056170330978
5056170333788
5056170334983
5056170335577
5056170335638
5056170337816
5056170339094
5056170342506
5056170342520
5056170343442
5056170344968
5056170345026
5056170345217
5056170345514
5056170345521
5056170345729
5056170345736
5056170345750
5056170345767
5056170345781
5056170345811
5056170345828
5056170346290
5056170350532
5056170351591
5056170352703
5056170352765
5056170353236
5056170353670
5056170353694
5056170354523
5056170355490
5056170357289
5056170359696
5056170359849
5056170360258
5056170360289
5056170360340
5056170360654
5056170360722
5056170361156
5056170361781
5056170361798
5056170361828
5056170362054
5056170362474
5056170362481
5056170363716
5056170363914
5056170364058
5056170364065
5056170364850
5056170364867
5056170364942
5056170365055
5056170372947
5056170373623
5056170375573
5056170375603
5056170379731
5056170379748
5056170379762
5056170379786
5056175903030
5056175913411
5056175913428
5056175922079
5056175931880
5056175972814
5056175973873
5056175974207
5056175981762
5056175988655
5056175988662
5056175988679
5056175992348
5056192402691
5056192403643
5056192406392
5056192408129
5056192409638
5056192409720
5056192409737
5056194
3430560005936
5056267001965
5056267002580
5056267002641
5056267002665
5056267002689
5000159496612
5056267003358
5056267003570
5056267004140
5056267004164
5056267005031
5056267003518
5056283804601
5056283805714
5056283815492
5056267003419
5056267004188
5056267004041
5056267004201
5056267003891
5056267001606
5056267003372
5056267004461
5056267003532
5056283820151
5056283820892
5056283821325
5056283822445
5056283822834
5056283822926
5056283822964
5056283822971
5056283826924
5056283828843
5056283830143
5056283831317
5056283836046
5056283845314
5056283845376
5056283846106
5056283849435
5056283849800
5056283852633
5056283853661
5056283856860
5056283859854
5056283861758
5056283862021
5056283863332
5056283863752
5056283863936
5056283865770
5056283865794
5056283868078
5056283868238
5056283868535
5056283869587
5056283870927
5056283870934
5056283871078
5056283871122
5056283871962
5056283871979
5056283872822
5056283873720
5056283873805
5056283882012
5056283892059
5056283892066
5056283892653
5056287402148
5056287402155
5056287403480
5056287403633
5056287403787
7622210753328
5056338326331
5056338332783
5056338341846
5056357905678
5056338345592
5056338347510
5056338347688
5056338348210
5056338348388
5056338352903
5056338353344
5056338382610
5056338382788
5056338383907
5056338383938
5056338397423
5056338397430
5056338397454
5056338397461
5056338397478
5056338397485
5056338397492
5056338397508
5056338397522
5056338397539
5056338398031
5056338398048
5056338399557
5056338399571
5056338399625
5056338399830
5056357900857
5056357901496
5056357909546
5056479300238
5056499911162
5056617540342
5056617540373
5056617562696
5056617570721
5056617572527
5056617577782
5056617577799
5056617577805
5056617577812
5056617577829
5056617577836
5056617577843
5056617577850
5056617577867
5056617577874
5056617577881
5056617577898
5056617578864
5056617578895
5056617578987
5056617579045
5056617579304
5056617579311
5056617579328
5056617582601
5056617582625
5056617582632
5056617582656
5056617582663
5056617582670
5056617582694
5056617583523
5056617583530
5056617583547
5056617583554
5056617583578
5056617583585
5056617599081
5056617599098
5056617599104
5056617599111
5056617599135
5056617599142
5056683903294
5056709813415
5056709813422
5056709813439
5056709813446
5056709813453
5059001001351
5059001002969
5059001012593
5059001012678
5060072652182
5059319018638
5059319018690
5059319018782
5059319021683
5059319023564
5059319029047
5059319029672
5059319031460
5059320000608
5059320000660
5059411,ADN
5059471000106
5059697998461
5059944012032
5059944014494
5059944014531
5059944014579
5059944014593
5059944014616
5060016802994
5060038027221
5060040110010
5060042640904
5060043672294
5060043672676
5060045050540
5060045050571
5060047
5060048309003
5060048309126
5060050998356
5060065302339
5060065304395
5059001015600
5060066942039
5060066943142
5012008776004
5059697996863
5059001015518
5060066943562
5060070000008
8445291848870
5012008776103
5059001015532
5059001016508
5060060211773
5060078185790
5055037002720
5055037002737
5060082725302
5060082726682
5060082728266
5060082936920
5060082945120
5060082945304
5060082945328
5060296563356
5060082945397
5060296563295
5060082950810
5060108451635
5060108451673
5060108451697
5060123602173
5060128500207
5060128501204
5060128501402
5060148621173
5060152093362
5060152093935
5060152096837
5060152098404
5060201181712
5060201181798
5060201181897
5060082945373
5060221201810
5060222453232
5060222453256
5060222453386
5060222453430
5060222453478
5060222453485
5060222454086
5060301180028
5060072652199
5060152093164
5060078185738
5060288540655
5060301180042
5060326871284
5060342470492
5060345203783
5060372293894
5060372296475
5060372299056
5060372299292
5060372299308
5060372299407
5060400480166
5060409361183
5060409361190
5060409361336
5060409361572
5060569224496
5060569225295
5060569225301
5060569225356
5060569225431
5060592005819
3664346304870
5060628820638
5060628820645
5060677901180
5060677904372
5060677904389
5060677904402
5060782900016
5060782900894
5060810120423
5060868950072
5060868950089
5060895748123
5060895748154
5060896625768
5060592007905
5060811382394
5012035953966
5000143980110
5060947545960
5060947546110
5060947546202
5060949052602
5060949052619
5060949052640
5060949052671
5060949052688
5060949052701
5060949052794
5060949052817
5060949052831
5060949052978
5060949052985
5060949053142
5060949053166
5060949053180
5060949053203
5060949053234
5060949053265
5060949053289
5060949053302
5060949053340
5060949053388
5060949053395
5060949053401
5060949053425
5060949053487
5060949053500
5060949053517
5060949053524
5060949053531
5060949053555
5060949053562
5060949053579
5060949053609
5060949053623
5060949053647
5060949053654
5060949053661
5060949053678
5060949053685
5060949053692
5060949053708
5060949053715
5060949053722
5060949053739
5060949053746
5060949053760
5060949053777
5060949053784
5060949055085
5060949055207
5060949055283
5060949055344
5060949055443
5060949055467
5060949055504
5060949056266
5060949056303
5060949056365
5060949058536
5060949058611
5060949058635
5060949058659
5060949058710
5060949058734
5060949058758
5060949058772
5060949058796
5060949059311
5060949059335
5060949059434
5060997028642
5060997028789
5060997028925
5060997028949
5060999170103
5060999170431
5061013350327
5061013350341
5061013350358
5061013350365
5061013350372
5061013350419
5061013351812
5061013351829
5061013351836
5061013351850
5061013351867
5061013352000
5060999170455
5060999170592
5061013352017
5061013352048
5061013352055
5061013352079
5061013352109
5061013352154
5061013354028
5061013354035
5061013354042
5061013354059
5061013354233
5061013354684
5061013354721
5061013354752
5061013354776
5061013354806
5061013354844
5061013354851
5061013940221
5061021920024
5061021920048
5061021920062
5061021920093
5061021920116
5061021920161
5061021920185
5061021920192
5061021920208
5061021920215
5061026730123
5061026730130
5061026730161
5061026730178
5061026730277
5061026730314
5061026730857
5061031410089
5061031410232
5061031410270
5061031410317
5065014663004
5065014663011
5065014663042
5065014663097
5065014663134
5065014663189
5065014663196
5065014663202
5065014663271
5065014663295
5065014663318
5065014663349
5065014663356
50663569
50663811
5075044
5075103
5081702816477
5099514400142
5099873001394
5200701002579
5202003349215
5202425000022
52836140603
5292494000016
5410126116953
5410316959421
5410316959513
5410316967198
7610400075497
5410438046221
5410438046269
5068083
5413247042422
5413247042453
5449000008442
5449000008466
5449000030122
5449000018915
5449000329691
5601012011104
56272321
562723216125
562723216132
562723216170
5701377101134
5709152002676
5709152012446
5711953145315
5711953145421
5741000110133
50801084
5410853032786
5410853032908
5741000163801
5741000175316
5741000472309
5900343011525
5900562270017
5900951274923
5900951283963
5900951286612
8018190095784
5901356050501
5901356072145
5901356072152
5901356072169
5901867807472
5904310231015
5904310231213
5904917030349
5904917030370
5904917030400
5904917030462
5906712817033
5908230521485
5908310284118
6003770008157
6003770008331
6003770009154
604565713421
604565783028
612322030193
613008753719
613008754501
615357252233
615357752580
6290360597683
6426238600029
648436100422
648436100545
648436101283
648436101306
648436104185
66613107109
6923456783508
6923456797697
5904310231527
6001067504948
6923456807457
6937080522532
6937080522549
6937080522556
6937080522570
6937080522600
6937080522617
6937080522624
6937080522648
6937080522655
6937080523133
6937080557558
6937080557565
6937080557572
6937080557589
6937080557596
6937080557619
6937080557626
6937080564723
6937080564761
6937080564785
6937080564815
6937080564839
6937080578584
6937643523228
6937643545589
6937643545626
6937643545640
6937643545688
6937643545763
6937643545787
6937643548184
6937643548191
6937643548207
6937643548238
6937643548245
6937643548276
6937643548283
6937643548290
6937643548306
6937643588371
6937643588418
6937643591944
6939287917937
6939287917951
6939287918699
6939287918712
6939287918743
6939287927646
6939287927677
6939287939564
6939287965778
6939287965785
6939287965792
6939287965815
6939287965877
6939287965884
6941976203382
6941976249298
6941976249311
6941976260132
6941976260156
6941976260170
6941976260187
6941976260422
6941976260798
6941976260804
6941976260828
6941976264994
6941976265007
6941976265045
6941976265076
6941976265083
6941976265090
6941976265106
6941976265137
6941976265168
6941976269678
6941976280758
6942417201349
6942417201370
6942417201387
6942417201394
6942417201417
6942417201424
6942417206122
6942417206146
6942417206153
6970905250906
6970925916431
6939287927691
6970925916653
6970925916684
6970925916691
6970925916745
6970925916752
6970925916769
6970925916806
6970925916851
6970925916899
6970925916929
6970925917032
6970925917087
6970925919630
6970925919647
6970925919654
6970925919760
6972743213648
6972743213969
6972743213976
6972743214379
6972743214386
6972743214409
6972743214416
6972743214607
6972743214706
6974734434209
5000354800740
6975207753551
6975207753582
6975207753599
6975207753605
6975207759843
6975788626336
6975788626343
6975788626350
698929000388
6FC90000
70177231385
70970471254
70970471261
70970471278
7144417
71616520
71616513
7241200712758
72417197550
72417199554
0034000152575
7312040323104
5020379142946
7312040350056
7312040350308
731275837878
5010102240940
7393714648105
7393714648204
7393714896964
7394376123337
7394376614552
7394376616228
7394376619229
7445284935793
74612005081
74956500
75072698
7622201722166
7610113017180
7613287959348
7312040350100
7610113023778
7610113023808
7613031722662
7613035194168
7613038394985
7613039937068
7616100005079
7622201387907
7622201635510
7622201635596
7622201679491
7622201726362
7622201749361
7622202012341
7622202016226
5000237139486
7613036241755
7798039597846
7622202211744
7622202212116
5010084103356
7640175712167
3800020412091
8001480026209
8002210134164
78561816
792132929933
8 445290752130
8000020000389
8000040510028
8000068209850
8000320100215
8001060042933
8001060042940
8001090507747
8001440135866
8001618991010
8001618991041
8001618992482
8002210133327
8002210133341
8002210133365
8002210133389
8002210133402
8002210133501
8002210133525
8002210133549
8002210133716
8002210133730
8002210133754
8002210133778
8002371004061
8002371007406
8002371007437
8002371007673
8000500359556
8000500359884
8001060042926
8002371007680
8002720003257
8003340806570
8003653000061
8003653002409
8003653033557
8003653033670
8004030022010
8004260014021
5000254019662
8006805775015
8004800002013
8004800006837
8004800006844
8004800006851
8005890803559
8006540387436
8004800002785
8008820169794
8006540909188
8006540909195
8006540948316
8006540975893
8006805159013
8008820169817
8008990000231
8008990009463
8017904262122
8017904262139
8018426321809
8018426321908
8018426322462
8018426323704
8018426323803
8018426324107
8018426329805
8034115190792
80710196
80737797
80878032
80879299
80935520
810116121700
8409730045268
8006805280021
8409730047170
8410024711158
8410028902583
8410028903221
8410076901118
8413425015535
8413425015634
8413425015641
8425849104597
8425849104610
8425849106324
8425849106362
8428451021160
8435477909068
8445290000019
8445290161147
8
8445290431585
8445290431608
8445290439727
8445290477880
8445290551887
5011417565407
8445290720368
8445290721563
8445290721587
8445290721600
8445290728838
8445290734969
8445290752154
8445290801708
8445290935793
8901047816185
https://1001carpetcare.co.uk/
8425849106300
8425849106379
8425849106355
8425849106348
8425849106317
8425849106331
8425849106386
8445290000040
8723400832669
8717163961988
3574669908498
5053990185917
8445290936943
8445290984609
8445291009905
850003560670
850003560694
850003560717
850040427066
850040427110
850040427554
850040427578
850040427585
85027906010952
85055704
8584014132206
8593893781979
8593893781993
8593893786493
8593893786516
8690146168003
8690146168737
8690146168744
8691459220006
8691484158008
8691484159005
8691484530002
8691484531009
8691484533003
8691484534000
8691484551007
8691484801164
8693323162108
8694064000513
8694064000643
8694064001220
8694064004061
8694064004382
8694064007307
8694064007437
8694064007451
8694064008816
8694064008823
8694064008830
8694064011823
8694064013902
8593893789449
8691484157001
5021827106503
8694064015227
8694064016781
8694064044388
8695122001589
8695122002210
8697409802254
8697409840577
8697584340114
8699421201275
8700216103688
8700216134057
87086102
8710505995849
8710568052251
8710568060355
8711000701539
5012035971984
8719200269859
8719200274747
8719632250098
8723400828266
87354096
87354102
87565111501
8801043028127
8801043031011
8801043049566
8801073113381
8801073114531
8801073115378
8801073116474
88320005400
8858838100018
8858838100025
8858838100032
88645384
8888077140001
8719632250111
8720181434792
8700216475198
8700216100021
5010287314603
5056796808578
5903890498818
N-560630
5904917032145
8711000707760
8901808007593
8901808007609
8901808007616
8901808007623
8901808007647
5010134911801
8901810001916
8000430172010
8904063200068
8904063200464
8906101182831
8907858072642
898999011288
8994963002800
8994963002893
9002490261702
90453960
90454899
9158504
9310297050314
9311071016106
8904018300560
9333527003546
9333527011152
9333527037824
9333527107756
9333527113900
9333527144355
9333527392350
9333527393500
9333527425485
9333527425492
9333527425522
9333527470911
9333527510587
9333527583147
9501007224501
9556001312549
9556001313027
96103890
http://www
https://dl
https://qr
https://qrco
https://uqr
https://www
5017403045700
5033601004080
5020379143851
5020379143875
9335805000384
5015302108601
5026489500263
5032759002061
4062139018239
4062139015221
11112312
5060442891937
5034933792843
9002490239565
5020379047319
824281
5053307037731
5035230100881
50118083
5000204083866
7622202343100
8412765698255
8412766014917
5033747004302
5012035973209
5000237206157
8445290650528
5011417565209
4084500140271
5011417560181
5000204716979
5011426504909
5000185113958
50204564
5000186081010
5025971100233
0172100000188
5010327709000
5024576051018
5013967022409
7610113005934
5011166064732
6412700581705
5051175738385
5410316966221
8410702048088
7642539512802
0085000025239
93577205
5010327705453
5010296169249
8002477177553
5010284100025
5000309007767
5024071230116
5000158065710
5010134923262
5059697995439
5060608080441
5000174012620
8720181291678
5000237206195
5000237208083
5000185113934
0085000005033
786650
493650
5000281080802
9300727488275
6938851100225
7622202342899
8712561060240
5000204717099
5010218202887
0048256296181
0636191003003
5000382127642
5099873032480
5011295100462
0088076187399
0085000021095
3430560006360
7393714008404
5000291020805
0853507000123
7610113007495
5099873002230
4005097401293
7622202341861
6942417238604
6932570111777
5056796857132
6932570146960
6932570147257
6291007915471
5061064444624
5056796808561
0018341751062
96135525
7004837206058
5000328036878
90496066
21270100
5012389900159
5060066940127
8904234405216
11
0018341751024
5060246882131
0080686000310
0088004043834
3052853081924
5000168007731
5026117400002
5060442892019
5023139862917
5000204845600
54010321
0085000016688
5000289934756
8710625505553
0085592140358
5010134922142
4010352046201
5000382126362
6942417234651
6942417238574
6942417260544
6942417234590
5056796876157
5061063940455
6932570111708
6932570153791
6932570147295
6932570147226
5061064441975
5061064441753
5000143999228
5013668701511
5035766185864
64863163
64863169
5000204296013
5054073085087
3800020401637
8006540868065
54034419
5010103943574
0085000015810
8001110016341
0085000012031
4010198030693
6942417238680
5056796857040
5056796876126
5061063940493
5061063940431
5056796857170
5056796857187
6932570153746
6932570147264
6932570147172
6932570147271
6932570129451
5061064441999
5032619240237
5021827106565
5000159565332
5391527000969
5410076229581
4009900526357
5021827108545
9311218001323
8005829982881
5055958702730
84198501
8004800002372
5011273040339
7622210805065
5055257893580
5025509122133
8005415050383
5025416331093
5025509011994
8005415059515
5012145000710
7613036643443
5025509122171
3049614179037
8410036807658
5027863606878
5060215331370
5012128516795
5050375026148
8691484801188
5027785812593
5012427674400
0148110938674
3245990126508
5012128516979
5016873015800
5021827110852
5013922091938
5012128452130
5016873010348
5000347033049
5021827120660
5011308000017
5021827121667
5021827123753
5025509122102
5024418016427
5024418038627
AKAS
8414088172795
5011251027451
3065890140219
5011417808634
5011417774809
5022822212657
5011053023279
5025509010997
6001048003323
5000382124665
5054267000681
5000177491200
40111377
5024418095293
8414088173228
5024418498636
5024418506249
5024418506256
5024418506263
5024418506270
5024418506287
5024418506294
5056086519207
7622210882998
5000112684391
5010438021824
5010102105416
4060800168344
5012213377553
80956259
54034860
0085000031926
5013967013797
50412259
5010134916523
5059944009230
50354139
5063249308066
5056796876188
6942417260575
5056796876089
5061063940479
5000295157897
5000295157873
5061063940486
5011157610221
5056796857088
6932570111791
5056796857439
6932570129475
5061064441722
5000143970722
8001480702653
5061013949941
5055958702754
5060221245135
5000382124467
5000382115946
5010102341630
4850001271963
7014703946346
0018341751055
50595396
3430560005042
5000382124788
5059944007106
5056796857101
5061063940516
6932570111746
6932570112361
6932570129536
6932570129543
5000112685022
42357384
6937080584059
6932570172099
7014786014529
5000431028180
5000143925036
96184455
ABC-abc-12345
ABC-abc-1234
50153021086012
034000433032
90493577
90493850
7622201460730
034000151271
5060060384477
5060811383254
5000167001013
5060201183747
615357000490
5000108022176
5016840164357
5000112684650
4850001277842
5034933792942
5000177498810
90457982
5061013949736
90162602
90474071
5034933792980
4600682407478
9002490206000
5054073007423
146923
146912
146891
146880
8005829978679
4840095015437
0089894834106
5060045059994
5010103944236
5020379178808
0085000032145
5057624281877
5056796857323
5056796857026
6932570153586
5056796857057
5056796858580
5056796858597
6937080584042
6974734430034
5000382123279
5012389670601
5000382124931
96184431
90493317
5000166010641
615357000483
3800020401774
5000382128656
4840095015413
5060078183505
5000382128694
5060078183666
9002490279547
5000382123316
5000382125143
4750011849353
4750001002508
5000112663945
5449000053879
5000382127567
5999571052028
5941194002423
4750011848646
5449000009500
5449000014535
3800102740432
5024418506300
5098715005767
5024418506317
5024418506324
5024418506331
5024418506348
5024418506355
5024418506379
3800102740425
8585000207243
5000382124368
05010102220843
05017726192488
694155602259
5011251026935
5060147113099
5060299910478
5010102346437
511296
5060391621401
5901617014747
05010102228665
3092718512002
5012145002042
5060498010092
5060108450225
5060299910560
5013387205789
50413959
5449000133380
50413973
5032678004870
50303854
8003625041764
5012213357005
5032678006560
5032678007413
5996037050536
50414017
5032678006553
5032678006584
5032678015036
5016860100205
7622210766113
05010102132467
5000382114529
5000112693676
5054267013094
5000382115397
57026619
3270220022503
5000128606981
5000128503679
5000382121855
5000128519199
5012213376112
5010459005292
9002490295523
5099483790060
3057640100673
5050933066289
5020379135009
5010478226548
5900951315732
5201054017418
6932570129833
5061063940370
0085000029824
5098715000694
5026109005871
5060042350070
5000128648738
8720400433193
90493355
5998749116500
5000382129295
0085000002872
0085000007839
5021827092691
5012035002589
7622202814549
5000382129257
8000320414855
5000382129233
5000382129219
072417199578
5013668435911
5013668701559
5053990194629
5011064014419
05012144002296
05012144002289
5013668437885
5000168013558
5000159607407
5012128595271
5410228337379
034000152575
8006530117029
8006530177054
5063249304082
04008400223612
3800020493939
5056357917398
5029788214381
5035139215150
5010029231908
042400236627
5059319039039
8445291677647
5000382127765
7310361164208
8004260018289
5056204200086
8700216929349
7891000435755
5056784915240
5900951358418
5056784915813
8901052087495
5010029226188
7622202828232
5056357913222
7613036270434
5017726440862
5013668439551
5011064001655
5017726411176
5060362390138
49000048674
5011302701033
24000150350
5060442891227
5055116594641
5013668439919
5000129332049
7622210763532
7622210838223
5000382129271
5000382127529
4062139023714
5013922050195
5016873024093
5000128946582
5013668439889
5035766048817
034000109418
5024993733177
7622202228322
5029788164655
5063249304105
5063249301548
5063249301562
5056784913222
5056784913253
7622202814716
4009900469869
8700216929295
8720181905117
3046920023283
070847899334
070847899693
5056357913345
5000382128366
3800020401101
7622202342516
5061013967235
5000382127581
5056784915158
5000177501121
5031396040498
1230000131186
90493430
5054267016453
5054267016491
8996001320846
8001090570819
5000159605441
5000394105485
5000382127727
5000394017641
5050028025917
5020379090704
49000028898
5011013932016
5000128794787
5022822200418
5020379138796
5010092755318
3415583272152
5011581004115
5014721154763
5000204717150
5033747025109
5412533414882
5010677850100
5022896593447
5015821146306
5031390114966
5030481930119
031200001313
5000382126386
5029054251799
5098715004845
7613036641432
5024418506393
5024418506409
5024418506416
5024418506423
5024418506430
5024418506447
9781527230163
5038262055648
8410015027800
5060341581700
8410024710601
5016840120650
5051175738194
5941963004092
5020333008912
50953349
3185370648902
080432402184
5000267195636
5023139264216
5010327445564
8714100912676
5051175738156
29147100015
30062962
3014230021237
3014230021404
5000213018682
736920111815
3557491745448
5010397003701
10279770702
5030039004491
5011166069980
5000291023462
3760175131899
5000354200250
5010038460641
7622210363565
5016873015596
5060116337709
8850025000026
5060932232714
824261
824259
824258
5011566018076
5031413993301
5010092766314
5010375440153
5010718403005
5055486000056
5010314700003
5099873006504
5022822162969
5020379114516
5010186012945
5056267010530
8720181714504
8712423049789
5020379143936
824255
824253
824252
4017100407567
5035139218663
5010102240964
5027908312344
8712100712197
3185370074848
5032678002296
8710625514203
3219820000160
8717163629833
7622202343049
5059001011398
8717163629840
5021427904172
8003340808369
5021427904561
5010327000176
5025820006778
5060337220408
6932570129864
6932570128140
5063249301340
5061063940226
8010471002603
5021932024778
5000143947625
1210000107602
0085000022207
64929822
5012583212591
5000157140920
8002210133426
7622300743659
5000168210421
5000237206454
5000232040916
8445291740334
5056784915660
5056784915691
024000644385
8445291884748
031200001252
5056267011711
7622202813672
7622202813528
5056469311701
024000024385
5027906081044
072417337482
7891000445020
57038971
8445292151207
4017100266652
8723400797838
5054267016316
075496002005
3014230025402
5011166080664
3014260008796
3014260100018
3014260265861
5021427904738
72417175015
72417175022
4009900526876
4009900527149
5010153870158
5016840033219
5016840000617
7622210412539
5024418506454
5601164254466
3256540000827
3256540000834
4025500165611
5024418506478
5024418506485
5024418506492
5024418506508
5024418506515
5010397008553
5020379136853
5020379136877
5020379139977
5010478789654
5024418506522
5024418506539
5024418869672
5024996812022
5024996704457
5020379140010
5099490000305
5019503030549
5019503030587
5016840600015
0070491538047
5019503030600
5019503030624
4009900447300
4009900523660
4009900523691
4750021000256
4009900526647
4009900526678
5011835100211
50676262
0070491541047
5065020479019
96137048
96137062
8855790000660
501116667076
8855790000844
8855790000851
5021932022484
8008440549426
4069600013007
8034115192130
5000221509066
8711327371682
822606
5010438016004
5000221509073
5018735225303
0085000032640
5013683305442
5060426813658
5000246729869
5013683305527
8888101610708
5999571054626
6291007915457
7622202828522
0085000015216
5026180085267
0070177067762
5026619387610
5026619700686
5027785425335
5013683305589
7804320405407
5034124003161
5000431000681
5000181036428
5000181036442
5010431601825
5011166069904
3154230037491
5010718311713
5022374019056
5022374019339
5065018220043
8008440210456
5022374019438
5022374019452
5022374019476
5022374019490
5022374019513
5014379004687
5901359194967
5035766062547
5022374019551
5022374019612
5022374019636
5022374019650
8801062267712
5027785801153
5027785801832
5027785803300
5027785803539
5022374033298
5022374033359
5022374033397
5022374033458
5022374034097
5000196000636
5032678012899
5022374044591
5081304432013
0850035474037
5081304432020
5081304432068
5000112684155
8008440212313
5081304432082
5012262011064
5012262011071
5012262011088
5010153871247
5032678014237
5017011260052
5012262011095
7311312003133
7311312003140
7311312003157
5704420043016
0703694585159
4018077773334
4018077773372
5010511478835
7311312003225
8001060032033
8001060032040
9335805000018
5014379030556
5060257214303
5032678015777
9335805000032
16000502642
16000502666
8410076900401
5010153873661
5901359074498
5000168157740
5000168158617
5000168178059
5000168178097
5010153871704
1210000100542
8410793283931
5000168185804
5000168185965
5000168211497
8710447335901
8000300439120
8410441231000
5000354919589
5063249307557
6932570128171
5000393364937
10129072842520500
5060201181132
5010084908722
024000195252
048256219456
5060468738070
5010038467329
5010038453971
3800020401767
5000159610582
024000885252
048256297164
8710447335956
5014379006520
3430560005943
8410396280207
5060257214488
8714800052900
3159560700091
5020379140119
3059943009080
5011844003046
5035230102410
8005890026811
5010186019722
5060221203937
7622210859792
5010159893854
5011787004704
9315743502874
085000007839
5016652500275
5016652500244
5016652500916
5413149744097
5412533002287
7804320129983
5010658312672
0081434315304
5057624078453
072417332364
070177264581
070177093402
500038212228990
8003340809502
6297000756974
018341751024
5000112581737
7002419970748
5060054132565
5900951360534
034000939619
8445292568081
5060221203784
5000205047379
5011289000297
7622210946003
5020325130928
3800020401644
8437001799084
5059001014092
7622202225284
0072417332364
5000435010594
0703694584558
05029054229385
5060409362081
5000232040749
085000016626
5010134921275
8445291892439
8445291762572
5059319044644
50003821222899023
5056192416056
5060054132558
5033747034019
5033747030400
8445290552174
5012389672780
5000382128441
5037713009193
5060336500204
5027785805199
5039303000863
5027785805212
5027785805366
5027785806752
5027785810544
5027785813071
0070177231385
5030481980053
3014260274856
3014260274924
3014260275938
3014260284336
3014260295813
3291810047799
3256540001404
5020379140386
5010397002780
9311218122776
5020379090742
5010186019531
0085000020319
5063249305225
5063249303580
5010134919180
5059944004525
5000159611916
1230000131773
5033747032404
5033747033401
5033747035405
5033747033005
5033747030202
5034933792911
5027908312368
5024121860300
5000143987126
5000143986235
5704420043009
0072417199707
0703694584541
5704420042989
8720400612819
821499
5020379116527
5020379140263
5027908312375
5019092001791
5000221604532
8801062161881
3043700104330
5010134922180
5015063200408
5000221604525
5000168163895
5020379088534
3178530410471
8004800006141
0068170169194
052600751219
5033747033302
5033747032008
5033747032916
5033747031308
7622210693303
5030481980763
5030481980770
5030481980794
5030481981159
5000326011211
5010511477838
7622210928856
5060250120571
5060250120595
05010015623205
05035766061502
5056192416346
5018357009916
5031390114928
7622202341625
84197375
5010397004166
87368307
6009706974961
5060810120003
5000354927515
5061064442248
034000939572
034000937820
8717163997383
5010029232226
2080702105454
0045745033807
5773184530148
0031200001337
5060471500220
5000171060174
5000354911583
7622202341649
5010388202236
5061064442170
http://www.tunnock.co.uk
5000325054738
05000325054387
5011417572269
5032759011926
05010455064132
5000382127383
5033747035108
8710502470011
0031200001412
5032759013951
5032759014606
5032759017775
5032759017782
5054073094010
5000159605342
0085000016626
8901047039010
5000328946702
5000143915235
70177092535
5942122000252
5000159607377
5035766050056
5035766052524
5099556021558
5099556021473
8711700896436
5055136524017
5012136014023
7311100447422
5000208069828
5010658318940
5941963002746
4014499002892
4062139018178
8901047610561
8901047816215
54491397
05000177496557
5061013944250
8901047816222
8901047610578
5000143934816
5000143994827
5000143941722
5000309007705
5011451106253
5000435011430
8710568058437
5000205045528
5021827117585
0716165177364
3057067171089
50974009
5031390115192
5024996805277
041500888125
50226320
30050921
50226214
5060286260135
5013965904790
1230000131735
30104891
5000431009011
123456123
5449000263513
2502200123445
5000161009817
30107014
4030700115380
4030700129813
5000157026231
0085000005866
5032759020782
5033298000099
5033298005223
5038673231402
5038673631509
5038673631516
5050375112735
5050565373908
5013922060040
5054805039821
5054563060730
5410076229994
694155690508
5907484523726
5000101511615
8720665000017
5056267008377
50398645
5000221604020
50243273
5029053581262
5060324600886
5029053565873
5494
70177178505
8710908799228
5017007601333
70177178529
70177178536
5056267008179
5056267008193
7702018464692
3161420002467
0031200001382
776718
5000159556866
5024121617300
5024121899300
5020379090728
8445291862784
8710502447006
196633965912
5060113919540
5024993732613
8720400635054
8720400634934
5055028301306
8858773972244
5012389673688
5000237126202
5000431020399
5051357011084
5060116334173
5000112640342
8412765505447
5942122000122
5013668112201
3014260307387
0046214930207
3017800050088
3017800157190
5050565588470
5050565588494
5052627001651
5053249014326
5053249206035
7610113026670
5000328946719
5000328987910
5000328026190
5000325052956
5011335005474
5027733000850
5000159603485
5035766062691
6001506900355
5051873002849
3176580104746
3176584221005
5022313136622
5022313136707
5011069168933
5011069172381
5053249251226
5053249259024
5053249260679
5055136525236
5055441406268
5060107330382
3049197110816
5060107330788
5000328147024
8000070011878
5014379006780
3257690000149
5000168201191
5000168201238
5055115817154
4025500215811
5060333540005
5060333540210
5060333540357
5099556019920
5038514059714
5000108763451
88004023492
7610113024768
5000168121840
3017800167854
3017800194973
3024480008803
3033710012732
3033710030149
3035542012607
5000168129990
5000289938440
3219820000078
3046920028585
3046920029568
3046920029575
5000387908956
080432402634
5412533414509
5024121647215
5000289937177
5060926500133
4009900526814
5000328141886
5000328141961
5000328142081
5000328142333
5000237127827
5060215333824
5055441407975
5055441407982
5055441417264
5055441417301
5055441423128
8437007732511
5020379091794
5020379140133
5024271112021
5024271112052
5024271112069
5055136524024
5014673353009
5056086504036
7622210805027
5055441423173
5055441423982
5055441424002
5056079901415
3049197210776
11210000018
28501110080235
11210115255
1128400394
11284003942
8004747007911
5000237126301
5099873089712
5010438012983
5010478541771
8723400783749
5060546418399
3086123221642
8004747008031
5060477670002
5011166069911
5053307033993
5060108901451
5033747022207
5000108650638
5000108641612
5060442891548
5060218710356
5034933543599
5000237126288
5011013500703
5010019640260
9421012620207
5060124978529
7622210890214
5016346510733
7610113001417
070491570047
5055257853140
87666052802
5060038023834
84197382
5038481997255
5000328135328
5020379144315
5000281051413
5010494917840
6412700591773
5900343005296
12354081840
12354087651
12354087705
150751433012101
721733000722
5032678009868
3049197210967
7640175710637
5010677859851
5055257887091
5010658303151
5000157062666
5010658303168
5020379101158
5020379145954
8723400783954
5018735224764
5035139218564
5060733490160
5060999170110
1512141512186
1512141512209
1512141512216
1512141512247
1512141512261
16000707207
16000708808
16000718609
5056283856853
5056338352842
5056338341587
5060498010054
87126952
87330540
8710908677335
42113270
5035766065586
5021319187614
5035766641810
5000227513302
9415549801604
383471
5014044006978
8437001798254
5031390114867
5000159503891
161587
822837
822829
5035766045489
5060180032524
5059697262814
5061064442088
5054267016477
5000382127307
5033747031704
5033747033708
822828
5033747031001
5063249306888
5000159483278
5449000265197
822827
822826
8445291256439
5000205049878
5063249306864
9310415015348
5000237128848
5010102115408
3415581176926
5020379149013
5000328139098
5060116335842
5029617001717
8697788761920
5000328138978
5000328142678
5000328142753
5000328751634
5000116111756
7613036332736
5011273040599
8711327315600
5060335635457
5060335635488
5060337503709
3178530402988
5060041440055
5487
5029948786734
5029948786741
5029948786758
5029948786765
5029948786772
5029948786796
5029948786802
5029617001755
5060095862353
5060257213986
5032678013858
8722700240655
3228021000084
5000326010719
5035766063292
5000205045559
5010084903536
7622210614407
5000354909993
42235323
5016840821052
5000354910005
9322214016617
5010046019695
5060400480074
5908234815047
5000143950113
52019975
816170
5012035971212
5000325053854
5011295158463
5023625001141
5020379090889
5020379115070
8593893755246
5000289936170
8710908877681
5900852925252
5051594007376
43642146
79581184058
824265
799664
805231
5017726432225
42113348
9311043081132
16000718807
16165003534
16165005316
5038512001418
5060657660403
5070000369754
5033747035603
9311218000227
7798422330036
8000500273555
8003625007197
5013174000702
5056086510952
5060215334784
5027882940403
6952581460541
5031390114713
5031396034527
5035766049067
29300727508281
7804320753003
5055037002492
8445291876378
8005415059492
5010134921084
5061064442279
8410722531751
8445291876392
4062139009626
5063249306963
9311218110223
85925052
5060082930348
5050553352212
018341751017
5000435010891
5901356070998
5901867806451
8000500267035
5000143963533
8001841027630
9322214011209
5035251000191
5449000171481
5010186019241
7622210684257
854141000203
4770209047033
9311220011341
5010998992343
5608309002951
5060288540372
5060337727181
5020379148870
4779036870128
42123880
5000289930574
5010658312658
9312088201905
5410438036543
5056036501351
7622210953292
5010775197428
5010775197435
5054267008199
8410722511807
340806
5410438036567
5010228077451
5014201800890
5056036502105
51000012
5010033852076
5020379131636
8714786255586
5031390114782
4046719316915
59943945
3245997967715
79252070574
5038512001432
644536247111
5000265101790
42113669
5941194000160
5060215333749
5010238015252
5020379148979
886453897479
5056267009756
5000157144102
5013967012486
90161007
5010327325132
5060471500503
5025744408047
96168882
5034933789638
5010663816271
5029376245704
5065003233102
5035766047155
5907513088769
5011302250333
5023139215300
8002235041225
8888101050801
5061064442040
0031200452009
5063249306840
5014201701777
5060041767763
5020379148917
5011597001887
7393714517906
5012136097200
7311100451320
16165005941
16165007938
16165007952
16229914561
17082221025
17082221728
5010658318964
8445291265813
5011566032942
8445291388215
5900951305672
5031390114560
5011251046650
5000354908927
8411514806033
8445291036963
5020379056465
8445290698209
5011792008445
8411514805982
5906489734403
5907513082828
5011566018021
3065890155169
8714100389928
3065890099678
4008429163906
180958000014
180958000021
18341751109
5020379131124
5013668440168
4008429166730
5900951305504
18341751130
189624313
20005016
20050189427
3049610004203
4770608263577
8719200009400
8445291337855
4001929545586
4008400121925
8586000983519
5000128771726
4008400122625
7312930000382
8410525271182
5053947211041
5061064442033
5000161004911
5063249306949
8445291338388
4008429109799
4006521004509
96145715
5900951277979
8006220110774
8588000064052
3500610154928
5061064442057
5010327325125
5000159604086
234103
5000382124061
5030039004767
5020379134248
8660894286458
89894834106
5010024160975
5012035912383
5060050996857
5055579130493
5055579130554
5020379192620
5026215428847
5055579130561
5020379192682
5055579130523
5000187141898
5013668440243
5010394984577
4008429970511
2014963302291
2040332012911
20445423
21475020843
24000010203
5998749125564
5010394003551
6920170811012
5000112684599
5054267014398
5055566998044
6945949410043
5054267014657
5000112673951
5020379148894
7613033126390
8005415000531
5061064442255
5061064442064
5000143953015
5997523315733
5056357913246
8001585008391
5010148111082
683352
42383642
0322244006205
96060896
7332531008891
5056357913321
5010102345546
4062139016600
24000011477
5000112684520
5038512002415
5000112669794
5000382122968
24000024385
4062139015672
5060947546233
5061013949859
90457432
90457951
24000025528
5061013944717
5060608748525
90456862
5000382123293
5060896623849
5999571052011
5029578000200
5000382122746
5010438007156
7891000300602
26091103
5020379148955
5011053011610
5000444014897
5012145013567
96135532
5010822990071
5900334006233
8714786286658
5013965948428
50249152
5033747022702
40000527152
87124385
51000005
5000112640359
8000430900231
5035766062677
5000112640267
5011251128066
5060183130272
5011166058540
4770047234107
5020379137584
5060517888350
5011053022586
5020379016247
5010228001869
7393714367921
5010102346406
4024863135101
9310006005604
5010102103641
5010102245266
24000038245
24000101666
24000150039
3049614083983
3054080061007
3057065003108
3057065018102
3057640320613
5000193540951
3092718602277
5032678005792
05060108451642
5000128158855
5000382114888
5000112547634
05010102231771
5000112673913
5013668436543
4062139016518
5010438022395
5023274043189
5019939002790
5060026001707
5019939002783
5019939002769
5019939002776
5053249027931
5020379071369
5010338404017
5449000294449
5000143969535
5000143943535
5017375033613
5000431000124
5060592005376
5000435011607
24000150329
5000393085054
3057069235031
54034396
24000160007
24000194521
24000196143
8412765994074
5707294376297
5011579451099
5055037002744
5036334004006
4600659912554
5000226000285
5011579451075
85957268
89686816068
4030700115410
5012974102500
8445291265714
25901559950967
5027097901176
5010605400483
5017353505231
8714786286627
4000539674501
7622210644794
7622210817280
5031390114850
7622210489289
7622210078131
5029788188941
5053307037595
5020379071352
5021956001083
3086123221673
5000171056306
3277390000430
59070672
5053990149506
5022977009607
5031390114591
5010102241640
5020379086189
8000920461822
8711200316625
8711327318953
7322540944884
7622210926258
7613036641395
4008429070563
2600989812366
3574661162232
3574661237008
5000328988467
5010153870431
8008530052607
8008530052621
8008530052638
8008530052645
5032824020143
5020379114905
5020379140034
1230000022064
5011835101058
5011835101065
7622210578464
7622210580092
5020379143554
5901359044002
5401
8008530052614
5000129362770
5054267014695
3329770062467
3482015035470
8720181079245
5060041767756
5053249246031
8691484348003
5031413949575
5028181100420
5028181100444
5010326841152
5028181107658
5033298005216
5028181106859
42113546
42113720
5033298005247
5060041767770
5010326846591
5010326846607
5056557815166
5056557815173
5050375112759
5010123703509
3574661440460
3574669908085
7322541049052
8006540825327
2
100050939886
100184104415129
5000128796484
7322540852066
3057640402623
3057640402968
3068320040103
3068320040127
3083680001229
3083680002110
3083680004244
3083680651912
3086123001053
3086129999743
31200458179
31200467522
3120581375407
3120581440013
3171310000145
3171310000152
3176575128962
3179730011147
3185370532829
3245990287407
3245995233812
3245995997714
3249381096319
3250670000368
3251350118007
3254474007004
3257150688863
3257150688887
3257650010157
3262151044754
3262151083753
3263070021598
3263070025305
3263280103244
3263280106429
3263280107310
3263280115391
3263280115407
3263286301316
3263286324216
3263286325886
3263286329396
3284230011471
3292059430007
3295890140371
3334751003315
3334751007085
3334751007221
3334751007412
3334751008990
3334751200240
3359841149087
3359841149230
3384123400099
34000004409
34000102501
34000109166
34000239016
34000440115
34000441433
3415581160208
3415581194128
3415581312157
3415581353150
3415581531152
3415581534153
3415587403026
3430565521400
3430565522605
3438910041238
3438910861843
34491192
3451861033374
3475371212159
3475371212470
3475371221557
3500610050657
3500610050664
3500610050671
3500610051937
3500610085338
3500610093708
3574660025415
3574660026917
3574660049749
3574660306675
3574660306910
3574660509021
3574660509427
3574661202662
3574661264813
3700067803282
37600135207
3760119350010
3800020411131
3800020415665
3800020422342
3800020422458
3800020424223
3800020425053
3800020426784
3800020429716
3800020431764
3800020435564
3800093103551
3800205872924
3800205872948
3800205872955
3800215811425
3800215811432
3800215811449
39047001138
393080806
4000177601006
4000177605004
4000177836002
4000417299000
4000522006777
4000539221408
4001453009523
4001686522066
4001888002120
4002359004735
4002359632372
4002359647376
4002359653506
4002359653513
4002359653568
4002359653575
4002359653599
4002359653643
4002359653674
4002359653681
4002359662614
4002359663697
4002359664342
4002468142977
4002652003848
4002971508109
4002971508307
4002971510904
4004752284615
40055213
4005800237515
4005808133239
4005808135318
4005808828784
4005808837502
4006424185619
4007951007177
4007951007283
4008005440230
4008005440377
4008005440407
4008005440469
4008005440506
4008007017379
4008007017812
4008007017881
4008460266383
6162992
4008460266468
4008514129008
4008577088137
4009900359245
4009900453097
4009900453110
4009900455411
4009900456890
4009900463034
4009900470544
4009900474610
4009900477901
4009900514262
4009900514910
40099125
40099132
40099224
40099323
4011100818811
40111513
40111650
4014400900880
4014400903744
4014400908923
4014400910414
4014400912203
4014400914016
4015400011576
4015400021544
4015400048930
4015400048961
4015400049029
401540010128267
4015400128076
4015400128168
4015400128236
4015400128267
4015400128328
4015400162971
4015400220374
4015400243915
4015400243984
4015400244059
4015400260837
4015400347729
4015400347835
4015400347910
4015400348115
4015400348214
4015400396161
4015400715740
4015400755333
4015400876991
401540400128076
401540400128168
401540400243984
4015600375416
4015600453480
4015600521691
4015600521721
4015600521752
4015600521783
4015600694166
4015600706586
4015600706647
4017100209253
4017100211003
4017100263101
4017100283123
4017100290008
4017100291005
4017100349270
4017100365102
4017100370007
4017100951923
4017100951930
4018342155711
4020943240130
40232051166
4023600003321
4025500103781
4025500138820
4025500146924
4025500147280
4028491400525
4033100064401
4033100064463
40331058
40331621
40331652
4034100221788
4043058008181
4043058009461
4043058009485
4043058010641
4044551014259
4044551056884
4044551056891
4047751730219
4047751730257
4049366000237
4056800781324
4056800858484
4060800106018
4060800109507
4060800111678
4060800128164
4060800133816
4060800135070
4060800135124
4060800164940
4060800165022
4060800165756
4060800165770
4060800166050
4060800166074
4060800166098
4060800166159
4060800166944
4060800166968
4060800167125
4060800167200
4060800167286
4060800167323
4060800167347
4060800167361
4060800167385
8414088172757
4060800167705
4060800171689
4060800171702
4060800172440
4060800173249
4062400092807
4062400543125
4062400544153
4067700011213
4067700011220
4067700012777
4067700013057
40677057
40677385
40677538
40696188
40696195
4084500100916
4084500116016
4084500121379
4084500182059
4084500197831
4084500656710
4084500666849
4100130923784
42015017
42021346
42069744
42101680
42105428
42113249
42113522
42117346
42124108
42155157
42174417
42174424
42174721
42181897
42181903
42182085
42182108
42182115
42188896
42189558
42211518
42211914
4250676610034
4251097403687
4251097403717
4251097403748
4251097403892
4251097405575
4251097405872
4300228001510
4300229001809
4300230000006
4300240000003
4300280000001
4300290000008
4300300000004
4300310000001
43553484
43649340
45000387905474
46000283272
46000283289
4602726002908
4603400000180
4603400000289
4603400001545
46106469
47400179707
4770608250867
4770608250904
4791003461030
4791003761581
48256210668
48256210699
48256215519
48256220056
48256225754
48256229998
48256281156
48256281170
4895069047525
4895151809567
4901660116536
4901660117670
4902506074812
4902580131258
4902580131272
5000101061196
5000101082979
5000101095627
4820024228787
475041670
5000101095795
5000101132292
5000101832208
5000101833427
5000101833595
5000101835193
5000101838774
5000101949227
5000101964756
5000101986451
5000101988462
5000101988547
5000101995156
5000104012300
5000108028918
5000108100300
5000108305521
5000108308911
5000108309383
5000108445722
5000108565802
5000108698319
5000108885887
5000111018456
5000111046930
5000111046947
5000111047463
5000111047487
5000112538472
5000112538489
5000112545333
5000112563467
5000112563474
5000112569995
5000112573374
5000112573404
5000112574661
5000112574678
5000112574685
5000112574692
5000112574708
5000112574715
5000112574722
5000112574739
5000112574760
5000112574777
5000112574821
5000112576115
5000112576122
5000112576139
5000112576146
5000112581010
5000112581126
5000112581331
5000112581720
5000112581904
5000112581942
5000112581959
5000112583793
5000112585094
5000112586701
5000112586718
5000112586725
5000112586732
5000112589207
5000112589474
5000112590005
5000112592023
5000112592030
5000112592047
5000112592061
5000112592139
5000112592146
5000112592153
5000112592160
5000112592856
5000112599695
5000112599701
5000112599770
5000112599817
5000112601114
5000112601121
5000112601138
5000112601626
5000112602999
5000112603026
5000112604986
5000112605747
5000112605754
5000112608397
5000112615463
5000112615494
5000112618853
5000112624915
5000112624922
5000112627350
5000112628715
5000112629019
5000116030637
5000116055364
5000116055371
5000116100286
5000116100309
5000116100330
5000116100347
5000116100552
5000116101030
5000116101320
5000116101337
5000116101498
5000116101979
5000116102020
5000116102556
5000116102587
5000116103904
5000116103973
5000116105434
5000116111107
5000116111930
5000116112227
5000118017391
5000118052378
5000127162099
5000127329980
5000127521001
5000127680012
5000127731257
8721500067592
5000127743953
5000132007033
5000134040564
5000134045637
5000134045842
5000136005677
5000137018966
5000143101188
5000143101225
5000143101232
5000143105254
5000143108255
5000143112115
5000143116144
5000143124057
5000143137132
5000143144017
5000143144154
5000143145038
5000143145052
5000143145083
5000143145229
5000143149104
5000143149173
5000143149258
5000143149265
5000143149289
5000143149296
5000143151282
5000143155082
5000143155174
5000143158250
5000143167177
5000143168198
5000143176018
5000143182071
5000143195019
5000143201130
5000143201192
5000143201222
5000143201277
5000143204049
5000143209044
5000143209181
5000143214093
5000143214147
5000143216097
5000143220223
5000143221077
5000143221091
5000143224122
5000143225129
5000143228274
5000143233216
5000143236002
5000143236019
5000143236040
5000143236057
5000143236064
5000143236071
5000143236125
5000143236132
5000143236163
5000143236170
5000143236187
5000143236194
5000143236200
5000143236217
5000143236248
5000143236255
5000143236279
5000143236286
5000143236293
5000143237009
5000143237016
5000143237023
5000143237030
5000143237078
5000143237146
5000143237153
5000143238105
5000143238112
5000143238129
5000143238136
5000143238143
5000143238198
5000143238228
5000143238235
5000143238242
5000143238266
5000143241020
5000143241105
5000143242133
5000143243161
5000143243178
5000143243208
5000143243215
5000143243222
5000143243239
5000143243284
5000143243291
5000143244113
5000143244120
5000143244144
5000143244199
5000143244205
5000143244236
5000143245028
5000143245035
5000143245042
5000143245059
5000143245066
5000143245073
5000143245080
5000143245097
5000143245110
5000143245189
5000143246148
5000143246155
5000143246186
5000143246193
5000143246209
5000143246216
5000143247008
5000143247015
5000143247060
5000143247077
5000143247084
5000143247091
5000143247107
5000143247114
5000143247138
5000143247145
5000143247152
5000143247176
5000143256208
5000143262254
5000143265248
5000143268072
5000143281262
5000143281279
5000143282009
5000143282030
5000143282047
5000143282054
5000143282061
5000143282078
5000143282085
5000143282092
5000143283006
5000143283013
5000143283020
5000143283037
5000143283044
5000143283051
5000143283181
5000143283228
5000143284003
5000143284010
5000143284027
5000143284058
5000143284065
5000143285093
5000143287004
5000143287011
5000143287042
5000143287059
5000143287066
5000143287080
5000143291018
5000143291025
5000143291032
5000143291056
5000143291070
5000143291087
5000143291094
5000143291117
5000143291124
5000143294262
5000143295016
5000143301007
5000143301144
5000143301151
5000143301182
5000143301212
5000143304008
5000143304091
5000143304107
5000143304114
5000143304121
5000143304138
5000143304169
5000143304176
8004800003744
5000143304183
5000143304190
5000143304206
5000143304244
5000143304251
5000143304282
5000143306088
5000143306095
5000143306101
5000143306118
5000143306125
5000143306132
5000143306163
5000143306170
5000143306187
5000143306217
5000143306231
5000143306248
5000143306279
5000143307009
5000143307023
5000143307030
5000143307146
5000143308020
5000143308037
5000143308044
5000143308105
5000143308112
5000143308129
5000143308143
5000143309041
5000143309058
5050375112780
5000143309065
5000143309072
5000143309119
5000143309133
5000143309157
5000143312010
5000143312027
5000143312041
5000143326093
5000143326147
5000143326154
5000143326178
5000143326185
5000143326208
5000143328004
5000143328035
5000143328059
5000143328073
5000143328080
5000143328103
5000143328110
5000143328127
5000143328158
5000143332056
5000143333015
5000143333039
5000143333046
5000143333084
5000143333114
5000143340266
5000143340280
5000143340297
80788393
5000143344042
5000143345209
5000143347203
5000143349016
5000143349030
5000143349085
5000143352177
5000143357240
5000143358131
5000143359107
5000143382136
5000143384178
5000143385212
5000143415230
5000143428131
5000143505177
5000143505184
5000143505276
5000143506273
5000143509151
5000143510171
5000143514209
5000143519129
5000143519266
5000143525106
5000143528183
5000143533071
5000143534054
5000143536256
5000143541045
5000143544121
5000143545111
5000143547016
5000143547023
5000143547030
5000143547108
5000143547146
5000143549010
5000143549119
5000143549126
5000143549140
5000143549195
5000143551013
5000143551020
5000143551051
5000143551082
5000143551099
5000143551105
5000143551112
5000143551136
5000143551181
5000143551204
5000143551242
5000143551259
5000143552027
5000143552072
5000143552140
5000143558128
5000143558142
5000143558159
5000143558241
5000143558258
5000143558272
5000143558289
96094167
5000143559019
5000143559026
5000143559071
5000143559095
5000143559101
5000143559149
5000143559156
5000143559163
5000143559170
5000143559187
5000143559194
5000143559200
5000143559231
5000143559255
5000143559286
5000143559293
5000143560015
5000143560039
5000143560046
5000143560084
5000143560091
5000143560152
5000143560268
5000143566130
5000143575194
5000143591156
5000143595017
5000143801224
5000143820232
5000143825145
5000143848144
5000143910520
5000143910537
5000143917529
5000143920918
5000143923612
5000143925319
5000143936025
5000143955224
5000143983432
5000143985337
5000143989335
5000146040446
5000146051619
5000146057857
5000146059615
5000146400813
5000146401063
5000147025534
5000149022692
5000149023859
5000149028908
5000149028915
5000149029004
5000149029172
5000149029196
5000149029325
5000149029349
5000149029356
5000157007513
5000157008053
5000157008367
5000157008374
5000157008404
5000157008794
5000157009951
5000157009968
5000157024497
5000157062000
5000157062482
5000157062659
5000157062796
5000157063823
5000157063830
5000157064745
5000157065193
5000157065612
5000157065834
5000157066190
5000157066565
5000157066787
5000157068019
5000157068071
5000157068804
5000157069047
5000157069115
5000157069139
5000157069405
5000157069412
5000157069429
5000157069436
5000157069870
5000157070159
5000157070180
5000157070524
5410438047938
5000157070548
5000157070555
5000157070890
5000157070944
5000157071163
5000157071170
5000157072603
5000157072610
5000157072948
5000157076564
5000157077783
5000157077929
5000157078087
5000157079541
5000158063983
5000158064034
5000158064560
5000158066250
5000158067202
5000158069176
5000158070875
5000158102170
5000159023962
5000159026314
5000159314732
5000159331692
5000159347242
5000159376471
5000159383943
5000159386340
5000158100572
5000159386395
5000159388535
5000159389853
5000159389860
5000159392686
5000159393850
5000159394499
5000159399036
5000159405140
5000159405966
5000159406147
5000159407236
5000159415095
5000159416917
5000159416931
5000159419079
5000159420181
5000159421416
5000159423793
5000159423816
5000159423854
5000159424608
5000159426152
5000159426176
5000159428002
5000159430944
5000159433068
5000159436427
5000159444309
5000159446372
5000159446426
5000159447218
5000159449366
5000159449939
5000159450980
5000159451000
5000159453028
5000159453493
5000159454131
5000159457606
5000159458139
5000159458733
5000159461696
5000159462280
5000159469623
5000159475532
5000159479240
5000159479400
5000159486897
5000159489935
5000159490245
5000159490269
5000159490603
5000159493079
5000159493277
5000159493451
5000159493659
5000159501385
5000159503938
5000159504720
5000161006144
5000161006175
5000161006182
5000161006199
5000161006236
5000161007158
5000161010295
5000161026692
5000161026715
5000161029228
5000166014830
5000166023122
5000166023139
5000166029544
5000166031691
5000166037518
5000166038126
5000166053600
5000166053624
5000166063937
5000166063951
5000166065276
5000166071260
5000166071277
5000166071536
5000166071543
5000166072342
5000166072359
5000166072397
5000166072403
5000166072410
5000166072427
5000166072441
5000166072458
5000166072465
5000166072472
5000166072489
5000166073134
5000166073141
5000166073288
5000166073295
5000166073301
5000166073547
5000166073554
5000166074919
5000166074971
5000166074988
5000166074995
5000166075015
5000166075077
5000166075084
5000166075114
5000166075121
5000166075145
5000166075152
5000166075268
5000166075299
5000166075305
5000166075503
5000166075992
5000166077071
5000166146777
5000166147545
5000166150880
5000166150903
5000166150927
5000166150989
5000166151146
5000166151160
5000167001426
5000168001319
5000168003702
5000168004310
5000168015521
5000168104652
5000168107134
5000168122090
5000168122335
5000168133638
5000168134062
5000168135984
5000168148205
5000168148229
5000168148267
5000168148304
5000168148502
5000168148588
5000168148809
5000168148861
5000168149721
5000168151854
5000168151984
5000168151991
5000168152004
5000168152769
5000168152776
5000168156286
5000168156293
5000168156309
5000168156316
5000168156323
5000168156330
5000168156385
5000168156392
5000168156415
5000168156422
5000168156439
5000168156446
5000168156507
5000168156613
5000168156620
5000168161945
5000168163352
5000168163413
5000168163451
5000168163475
5000168163901
5000168163918
5000168164366
5000168164380
5000168167961
5000168168067
5000168168081
5000168168104
5000168168142
5000168168166
5000168168180
5000168168203
5000168168241
5000168168265
5000168168500
5000168168586
5000168168685
5000168168708
5000168171661
5000168175171
5000168175195
5000168175232
5000168175379
5000168175508
5000168177434
5000168183657
5000168189277
5000168191744
5000168192383
5000168194370
5000168194394
5000168196923
5000168197296
5000168197333
5000168204017
5000171002006
5000171002525
5000171002730
5000171003539
5000171005458
5000171032430
5000171032584
5000171032614
5000171032652
5000171033604
5000171035059
1420448036543
5000171052940
5000171052957
5000171053138
5000171053145
5000171055767
5000171056344
5000171056436
5000174002065
5000174002256
5000174005578
500017402244059
5000174230734
5000174346398
5000174346435
5000174498158
5000174825329
5000174989694
5000174989717
5000175402482
5000175408682
5000175409146
5000175409344
5000175410159
5000175410234
5000175410692
5000175411163
5000175412689
5000175413013
5000175413020
5000175413037
5000221506201
5053249259093
5000175413044
5000175413051
5000175413396
5000175413495
5000177445432
5000177449942
5000177455608
5000177458111
5000177462811
5000177463726
5000177465959
5000177465973
5000177466031
5000177466154
5000177466178
5000177466383
5000177466406
5000177466437
5000177466628
5000177467489
5000177467748
5000177468400
5000177471950
5000177472032
5000177472056
5000177472124
5000177476061
5000177477044
5000177478676
5000177478775
5000177480808
5000177481065
5000177483205
5000177483212
5000177483267
5000177483533
5000177483960
5000177485742
5000177485780
5000178008674
5000178106066
5000178106790
5000178108305
5000178109746
5000178109760
5000178111442
5000178111459
5000178111466
5000183007402
5000183007426
5000183007457
5000183031582
5000183510520
5000184161011
5000184321057
5000184321071
5000184321545
5000185101504
5000185101665
5000185104413
5000185106233
5000185106288
5000185106608
5000185108152
5000185108329
5000185109470
5000185109579
5000185109586
5000185109951
5000185109968
5000185109982
5000185110544
5000185111190
5000185111206
5000185111534
5000185111602
5000185111633
5000185111640
5000185111664
5000185111688
5000185111701
5000185111718
5000185112128
5000186108786
5000186151652
5000186641092
5000187008238
5000187123030
5000187137730
5000187137747
5000187137754
5000187140303
5000187140327
5000187140587
5000187140945
5000187140952
5000187142031
5000187142802
5000187142888
5000187146046
5000187148231
5000187148613
5000187151538
5000187151583
5000187155871
5000189624313
5000197520386
5000197563512
5000199051031
5000201460509
5000201460738
5000201473158
5000201478542
5000201483744
5000201487230
5000201487247
5000201487254
5000204566949
5000204566970
5000204568554
5000204570878
5000204570939
5000204618501
5000204629620
5000204638424
5000204649307
5000204649369
5000204838411
5000204838435
5000204838459
5000204882506
5000204882544
5000204885569
5000204885583
5000204885606
5000204887150
5000204888782
5000204888799
5000204888805
5000204889499
5000204889512
5000204891775
5000204895841
5000205034157
5000205034614
5000205034843
5000205034881
5000205035079
5000205036342
5000205036731
5000205037035
5000205044910
5000205045535
5000205045573
5000205045597
5000205045672
5000205045689
5000208002450
5000208005666
5000208014774
5000208018369
5000208025282
5000208058631
5000208064830
5000208071357
5000208083725
5000208092772
5000208096886
5000209142513
5000213001509
500021800090355
5000218005700
5000221004769
5000221101727
5000221105183
5000221501008
5000221506683
5000224009853
5000226022287
5000227506564
5000227508612
5000227996266
5000227997744
5000227998352
5000231008443
5000231050817
5000231070082
5000231070112
5000231080371
5000231082245
5000231082849
5000231083037
5000231083068
5000231083129
5000231087417
5000231214035
5000232198600
5000232214010
5000232221018
5000232416001
5000232434005
5000232466013
5000232470010
5000232816337
5000232818690
5000232818751
5000232824554
5000232824806
5000232829047
5000232830814
5000232830838
5000232841315
5000232847218
5000232849816
5000232852731
5000232867322
5000232867339
5000232880253
5000232880291
4000177036952
5000232886323
5000232888662
5000232888709
5000232894410
5000232894434
5000232894458
5000232894496
5000232894519
5000232894571
5000232894595
5000232901576
5000232919878
5000232919953
5000237001448
5000237023792
5000237077986
5000237080191
5000237080214
5000237087466
5000237091753
5000237093641
5000237093665
5000237093689
5000237097229
5000237097250
5000237097786
5000237101063
5000237101094
5000237101124
5000237101513
96096949
5000237101964
5000237102039
5000237102046
5000237102152
5000237102473
5000237103357
5000237103647
5000237103685
5000237104293
5000237104453
5000237105344
5000237105368
5000237107386
5000237107829
5000237107867
5000237107966
5000237112199
5000237113981
5000237114971
5000237118481
5000237119808
5000237120323
5000237121573
5000237121634
5000237121900
5000237122174
5000237122990
5000237123072
5000237125014
5000242112481
5000243717388
5000243717425
5000243717456
5000243924007
5000243925004
5000243969107
5000254002107
5000264002272
5000264010758
5000267096261
5000267116303
5000267168395
5000281024561
5000281025346
5000281026695
5000281039725
5000281039763
5000281043289
5000281047065
5000289926676
5000289926690
5000295078482
5000295078703
5000295134188
5000295141438
5000295148420
5000309003455
5000309006227
5000309006999
5000314003006
5000314003594
5000314005307
5000314007295
5000314007783
5000317002082
5000318106888
5000318106901
5000318107021
5000318107281
5000318107564
5000318109834
5000318109995
5000318110960
5000325003255
5000325030879
5000328156712
5000328157696
5000328161716
5000328162775
5000328178691
5000328184647
5000328184999
5000328191577
5000328202198
5000328203737
5000328216423
5000328217482
5000328229546
5000328229621
5000328230603
5000328237503
5000328238722
5000328306902
5000328307459
5000328318646
50980857
5000328325903
5000328329246
5000328377544
5000328443805
5000328443980
5000328452814
5000328465425
5000328467948
5000328476377
5000328482590
5000328482675
5000328482835
5000328508078
5000328511498
5000328513157
5000328522098
5000328522500
5000328522760
5000328529585
5000328532226
5000328532493
5000328546216
5000328547602
5000328553221
5000328553306
5000328577616
5000328583914
5000328585680
5000328588728
5414150411152
7622202828119
5000328590684
5000328593562
5000328594002
5000328594439
5000328598703
5000328602844
5000328603476
5000328604770
5000328605562
5000328613369
5000328633732
5000328673646
5000328695273
5000328708140
5000328731261
5000328738598
5000328748054
5000328750255
5000328753133
5000328754277
5000328756103
5000328761107
5000328783314
5000328792255
5000328805207
5000328808604
5000328810126
5000328825847
5000328885704
5000328893921
5000328898223
5000328901312
5000328956350
5000328956435
5000328956510
5000329001530
5000329001561
5000329001578
5000329001813
5000329001844
5000329006054
5000332004108
5000332509368
5000332510159
5000332510210
5000332510319
5000347000911
5000347002816
5000347005114
5000347010736
5000347010941
5000347012266
5000347013201
5000347013959
5000347016752
5000347016783
5000347016813
5000347017582
5000347017872
5000347018022
5000347018879
5000347018923
5000347020247
5000347020254
5000347022265
5000347022289
5000347024313
5000347025358
5000347026706
5000347027055
5000347027086
5000347028359
5000347029127
5000347034015
5000347034985
5000347034992
5000347036347
5000347038112
5000347038136
5000347038143
50003470381438
5000347038518
5000347038679
5000347038686
5000347038808
5000347038815
5000347038907
5000347041259
5000347043734
5000347043925
5000347045516
5000347048333
5000347048340
5000347052156
5000347053047
5000347054600
5000347057519
5000347060908
5000347061165
5000347061332
5000347061349
5000347061547
5000347061677
5000347061806
5000347062827
5000347062834
5000347062841
5000347064227
5000347064340
5000347064425
5000347064524
5000347071836
5000347071850
5000347071867
5000347077951
5000347078026
5000347078033
5000347078316
5000347087110
5000347087127
5000347091179
5000347091650
5000347091667
5000347097218
5000347097225
5000347097591
5000347097874
5000347097881
5000347097898
5000347097904
5000347097980
5000347097997
5000347098437
5000353049195
5000353199111
5000353219505
5000353229115
5000353229504
5000353339500
5000353509095
5000354110764
5000354156489
5000354156878
5000354156885
5000354156991
5000354157318
5000354157325
5000354157745
5000354157752
5000354157783
5000354158087
5000354158230
5000354158247
5000354158346
5000354158520
5000354162701
5000354162763
5000354162787
5000354164651
5000354165344
5000354166648
5000354200540
5000354200557
5000354201097
5000354201752
5000354201974
5000354400421
5000354400452
5000354401282
5000354401480
5000354401527
5000354401534
5000354401541
5000354401602
5000354401619
5000354401862
5000354401879
5000354401886
5000354402623
5000354402791
5000354403071
5000354403095
5000354403101
5000354403194
5000354404283
5000354405006
5000354405174
5000354406034
5941850166339
7610900037483
5000354800016
5000354800115
5000354800122
5000354800436
5000354800702
5000354800719
5000354800894
5000354800955
5000354900914
5000354900921
5000354901003
5000354901027
5000354902079
5000354902277
5000354903090
5000373082455
5000382006046
5000382012740
5000382012764
5000382012924
5000382012948
5000382012962
5000382013105
5000382013129
5000382013716
5000382014133
5000382015314
5000382019428
5000382021377
5000382022916
5000382022930
5000382022954
5000382023173
5000382024637
5000382024668
5000382024699
5000382024729
5000382025139
5000382025160
5000382025184
5000382025207
5000382025221
5000382025344
5000382025368
5000382025924
5000382025962
5000382026006
5000382026112
5000382026617
5000382027713
5000382027737
5000382027751
5000382027775
5000382027973
5000382027997
5000382028444
5000382028802
5000382029427
5000382029441
5000382029540
5000382029564
5000382029649
5000382029748
5000382029984
5000382030065
5000382030461
5000382030485
5000382030676
5000382030690
5000382030737
5000382030751
5000382030836
5000382030874
5000382031802
5000382031826
5000382032069
5000382032083
5000382032465
5000382033592
5000382034070
5000382034360
5000382035794
5000382036135
5000382036173
5000382036234
5000382036258
5000382036418
5000382036531
5000382036821
5000382036845
5000382036920
5000382037385
5000382037873
5000382037996
5000382038054
5000382038153
5000382038290
5000382038603
5000382038641
5000382039341
5000382039419
5000382039655
5000382040637
5000382040712
5000382040897
5000382041009
5000382041382
5000382041429
5000382042242
5000382045656
5000382100188
5000382100201
5000382100225
5000382100249
5000382100287
5000382100300
5000382100331
5000382100355
5000382100409
5000382100874
5000382101093
5000382101482
5000382101604
5000382101796
5000382101819
5000382101833
5000382101857
5000382101956
5000382101970
5000208001507
5000382102038
5000382102397
5000382102717
5000382103813
5000382104193
5000382104223
5000382104230
5000387905900
5000393014115
5000393015532
5000393015594
5000393015785
5000393015945
5000393015976
5000393016010
5000393016041
5000393016072
5000393026330
5000393026361
5000393026392
5000393026453
5000393026545
5000393026606
5000393026668
5000393027023
5000393027054
5000393027085
5000393027269
5000393028914
5000393028945
5000393045058
5000393045843
5000393045928
5000393045959
5000393046017
5000393046109
5000393046161
5000393046253
5000393046284
5000393046314
5000393046345
5000393046406
5000393046437
5000393046529
5000393046581
5000393046611
5000393046628
5000393046659
5000393046680
5000393046710
5000393046741
5000393046987
5000393047014
5000393047076
5000393047137
5000393047168
5000393047199
5000393047250
5000393047434
5000393047465
5000393047526
5000393047557
5000393047618
5000393047670
5000393047731
5000393047762
5000393047977
5000393048134
5000393048288
5000393048455
5000393048639
5000393048660
5000393048691
5000393048783
5000393076533
5000393076830
5000393076861
5000393077103
5000393077134
5000393077264
5000393077325
5000393077509
5000393077530
5000393077561
5000393077622
5000393077653
5000393077684
5000393077905
5000393077981
5000393078025
5000393078056
5000393078087
5000393078117
5000393078179
5000393078209
5000393078230
5000393078261
5000393078292
5000393078322
5000393078353
5000393078384
5000393078414
5000393078445
5000393078476
5000393078506
5000393078537
5000393078568
5000393078605
5000393078667
5000393078704
5000393078735
5000393078766
5000393078803
5000393078834
5000393078865
5000393078919
5000393079022
5000393079084
5000393079145
5000393079176
5000393079237
5000393079404
5000393079435
5000393079466
5000393079503
5000393079534
5000393079565
5000393080479
5000393080530
5000393080714
5000393080745
5000393080899
5000393152244
5000393158321
5000393158352
5000393158642
5000393158673
5000393159205
5000393159236
5000393159335
5000393159366
5000393159403
5000393159700
5000393159854
5000393159915
5000393159946
5000393160003
5000393160034
5000393161772
5000393161802
5000393161925
5000393161956
5000393161987
5000393162014
5000393162076
5000393162106
5000393162137
5000393162229
5000393162281
5000393162519
5000393162601
5000393162786
5060184080309
5000393162878
5000393162908
5000393163028
5000393163059
5000393163264
5000393165268
5000393165299
5000393165626
5000393165732
5000393165800
5000393165923
5000393166029
5000393616548
5000393616555
5000393616562
5000393616609
5000394038165
5000394038202
5000394077157
5000394077218
5000394150409
5000396020687
5000426122299
5000426131055
5000426131079
5000426157659
5000426171631
5000431009165
5000431009271
5000431009301
5000431009332
5000431010147
4791034017015
5000431010208
5000431010383
5000431010413
5000431010741
5000431010956
5000431010987
5000431011793
5000431012127
5000431012363
5000431012639
5000431013674
5000431013940
5000431014060
5000431014183
5000431014244
5000431014602
5000431014725
5000431014787
5000431014817
5000431014909
5000431015081
5000431015920
5000431018310
5000431018556
5000431018679
5000431018730
5000431018761
5000431019539
5000431019560
5000431019591
5000431019713
5000431019744
3454760017193
5000431019836
5000431019898
5000431019980
5000431020047
5000431020160
5000431020603
5000431020818
5000431021020
5000431021112
5000431021143
5000431021419
5000431021921
5000431022003
5000431022270
5000431022584
5000431022614
5000431022676
5000431022706
5000431022737
5000431023062
5000431023093
5000431023123
5000431023154
5000431023185
5000431023215
5000431023307
5000431023512
5000431023543
5000431023574
5000431024540
5000431024571
5000431024694
5000431024724
5000431024847
5000431024991
5000431025110
5000431025561
5000431025592
5000431025622
5000431025684
5000431025714
5000431026063
5000431028753
5000431028784
5000431028876
5000431028906
5000431029163
5000432011686
5000432011716
5000432011747
5000432011778
5000432011952
5000432012010
5000432012072
5000432012102
5000432012133
5000432012164
5000432012379
5000432012430
5000432012461
5000432012614
5000432012676
5000432012737
5000432012973
8413385020501
5000432013000
5000432013031
5000432013062
5000432013093
5000432013123
5000432013215
5000432013246
5000432013826
5000432013949
5000432013970
5000433010480
5000433011500
5000433011562
5000433011593
5000433011623
5000433011654
5000433011685
5000433011715
5000433011746
5000433011777
5000433011807
5000433011869
5000433011890
5000433011951
5000433011982
5000433012019
5000433012095
5000433012187
5000433012217
5000433012330
5000433012361
5000433012422
5000433012453
5000433012514
5000433012637
5000433012668
5000433012699
5000433012729
5000433012750
5000433012781
5000433012811
5000433012842
5000433012873
5000433012903
5000433012934
5000433012965
5000433013085
5000433013115
5000433013665
5000433013696
5000433013757
5000433013788
5000433013818
5000433013849
5000433013870
5000433013900
5000433013931
5000433013962
5000433014020
5000433014051
5000433014082
5000433014112
5000433014143
5000433014174
5000433014204
5000433014235
5000433014266
5000433014297
5000433014327
5000433014358
5000433014419
5000433014440
5000433014747
5000433014778
5000433014808
5000433014839
5000433014891
5000433014952
5000433014983
5000433015041
5000433015072
5000433015102
5000433015133
5000433015164
5000433015195
5000433015225
5000433015256
5000433015287
5000433015317
5000433015348
5000433015409
5000433015430
5000433015522
5000433015911
5000433016062
5000433016123
5000433016154
5000433016185
5000433016215
5000433016246
5000433016277
5000433016338
5000433016369
5000433016420
5000433016451
5000433016482
5000433016512
5000433016543
5000433016574
5000433016604
5000433016635
5000433016666
5000433016697
5000433016727
5000433016789
5000433016819
5000433016871
5000433016901
5000433017069
5000433017151
5000433017182
5000433017212
5000433017243
5000433017274
5000433017304
5000433017335
5000433017366
5000433017427
5000433017458
5000433017519
5000433017540
5000433017571
5000433017601
5000433017632
5000433017663
5000433017694
5000433017724
5000433017755
5000433017786
5000433017816
5000433017847
5000433017878
5000433017908
5000433017960
5000433017991
5000433018417
5000433018448
5000433018479
5000433018509
5000433018530
5000433018592
5000433018622
5000433018653
5000433018684
5000433018714
5000433018745
5000433018806
5000433019018
5000433019049
5000433019070
5000433019100
5000433019131
5000433019162
5000433019223
5000433019254
5000433019285
5000433019315
5000433019346
5000433019377
5000433019407
5000433019438
5000433019469
5000433019490
5000433019520
5000433019551
5000433019582
5000433019612
5000433019674
5000433019704
5000433019735
5000433019766
5000433019797
5000433019940
5000433019971
5000433020007
5000433020038
5000433020069
5000433020090
5000433020120
5000433020151
5000433020182
5000433020212
5000433020243
5000433020335
5000433020366
5000433020397
5000433020427
5000433020458
5000433020519
5000433020540
5000433020601
5000433020694
5000433020847
5000433021028
5000433021059
5000433021080
5000433021110
5000433021141
5000433021172
5000433021202
5000433021233
5000433021325
5000433021356
5000433021387
5000433021417
5000433021448
5000433021479
5000433021530
5000433021561
5000433021592
5000433021622
5000433021684
5000433021745
5000433021776
5000433021806
5000433021837
5000433021950
5000433022087
5000433022209
5000433022261
5000433022292
5000433022322
5000433022353
5000433022384
5000433022414
5000433022445
5000433022476
5000433022537
5000433022568
5000433022629
5000433022650
5000433022681
5000433022742
5000433022834
5000433022865
5000433022896
5000433022926
5000433023169
5000433023251
5000433023282
5000433023312
5000433023435
5000433023763
5000433023794
5000433023855
5000433023916
5000433023978
5000433024005
5000433024036
5000433024241
5000433024272
5000433024302
5000433024333
5000433024364
5000433024395
5000433024692
5000433024753
5000433024845
5000433025088
5000434600628
5000434601038
5000434601212
5000434601342
5000434601403
5000434601519
5000434601540
5000434601601
5000434601632
5000434601694
5000434601786
5000434601847
5000434601915
5000434601977
5000434602004
5000434602066
5000434602097
5000434602158
5000434602332
5000434602363
5000434602424
5000434602516
5000434602608
5000434602783
5000434602998
5000434603056
5000434603087
5000434603117
5000434603209
5000434603230
5000434603322
5000434603353
5000434603414
5000434603445
5000434603629
5000434603742
5000435005033
5000435005064
5000435005095
5000435005125
5000435005156
5000435005187
5000435005248
5000435005279
5000435005330
5000435005392
5000435005453
5000435005514
5000435005576
5000435005606
5000435005811
5000435005842
5000435005873
5000435005903
5000435005965
5000435006443
5000435006474
5000435006832
5000435007044
5000435007075
5000435007143
5000435007549
5000435007570
5000435007662
5000435007938
5000435008768
5000435008799
5000435008829
5000435008911
5000435008973
5000435009789
5000435010020
5000435010228
5000435010655
5000435011225
5000435011256
5000435011317
5000435011652
5000444015986
5000444016785
5002202080120
50054039
50075003
50096718
5010017083311
5010017097073
5010023016006
5010024111076
5010024130336
5010024150112
5010024160296
5010029005516
5010029015560
5010029201642
5010029211320
5010029211443
5010029211467
5010029212150
5010029212891
5010029213768
5010029213836
5010029213874
5010029214161
5010029214239
5010029214895
5010029215533
5010029215557
5010029215588
5010029215762
5010029215793
5010029216820
5010029216981
5010029218886
5010029219807
5010029220940
5010029221275
5010029222791
5010033844262
5010033852212
5010034001558
5010034001572
5010034001596
5010034002043
5010034518001
5010034518209
5010034522800
5010035002363
5010035002738
5010035044608
5010035050845
5010035050890
5010035053648
5010035053815
5010035056557
5010035058957
5010035059077
5010035059244
5010035059329
5010035060561
5010035060660
5010035060738
5010035060974
5010035061025
5010035061100
5010035061322
5010035062893
5010035062916
5010035063029
5010035063043
5010035063067
5010035063104
5010035064767
5010035066280
5010035066297
5010035066303
5010035066310
5010035066488
5010038047507
5010038048702
5010038049075
5010038049259
5010038100271
5010038100295
5010038107454
5010038108000
5010038108642
5010038452875
5010038454695
5010038458679
5010041000629
5010044000039
5010044000121
5010044000251
5010044000305
5010044002552
5010044003818
5010044003917
5010044003924
5010044004037
5010044004044
5010044004976
5010044005577
5010044006598
5010044006987
5010044007274
5010044007427
5010049002625
5010052106471
5010052106488
5010052106518
5010052106532
5010052106549
5010052106563
5010052106600
5010052106617
5010052106976
5010052107195
5010052107232
5010052107737
5010052107751
5010052108574
5010052108666
5010052109069
5010052109076
5010052109083
5010052109557
5010052109564
5010052109595
5010052109618
5010052109687
5010052109694
5010062722999
5010071813114
5010074544800
5010084901228
5010084903710
5010084904748
5010092163946
5010092164141
5010092239344
5010092240845
5010092447046
5010092447145
5010102003422
5010102104730
5010102105379
5010102107397
5010102107571
5010102108783
5010102109131
5010102110175
5010102112025
5010102112278
5010102112285
5010102112292
5010102112827
5010102112896
5010102112902
5010102112933
5010102112940
5010102112957
5010102113237
5010102113336
5010102113466
5010102113473
5010102113534
5010102113541
5010102115453
5010102115941
5010102116450
5010102116474
5010102116528
5010102116535
5010102116542
5010102116559
5010102116597
5010102116603
5010102116610
5010102116627
5010102118546
5010102118775
5010102118928
5010102119116
5010102119413
5010102119420
5010102119437
5010102119444
5010102119451
5010102119550
5010102119864
5010102119918
5010102119970
5010103239189
5010103913263
5010103913430
5010103916233
5010103918602
5010103918626
5010103919333
5010103920605
5010103923286
5010103923316
5010103923347
5010103924757
5010103925464
5010103926409
5010103926607
5010103926621
5010103927246
5010103927321
5010103927345
5010103928229
5010103928243
5010103929028
5010103938020
5010103938044
5010103939683
5010103940955
5010103996631
5010103996952
5010105001562
5010115804870
5010115911257
5010115911714
5010115911844
3086122300034
5010115916511
5010115916535
5010115916559
5010115947713
5010115948543
5010115960651
5010115960668
5010123667795
501012370343509
5010134002325
5010134005272
5010134005319
5010134006248
5010134006934
5010134007078
5010134007658
5010134007870
5010134007917
5010134007948
5010134008204
5010134909426
5010134910477
5010134912211
5010134913072
5010134914185
5010134914246
5010134914253
5010134914390
5010142008685
5010142008692
5010142301595
5010153455454
50101534554542
5010153468577
5010153607044
5010153710553
5010153712564
5010153751129
5010153753024
50101537533764
5010153772001
5010153830046
5010159012798
5010159012835
5010159012842
5010159012859
5010159030204
5010159030211
5010159630268
5010159893199
5010159893205
5010159895209
5010159980165
5010159983142
5010159983159
5010159983630
5010159985061
5010169830221
5010169830245
5010171002500
5010186013102
5010186013126
5010186013225
5010186013430
5010186013867
5010186014048
5010186014444
5010186014581
5010186015007
5010186015021
5010186017025
5010186017100
5010186018473
5010186019036
5010186019227
5010196065047
5010196091756
5010196092388
5010223072291
5010223600654
5010228000367
5010228002255
5010228003610
5010228003627
5010228012711
5010228012865
5010228013114
5010228071190
5010228071794
5010228078953
5010228093376
5010228093611
5010232122178
5010232122185
5010232122192
5010236152713
5010236152829
5010238003556
5010238012640
5010238013739
5010238015276
5010238016495
5010238201006
5010238202010
5010238202027
5010238338245
5010262701091
5010265000108
5010278021169
5010278025433
5010278026324
5010282010944
5010282012566
5010287471115
5010314089405
5010314090906
5010314302436
5010319203004
5010319203066
5010319204001
5010319205206
5010319205268
5010326062588
5010327000497
5010327405247
5010327655567
5010331000117
5010338013974
5010338014360
5010338017873
5010338020330
5010338020385
5010338202811
5010338202828
5010358027265
5010358049533
5010358055558
5010358113388
5010358113401
5010358116013
5010358151229
5010358162768
5010358183534
5010373027899
5010386102385
5010388202175
5010388202182
5010388202410
5010391600807
5010394001052
5010394986045
5010414124303
5010431000345
5010431003810
5010431005111
5010431600118
5010431600361
5010431600422
5010431600682
5010431601412
5010437005375
5010438001048
5010438003103
5010438003226
5010438003240
5010438003264
5010438003288
5010438003400
5010438003943
5010438004223
5010438004391
5010438006807
5010438008252
5010438012266
5010438012297
5010438012396
5010438013652
5010438013713
5010438014475
5010438014727
5010438019142
5010459005018
5010476007125
5010476050121
5010477304285
5010477341112
5010477342317
5010477344519
5010478282049
5010478456655
5010478603028
5010478658813
5010478741416
5010478789326
5010478963368
5010485210080
5010485360051
5010485360099
5010485360105
5010485360143
5010485450066
5010485450073
5010485500044
5010485600034
5010485600041
5010485600096
5010485600126
5010485630093
5010495250250
5010497200079
5010508015203
5010508186934
5010508189300
5010508189706
5010511469758
5010511470204
5010511471423
5010511471447
5010511471874
5010511472529
5010511472734
5010511473472
5010511473496
5010511473502
5010511473519
5010511473533
5010511473588
5010511473861
5010511474110
5010511474592
5010511475391
5010511475940
5010511476220
5010518000015
50105182
50105205
50105212
5010549104614
5010586000108
5010599007002
5010599007279
5010599007293
5010599008535
5010599008542
5010599014840
5010599014864
5010599014871
5010599014895
5010599014925
5010599014949
5010599014970
5010599014994
5010599015038
5010599017094
5010599017605
5010599017629
5010599059162
5010599087578
5010599088728
5010603000319
5010603000517
5010603000548
5010605276866
5010605300325
5010605300479
5010629250217
5010654000252
5010658312009
5010658312719
5010658312757
5010658314874
5010663251409
5010663802205
5010663807200
5010663807224
5010663807248
5010663807262
5010663807286
5010663807521
5010663807545
5010663807569
5010663808672
5010663809495
5010663810477
5010663810491
5010663810514
5010663810538
5010663811542
5010663811641
5010663815434
5010677010436
5010677010924
5010677011662
5010677013376
5010677013901
5010677015707
5010677024204
5010677210102
5010677230001
5010677230025
5010677330312
5010677521000
5010677551311
5010677552387
5010677554022
5010677554039
5010677554046
5010677554398
5010677558228
5010677559966
5010677713009
5010677801379
5010677840057
5010677852333
5010677944007
5010746002492
8000300440881
5010746002515
5010746002546
5010775183940
5010775183995
5010793377628
5010793377635
5010801510252
5010821011029
5010891012063
5010893022619
5010893022657
5010893022664
5010893031048
5010893119470
5010893130871
5010893153184
5010893154020
5010893250050
5010893271888
5010893700180
5010893700722
5010893700739
5010893700746
5010893700753
5010893700760
5010893720041
5010893752516
5010893760191
5010893771685
5010893780595
5010893781110
5010893792604
5010893800491
5010893840572
5010893877080
5010893877134
5010893877349
5010893877417
5010981003131
5010981003155
5010981003247
5010981003322
501100104012300
5011003046228
5011003046723
5011003046747
5011003046761
5011007005009
5011013504152
5011013506132
5011013932023
5011026100389
5011026105216
5011037922017
5011044000692
5011053012822
5011055299696
5011061106322
5011061135865
5011061141644
5011069092047
5011069115043
5011069150822
484134
5011069164997
5011069170943
5011136700196
5011157900339
5011157993386
5011166002260
5011166010975
5011166010982
5011166014287
5011166016434
5011166016526
5011166016540
5011166016625
5011166017462
5011166017790
5011166018100
5011166018179
5011166018193
5011166018230
5011166018254
5011166018278
5011166018650
5011166018797
5011166018919
5011166018926
5011166018933
5011166018940
5011166019091
5011166019107
5011166019237
5011166019244
5011166019251
5011166050131
5011166050155
5011166050797
5011166050865
5011166051275
5011166051367
5011166051374
5011166052456
5011166052487
5011166052494
5011166052937
5011166052944
5011166053026
5011209041751
5011209041768
5011209041942
5011209041959
5011209041966
5011209041973
5011251022609
5011251036606
5011251045349
5011273040360
5011273044603
5011289000013
5011295045978
5011295046562
5011295046616
5011295046661
5011295241547
5011302116004
5011302220503
5011308210676
5011308321679
5011308321693
5011308321730
5011308416047
5011311779030
5011321431171
5011321431201
5011321595231
5011321755536
5011321756076
5011335003883
5011335003890
5011348015774
5011348018577
5011348018690
5011373780968
5011394360811
5011394928011
5011406000179
5011406000209
5011406000506
5011406000513
5011406003019
5011414007481
5011417539187
5011417540879
5011417542163
5011417542897
5011417544839
5011417545676
5011417546062
5011417546710
5011417547335
5011417548301
5011417550823
5011417550892
5011417551608
5011417551615
5011417552018
5011417552148
5011417552476
5011417555774
5011417556559
5011417556757
5011417558744
5011417560532
5011417563755
5011424530610
5011435605345
5011435606403
5011435606434
5011435608735
5011435625039
5011435628078
5011435630996
5011449061151
5011449065852
5011476100175
5011476100717
50114887
5011524006008
5011524006022
5011524006046
5011524006060
5011524006084
5011533109929
5011533109936
5011533109943
5011546406121
5011546414997
5011546415567
5011546424491
5011546464190
5011546464251
5011546473529
5011558009501
5011558013478
5011566030405
5011566033307
5011566900975
5011566901071
5011566901545
5011568280068
5011597001108
5011597001252
5011597004512
5011597004666
5011597004680
5011597007575
5011597008008
5011597008091
8423915009678
5011597008107
5011597008800
5011597009449
5011597090355
5011597090362
5011597090614
5011597090782
5011597091383
5011635109155
5011635815155
5011635818408
5011635825208
5011673110441
50117024
50117109
50117215
5011792001354
5011792001385
5011792001392
5011792001408
5011792001422
5011826274006
5011826419001
5011826420007
5011826421004
5011826427006
5011835101966
5011835103809
5011835103816
5011835103823
5011835103830
5011898001043
5011898001517
5011898001586
5011898001616
5011898001784
5011898001814
5011898002040
5011898002538
5011898002620
5011898002729
5011898002828
5011898002927
5011898003047
5011898005041
5011898005157
5011898005256
5011898005317
5011898005355
5011898005713
5011898005799
5011898005898
5011898006048
5011898006642
5011898006741
5011898006949
5011898007021
5011898009025
5011941010237
5011941028034
5011941038019
5011941125016
5011941126013
5011941127034
5011941321012
5011941435016
5011941436013
5011941437034
5011941510416
5011941511420
5011941610062
5011941634013
5011941811162
5011941812169
5011941821031
5011941823035
5011962114228
5011962411129
5011995002202
5012035907167
5012035907921
5012035908737
5012035908874
5012035915278
5012035915285
5012035915605
5012035921781
5012035925857
5012035926069
5012035926557
5012035927196
5012035928186
5012035928285
5012035928308
5012035928414
5012035928865
5012035928872
5012035929541
5012035929640
5012035930806
5012035934576
5012035935566
5012035935726
5012035935764
5012035935788
5012035938239
5012035938437
5012035938895
5012035941215
5012035943905
5012035943998
5012035944032
5012058009329
5012136011404
5012136011794
5012144005037
5012145000383
5012145000703
5012145004091
5012213040136
5012213229166
5012213229180
5012213256216
5012213343152
5012213346733
5012213346757
5012213346832
5012233010218
5012233022150
5012233031503
5012233065218
5012233076122
5012233097431
5012233161149
5012233203672
5012233203719
5012233206215
5012233210052
5012233210076
5012254060087
5012254060735
5012254061282
5012254061817
5012254061824
5012254061855
5012254061930
5012254061947
5012254062029
5012254064443
5012254065297
5012254067680
5012254068021
5012335112902
5012348700110
5012389002013
5012389002020
5012389002044
5012389002082
5012389006608
5012389006615
5012389006622
5012389007063
5012389010018
5012389670571
5012389670786
5012389670953
5012389670977
5012389671455
5012389671554
5012389671752
5012427026001
5012427026407
5012427030404
5012427030800
5012427031005
5012427092907
5012427145108
5012427145405
5012427145801
5012461002573
5012461002580
5012461002894
5012461003198
5012461003396
5012461003792
5012523233723
5012583050636
5012583050643
5012583050667
5012583050674
5012583200833
5012583201557
5012583201939
5012583204503
5012607007028
50126163
50126170
50126699
50126705
50126712
50126743
5012686009807
5012836192212
5012904035977
5012915040007
5013050300209
5013143111163
5013159305952
5013174037685
5013185000036
5013185000555
5013213014349
5013213014387
5013213014394
5013213014400
5013213014417
5013213014820
5013213015438
5013213015551
5013213015568
5013213015575
5013213015582
5013213015728
5013286007774
5013286007897
5013405642909
5013405651598
5013478132499
5013478133083
5013495990300
50135127
5013531210232
5013578155411
5013578156432
5013578156524
5013626111215
5013635101917
5013635370696
5013635378050
5013668002168
5013668092749
5013668092886
5013668110245
5013668110290
5013668152139
5013668415470
5013668417375
5013668423994
5013668424014
5013719030010
5013719030034
5013719030041
50137985
5013803704018
5013803704025
5013803704032
5013912359345
5013912900066
5013912908178
5013912908185
5013922005294
5013922036342
5013965599118
5013965599170
5013965599934
5013965905070
5013965953415
5013965977404
5013965981395
5013967010147
5013967011984
5014008000080
5014044006343
5014115000386
5014201801781
5014336130527
5014336135270
5014339000018
5014339000032
5014339000049
5014339000124
50143498
5014353087910
5014379000382
5014379000597
5014379000634
5014379002003
5014379003758
5014379003765
5014379083491
5014379083774
50143818
50143870
50143993
5014491582971
5014624110781
5014697026880
5014733000034
5014733000041
5014733001277
5014749513405
5014749524371
5014749530181
5015012000226
5015086098907
5015105300134
5015282122550
5015553251262
5015553970811
50157020
50157136
50157280
50157495
50157655
50157747
5015818005401
5015818005425
5015818005449
15053249008605
5015818005463
5015818005524
5015818101288
5015818101301
5015818101349
5015818128025
5015818129060
5015818129305
5015818129329
5015818129558
5015821146320
5015821147204
5015821151294
5015821156398
50159116
50159352
50159444
50159666
5016018105021
5016089281075
5016089281112
5016089281174
5016089281228
5016096126338
5016096126451
5016096126840
5016096126857
5016096126864
5016096126871
5016096127458
5015818129220
5060184081320
7622202816598
5016096127861
5016096525551
5016316020316
5016346115549
5016346124510
5016346131068
5016346142538
5016346142545
5016346214785
5016346510023
5016419073158
5016614015786
5016614110207
5016614110603
5016614588808
50166190
50166251
50166817
50166893
5016805002304
5016840201212
5016845000193
5016845004948
5016873018528
5017079515125
5017079616174
50171378
50171675
50172368
501724361
50173105
5017326137001
8713627122308
5017326137025
5017353501080
5017353501110
5017357006109
5017357007106
5017375040604
5017375073886
5017534906499
5017764112691
5017764112745
5017764114022
5017764129880
5017764129903
5017764129927
5017764129965
5017764200176
5017764200527
5017764200664
5017838814742
5017840002489
5017840002496
5017840002526
5017840002564
5017840003462
5017840003608
5017840003653
5017840004032
5017840006708
50178759
5017941440234
5018089501436
5018089503539
5018190009067
5018232082904
50183999
5018420550017
5018545000114
5018545000909
5018562015375
50187041
50189007
50189076
50189427
50189854
5018986513419
5019312081435
5019312081442
5019312089325
5019312089356
5019312092813
5019312103809
5019312896008
5019373202626
5019373202640
5019373202664
5019373202800
5019494001627
50198252
501987347078026
50198771
5019989101764
5019989101771
5019989102549
5019989102556
5020325110111
5020325130126
5020325130836
5020325130904
5020333000077
5020333009575
5020333009636
5020333010977
5020333019031
5020333020433
5020333020440
5020379001656
5020379002493
5020379053679
5020379085410
5020411118335
5020411118359
50204304
50204663
50204748
5020580193836
5020580310639
5020581244810
5020633006984
5020713030014
5020713030038
5020798002272
5020841123756
5020910040878
5021161968010
5021319000807
5021319003532
8691484349000
5021319501359
50213306
5021427100017
5021427904769
5021427905445
5021427905452
5021427906527
5021476000511
5021476000825
5021664019295
5021664240651
5021684960607
5021684960614
5021692900503
50217045
5021778003661
5021885707018
5021889500103
5021889660012
5021932010788
5021932011020
5021932011136
5021932011686
5021932013321
5021932013666
5021932013734
5021932014960
5021932015448
5021932015479
5021932015509
5021932015530
5021932016186
5021932016209
5021932016223
5021932016445
5021932016469
5021932016483
5021932016520
5021932017244
5021932017626
5021932017671
5021932017701
5021932018135
5021932018159
5021932018494
5021932018739
5021932018753
5021932018982
5021932019507
5021932019606
5021932019620
5021932019644
5021932019972
5021932020411
5021932020435
5022313063713
5022313427171
5022313702896
5022313901824
50226276
50226740
5022704413134
5022822120709
5022822120754
5010102343412
5022822176188
5022822179851
5022822179868
5022822179875
5022977008464
5022977008471
5023139213214
5023139250417
5023139252114
5023274037188
5023274042885
5023274043066
5023274051627
5023274053201
5023274055533
5023274061190
5023274062692
5023274066843
5023274067048
5023471107394
5023656004012
5023751145108
5023751145207
5023751145306
5023765013141
50237692
5023769434744
5023813072922
5023837000642
5023997015111
5023997025127
5023997061217
5023997061415
5024075000029
5024079001268
5024079001275
5024079004436
5024079004443
5024079004467
5024079004474
5024079004481
5024079004498
50241385
50243914
5024472113261
5024523152515
5024523199503
5024523201756
5024523203620
5024523290088
5024523700068
5024576300000
5024576600001
5024581100732
5024829431895
50249114
5024951007197
5024993727855
5024993728746
5024993728968
5024993728982
5024993729033
5024993729323
5060184080439
5024993729330
5024993729347
5024993729354
5024993729439
5024993729705
5024993729903
5024993730572
5024993730756
5024996704471
5025029100567
50251650
5025232063031
5025416030026
5025416030033
5025416030170
5025416113040
5025416250011
5025416330089
50254682
50254699
50254774
50254798
50254804
50254965
5025509000998
5025509001254
5025509001490
5025509003999
5025509004996
5025509005993
5025509116507
5025744133734
5025744209002
5025744305247
5025744313648
5025744313686
5025820002909
5025820002947
5025820003197
5025820003708
5025820003715
5025820003722
5025820003753
5025898000494
5025938008442
5025971102053
5025971102329
5026035775503
5026180048767
5026180083331
5026180088343
50262106
5026215275014
5026215428984
5026215494026
5026215494033
5026215569618
5026309550324
5026418059947
5026418063685
5026418067836
5026418086301
8000570435402
5025971100295
5025971102152
5026489482859
5026489482866
5026489482873
5026489482903
5027255078658
5027342001217
5027342001293
5027605441125
5027605441132
5027605441149
5027605441187
5027605441231
5027605441538
5027632001002
5027632001019
5027632001101
5027632001118
5027772000026
5027772000057
5027772000071
5027772000125
5027772000132
5027772000149
5027863603808
5027863605420
5027863605444
5027863605451
5027863606892
5027863606908
5027876018699
5027876018736
5027876020524
6923456789555
5027876021828
5027876022047
5027876026922
5027876047514
5027876062159
5027876071342
5027876071465
5027876075319
5027876075333
5027876077399
5027876080191
5027876080634
5027876080733
5027876081693
5027876081716
5027876081754
5027876082133
5027876084922
5027876084946
5027876085332
5027876085578
5027876086094
5027876086254
5027876095447
5027876095508
5027876096123
5027876096765
5027876097304
5027876097328
5027876097465
5027876098226
5027876098240
5035251001310
5027876099421
5027876100080
5027876100103
5027876101261
5027876101926
5027876239551
5027876239681
5027876242339
5027876243060
5027876243350
5027876243411
5027876243497
5027876243510
5027876243756
5027876243831
5027876245057
5027876245095
5027876245132
5027876245477
5027876724279
5027876724316
5027876726976
5027876827437
5027876856703
5027876856789
5027876857106
5027876857205
5027876857977
5027876858097
5027876858110
5027876858493
5027876859094
8691484000215
5027876859193
5027876859254
5027876859278
5027876859292
5027876859315
5027876859339
5027876859353
5027876859391
5027876859537
5027876860335
5027876860359
5027876861158
5027876861172
5027876861219
5027876861295
5027876861851
5027876862636
5027876863039
5027876863213
5027876866719
5027876866870
5027876866917
5027876866924
5027876867112
5027876867334
5027876867518
5027876867655
5027876867693
5027876867754
5027876868119
5027876868799
5027876868812
5010998992985
5027876869475
5027876870099
5027926195059
5027926195066
5027926195080
5027926195790
5027926195806
5027926195813
5027926195820
5027926195899
5027926197466
5027926197473
5027926197800
5027926197824
5027926197831
5027926197886
5027926197909
5027926197916
5027926197923
5027926197947
5027926197954
5027926197961
5027951000366
5027951006191
5028181014413
5028181014611
5028181014802
5028181052453
5028181053559
5028181053658
5028181053757
5028181054501
5028181122866
5028635001297
5028748002747
5028748007216
5028748008459
5028748008572
5028748008596
5028748101815
5028763002371
5028763004467
5028763008243
5028848010772
5028905014781
5028905014804
5028953007131
5029053027678
5029053027685
5029053027692
5029053027708
5029053027739
5029053027746
5029053027760
5029053029887
5029053031484
5029053033693
5029053033709
5029053035550
5029053536651
5029053536668
5029053561875
5029053561905
5029053561998
5029053562001
5029053562018
5029053562025
5029053562032
5029053562049
5029053562506
5029053566412
5029054589274
5029054589281
5029054589298
5029054589304
5029066002464
5029106000009
5029106002157
5029106002188
5029106002454
5029106002461
5029291501497
5029291600992
5029291601890
50294138
50294183
50294213
50294244
50295371
5029697013532
5029697013556
5029730060592
5029730060608
5029730060615
5029730060622
5029730060660
5029730060677
5029730060882
5029730061803
5029788158760
5029788158869
5029788159040
5029788159163
5029788164877
5029788170908
5029788172643
5029788173879
5029788173916
5029788174944
5029788175699
5029788176764
5029788180426
5029788181096
5029788181249
5029788182192
5029788182406
5029788186961
5029788602379
5029788603239
5030104004654
5030297003151
5030652240313
5030652240337
50306657
5031390109573
5031390109658
5031390113563
5031390113617
5031390113662
5031390113709
5031390113785
5031390113815
5031390113907
5031390113945
5031390113969
5031390114010
5031390114041
5031390114133
5031390114195
5031390114300
5031390114362
5031390114386
5031390114393
5031396019258
5031923170049
5032619220390
5032619220710
5032619240206
5032619240305
5032678000148
5032678000179
5032678000766
5032678000889
5032678001855
5032678003170
5032678003361
5032678003965
5032678004429
5032678004467
5032678006157
5032678006164
5032824008516
50328925
5032989063016
5032989063214
5033298000334
5033298001898
5033298005018
5033298005179
5033298005483
5033298005506
5033298006299
5033566022006
5033747010242
5033747010501
5033747010907
5033747011607
5033747012703
5033747012901
5033747013045
5033747014202
5033747014301
5033747015209
5033747015445
5034000700696
5034000700719
5034000700757
5034444101202
5034444101226
5034444101240
5034660001249
5034660001263
9311043081095
5034660021650
5034660021759
5034660021780
5034660022091
5034660026686
5034660027355
5034660027362
5034660027379
5034660501787
5034660503842
5034660508045
5034660508892
5034660509301
5034660509653
5034660509905
5034660511847
5034660512165
5034660514688
5034660516880
5034660516897
5034660516903
5034660516910
5034660516927
5034660516934
5034660516958
5034660516965
5034660518105
5034660518112
5034660518235
5034660518259
5034660518280
5034660518327
5034660518341
5034660518365
5034660518372
5034660518389
5034660518686
5034660519119
5034660519126
5034660519140
5034660519157
5034660519171
5034660519188
5034660519294
5034660519409
5034660519515
5034660519690
5034660519805
5034660519942
5034660520016
5034660520030
5034660520047
5034660520269
5034660520870
5034660520948
5034660520955
5034660520962
5034660521747
5034660521778
5034660521808
5034660521839
5034660521976
5034660522041
5034660522065
5034660522195
5034660522225
5034660522256
5034660522263
5034660522287
5034660522355
5034660522461
5034660522485
5034660522553
5034660522751
5034709002329
5034933787252
5034933787993
5034933789157
5034933793581
5034933821529
5035139207148
5035139217628
5035139217789
5035139217802
5035139217826
5035139217932
5035139218007
5035139218021
5035139218052
5035139218076
5035139218229
5035230102328
50354900
50354948
50354962
5035735161646
5035735161653
5035766040088
5035766040125
5035766040187
5035766040583
5035766040712
5035766041078
5035766041160
5035766041399
5035766041498
5035766041597
5035766041726
5035766042174
5035766043102
5035766043270
5035766043393
5035766044024
5035766045700
5035766047636
5035766048022
5035766048060
5035766060864
5035766061151
5035766181910
5035766184188
5035766184614
5035766184706
5035766184805
5035766381389
5035766640820
5035766640943
5036131000003
5036131111112
50362042
50362196
5036589201717
50370221
50370238
5037612410038
5037612801010
5038135201288
5038262044192
5038262048350
5038483140659
5038483140680
5038486400071
5038862102704
5038862338806
50398621
50406401
50406500
5040839604432
50412341
50412518
50413577
50413614
50415519
50426171
50426454
50431007
50431014
50432561
50447749
50457274
50457281
50457809
50457816
50478682
50478699
50478750
50478828
5050083242311
5050083356636
5050083388200
5050083449031
5050083451942
5050083452147
5050083452260
5050083459054
5050083540141
5050083540172
5050083540202
5050083545436
5050083545467
5050083549205
5050083549236
5050083549328
5050083559136
5050083563621
5050083578120
5050083579684
5050083581519
5050083590726
5050083710209
5050083713842
5050083720291
5050083723964
5050083731013
5050083759000
5050083759109
5050083759253
5050083771552
5050083788260
5050083931840
5050093303866
5050093306751
5050093307246
5050201488157
5050375107212
5050375120563
5050553351963
5050553352151
5050565241009
5050665001299
5050665001312
5050665001336
5050665002777
5050665002791
5050665002814
5050665003996
5050665010499
5050665010512
5050665020429
5050665020504
5050665022584
5050665023741
5050668001319
5050668001333
5050668008721
5050668008745
5050668013404
5050933034646
5050933071856
5050933079975
5050933092608
5050933096637
5050933141702
5050933194692
5051126525101
5051357011022
5052578016308
5052738436502
5052738584913
5053307015692
5053307015982
5053307016378
5053307016903
5053307026124
5053307027428
5053307027527
5053307027565
5053307028050
5053307028814
5053307029019
5053307029644
5053307032484
5053827102476
5053827112529
5053827140867
5053827141277
5053827141499
5053827146203
5053827150590
5053827150620
5053827150835
5053827150866
5053827159111
5053827159166
5053827162166
5053827164351
5053827169950
5053827170284
5053827171724
5053990106561
5053990116034
5053990124848
5053990124961
5053990125036
5053990125050
5054073000295
5054073000714
5054073000738
5054073000974
5054073001315
5054073001346
5054073001391
5054073002275
5054073002299
5054073002596
5054073002633
5054073003111
5054073003333
5054073003814
5054073003838
5054073004033
5054073004637
5054073007836
5054073011031
5054073011055
5054073012199
5054073013721
5054073013783
5054073014056
5054073014179
5054073015824
5054073042387
5054073043797
5054267000292
5054267000421
5054267001367
5054267001541
5054267001787
5054267002043
5054267002098
5054267003576
5054267004917
5054267004924
5054267006683
5054563009838
50548330
50548477
50548521
50548552
50548637
50548668
5055015293478
5055028310742
5055028321045
5055028321205
5055028321533
5055028321892
5055028330047
5055028343474
5055028343511
5055028343535
5055028345669
5055028345720
5055028349308
5055028382008
5055028385399
5055028385429
5055203803953
5055203804073
5055203806794
5055256522900
5055298300030
5055319580021
5055486002036
5055566908685
5055579130516
5055595500201
5055595501000
5055595510033
5055595511122
5055713301208
5055713301260
5055901199761
5055966810069
5056036500767
5056086505729
5056086505781
5056086506603
5060001521015
5060001521022
5060001521060
5060001521084
5060001521220
5060001521572
5060001524122
5060006410208
5060011812981
5060011812998
5060021006226
5060021006264
5060021007421
5060027402466
5060027402480
5060027403180
5060027403197
5060029030414
5060029910075
5060030085168
5060035420018
5060035426775
5060041764007
5060045580313
5060045580573
5060045581570
5060045581594
5060045581600
5060045581785
5060045582553
5060045582706
5060045582720
5060045582744
5060045582768
5060045583871
5060045584236
5060050991258
5060057900482
5060058010234
5060058010401
5060058010425
5060058010579
5060061270007
5060066846566
5060070660028
5060077781542
5060077781566
5060077781580
5060077781603
5060077781672
5060077781719
5060077781870
5060077781917
5060077782075
5060077782112
5060077782129
5060077782273
5060077782495
5060077782525
5060077782556
5060077782587
5060077782617
5060077783027
5060077783058
5060077783119
5060077783140
5060077783386
5060077783478
5060077783508
5060077783539
5060077783874
5060077783935
5060077784055
5060077784116
5060077784178
5060077784260
5060077784550
5060077785397
5060077785427
5060077785489
5060077785755
5060077785762
5060078181457
5060078182140
5060078184137
5060079650303
5060079650877
5060079910056
5060082220395
5010438023323
5060082930072
5060087610122
5060087610153
5060091760004
50600966105337
5060099290169
5060101155516
5060101155523
5060101155622
5060101170106
5060101630402
5060101630426
5060103020003
5060104861346
5060104861360
5060104861377
5060104861384
5060104861841
5060104861865
5060104861964
5060104861995
5060104862008
5060104865016
5060108701945
5060108701976
5060113910561
5060113912015
5060113912510
5060113912701
5060113913173
5060113915238
5060113919953
5060116332728
5060116332759
5060116332780
5060116334210
5060116334791
5060116334944
5060116334975
5060116335101
5060116335118
5060116335231
5060116335705
5060116336863
5060116336986
5060116337310
5060116338270
5060116338973
5060116339406
5060116735048
5060116735505
5060120610010
5060122030533
5060122031257
5060122031356
5060122031370
5060122031417
5060122031431
5060122031479
5060122031714
5060122031813
5060122031844
5060122032346
5060122032759
5410316970570
5060122032797
5060122033077
5060122033091
5060122033114
5060122034142
5060122034500
5060122037563
5060122037587
5060122037877
5060123601121
5060123601138
5060123601145
5060123601329
5060123601398
5060123601497
5060123605082
5060123607031
5060123607161
5060123609851
5060127971213
5060127971220
5060136491771
5060145251663
5060145251779
5060145252356
5060157641193
5060159960049
5060159960056
5060166690021
5060166691080
5060166694050
5060166694081
5060166695712
5060166695729
5060166695736
5060166695743
5060170800096
5060170800102
5060172540068
5060178720518
5060178720525
5060178720594
5060179840017
5060184081405
5060184081429
5060184081498
5060185042405
5060185042412
5060185042436
5060185042443
5060185042450
5060188690993
5060188691372
5060190840065
5060191160018
5060191280365
5060191280372
5060191280396
5060191281454
5060204340017
5060219150946
5060219150960
5060222044713
5060226792337
5060226792351
5060226792368
5060226792382
5060235800009
5060249490951
5060249492948
5060249492979
5060249494317
5060249494690
5060249494805
5060249494836
5060249494867
5060249496045
5060255920213
5060260380538
5060260380613
5060260380644
5060269810067
5060283760133
5060301180073
5060302257620
5060311692825
5060311692856
5060321430028
5060321430141
5060321430349
5060321431049
5060321431063
5060321431087
5060321431629
5060321431766
5060321431803
5060321431827
5060321431865
5060321432572
5060321432633
5060321432695
5060321432763
5060321432824
5060321432886
5060321432909
5060321433500
5060321434064
5060321434187
5060321434224
5060321434248
5060321434385
5060321434408
5060321434446
5060321434484
5060321434569
5060321436006
5060321436020
5060321436044
5060321436068
5060321436082
5060321436129
5060321436181
5060321436327
5060321436341
5060321436365
5060321436389
5060321437065
5060321437089
5060321437126
5060321437393
5060321437416
5060321437430
5060321437454
5060328920164
5060334349997
5060336501041
5060339460000
5060358090691
5060373940933
5060380232564
5060380232649
5060380232656
5060391100050
5060391621326
5060391622149
5060391622187
5060402902376
5060402902390
5060402902833
5060402902857
5060402902871
5060418250041
5060418250058
5060418250065
5060442890848
5060442890909
5060442891494
5060442891500
5060442891647
5060442891685
5036905034654
5060442892149
5060442892347
5060446100004
5060446100028
5060451690019
5060451690088
5060461260639
5060489000101
5060506840048
50613106
50719686
50720286
50739837
50739844
50739851
50749584
50749591
50749607
50749638
507496389584
50769971
50781645
50781652
5096241001437
5096241792731
509624614015786
50972968
50985081
5099286009505
5099556010347
5099556020391
5099821009953
5099839227561
5099839309793
5099839350610
5099839354878
5099873003466
5099873006412
5099873009802
5099873014295
5099873015575
5099873046067
50999828
51180034
51180041
51180072
5200701002487
5201228230346
5201228230353
5201228230452
5201228232289
5201360112166
5201360502479
5201360502899
5201360509485
5201360509683
5201360521418
5201360527106
5201360527700
5201360572793
5201360795741
5201386091476
5201704054176
5099873046968
5202003349284
5204929250064
5352201081513
5352201083012
5352201084132
5390605004066
5391516870382
5391516871235
5391516872522
5391516872546
5391516873024
5391516873123
5391516873130
5391516875660
5391520182488
5391520182501
5391520440069
5391520440083
5391520442827
5391520442858
5391520442933
5391527070320
54029569
54034204
54034211
54034464
5410076052950
5410076053261
5410076053490
5410076058341
5410076067657
5410076067831
5410076067862
5410076067893
5410076067923
5410076068067
5410076068098
5410076068180
5410076068210
5410076068272
5410076068333
5410076069736
5410076069767
5410076071241
5410076075805
5410076091591
5410076182336
5410076204496
5410076229611
5410076303014
5410076342457
5410076342488
5410076364671
5410076459643
5410076466627
5410076466702
5410076630035
5410076630066
5410076630097
5410076630127
5410076630158
5410076709830
5410076711000
5410076711376
5410076711611
5410076722334
5410076722570
5410076723294
5410076725151
5410076791972
5410076838721
5410081202401
5410081202784
5410126116168
5410133810073
5410228142089
5410228201588
5410316942928
5410316943475
5410316943499
5410316945479
5410316946049
5410316946506
5410316983884
5410316992442
5410316995351
5410316995924
5410316995962
5410316997478
5410316997966
5410438037960
5410438037977
5410438037984
5410976271017
5410976709015
5411361012413
5411736107928
5411736107942
5411736108208
5412168551174
5412514111137
5412514222239
5412514932015
5412533004618
5412533030051
5413149106567
5413149106611
5413149113831
5413149115675
5413149115736
5413149134775
5413149218550
5413149218581
5413149218710
5413149237247
5413149418639
5413149418691
5413149445994
5413149494510
5413149523869
5413149592797
5413149604612
5413149604674
5413149608191
5413149694057
5413149694088
5413149694170
5413149694200
5413149696822
5413149697614
5413149697706
5413149697928
5413149697980
5413149700048
5413149701144
5413149701205
5413149702066
5413149704626
5413149704879
5413149707542
5413149710818
5413149731981
5413149732018
5413149732520
5413149732551
5413149738904
5413149758537
5413149775183
5413149790773
5413149790810
5413149824225
5413149862586
5413149862678
5413149865389
5413149865839
5413149865921
5413149865952
5413149870093
5413149872332
5413149872370
5413149872400
5413149878204
5413149878358
5413149883956
5413149892170
5413149893573
5413149893665
5413149913868
5413149913899
5413149913929
5413149939684
5413149959286
5413149976436
5413149977006
5413149977235
5413149980686
5413149980884
5413149981140
5413149983502
5413408124028
5414183020024
5414183020031
5414183020048
5449000000286
544900000099640
5449000009272
5449000009920
5449000010063
5449000010711
5449000053909
5449000079275
5449000080271
5449000087553
5449000093981
5449000094001
5449000099716
5449000099723
5449000127242
5449000127266
5449000131843
5449000138927
5449000138941
5449000138958
5449000159311
5449000181466
5449000189219
5449000197313
5449000220400
5449000221742
5449000227010
5449000228734
54493414
54493445
54493452
5450488111111
5601012000665
5601012002843
5601012011203
5601012011425
5601069400081
5602418002963
56075896
5700417033770
5706516011664
5707196118438
5709152009538
5709364660237
5710084660056
5710840017643
5710840122316
5710840141188
5741000138779
5900273113153
5900334001184
5900334004215
5900334007377
5900334007384
5900334007407
5900334007421
5900471000316
5900500018190
5900500018275
5900500020346
5900535003727
5900562127212
5900562153310
5900649063464
5900852171482
5900951024276
5900951024283
5900951027024
5900951027031
5900951027048
5900951029196
5900951135743
5900951140983
5900951250880
5900951251573
5900951256134
5900951256608
5900951268021
5901041003430
5901067451079
5901067454995
5901067458078
5901067489997
5901356000209
5901356000216
5901359000367
5901359412030
5901559840008
5902746640135
5902768559002
5903936017300
5904003285561
5904941751890
5905927001619
5905927009455
5906712813790
5906881420089
5908230510335
5908230520754
5941311003135
59940548
5996071650655
5998749134542
6001048004870
6001067004172
6001067013181
6001067017738
6001067022879
6001108001047
6001108001085
6001108028709
6001108065056
6001108065070
6001108080660
6001497600227
6001497600616
6001812010007
6003326000734
6003770009536
6003770009543
6004786005338
6004786008117
6009600220034
6009678812216
6009678812223
6009808750029
608866994565
608938845719
613008743918
613008743949
613008743970
613008744007
615357118768
615357122642
6156589727242
6003770002520
5060066940462
61629928037010
6191514300206
6192006270397
619682023360
619682024589
619682024664
619682345622
619682560230
619682561923
619682578907
6281001101116
636191041517
636191158505
63692477633651
6412709021653
6430034140252
6430034140566
6430034140719
6430034140788
644536226611
644536227311
644536227519
644536227618
644536246411
644536247517
644536247715
644536248514
644536881315
65378352632
6712670000276
6712670000337
6900200060009
6920151001692
6923456801592
6924183900213
6924183901920
6931722300984
6931722301042
6931722301462
6936508800153
6939495514980
6941882001713
6945687411982
6945794720137
6946714100053
6955210100672
6958371786112
700461096177
700461410553
700461513438
70177010065
70177010683
70177241681
70177241698
70177247164
70177248536
70177259068
7048352045662
70970448706
70970448713
70970448720
70970449031
70970449048
70970449055
71106385995
71106460630
71106487576
71106633126
716165171911
716165174516
716165179696
716165202103
724120071503
724120072029
724120072036
72417093838
72417093913
72417105531
72417106125
72417107665
72417121531
72417121548
72417121777
72417123559
72417123566
72417125942
72417126000
72417128479
72417128479500
72417129353
72417129568
72417129575
72417129599
72417130748
72417130861
72417131196
72417131516
72417131837
72417131851
72417132049
72417132445
72417133770
72417133787
72417135071
72417135637
72417136481
72417136498
72417136504
72417136665
72417136672
72417136948
72417136962
72417136979
72417137075
72417137082
72417137389
72417140624
72417141126
72417141485
72417141904
72417142635
72417144653
72417150579
72417153914
72417155475
72417157646
72417158551
72417158926
72417158964
72417161643
72417161650
72417161964
72417164682
72417167119
7312040006175
7312040017072
7312040020706
7312040150700
7312040200702
7321011514410
7322540066616
7322540090192
7322540090710
7322540295290
7322540368475
7322540421200
7322540421675
73390000165
7393714511102
7393714515605
7393714516619
7393714525000
74448403365
74472703042
74680001138
7492018980925
75002121
75005719
7501005611107
7501005612104
5000159604796
7501035042124
7501064196485
7610211032801
7610211036601
7610400010429
7610900037407
7612100053997
7612100062432
7612100062494
7613031243341
7613031295708
7613031306145
7613031361106
7613031362462
7613031393077
7613031440627
7613031441747
7613031448258
7613031448319
7613031501731
7613031511297
7613031511310
7613031513314
7613031530205
7613031638253
7613031867615
7613031894949
7613032021610
7613032052157
7613032169701
7613032178260
7613032181994
7613032207298
7613032257132
7613032260637
7613032260750
7613032260774
7613032260798
7613032284039
7613032294533
7613032336813
7613032435875
7613032452858
7613032464929
7613032478506
7613032478520
7613032479145
7613032479169
7613032480103
7613032480899
7613032481063
7613032481100
7613032481254
7613032481667
7613032541767
7613032541828
7613032555191
7613032584603
7613032585310
7613032585334
7613032608040
7613032608064
7613032636623
7613032636654
7613032636678
7613032763374
7613032763398
7613032855055
7613032924669
7613032926335
7613032952747
7613032952761
7613032965389
7613033055164
7613033121739
7613033132001
7613033132025
7613033132049
7613033132063
7613033132797
7613033132810
7613033132834
7613033141454
7613033183591
7613033183614
7613033198953
7613033198977
7613033199011
7613033212598
7613033274343
7613033280658
7613033280672
7613033280719
7613033378553
7613033378584
0144100001298
7613033381805
7613033382215
7613033382369
7613033382383
7613033382451
7613033382475
7613033386848
7613033392856
7613033392863
7613033392870
7613033401121
7613033515910
7613033516047
7613033527135
7613033543401
7613033557354
7613033561702
7613033563645
7613033574849
7613033588082
7613033588242
7613033590559
7613033590801
7613033591716
7613033593772
7613033651939
7613033654671
7613033688812
7613033741777
7613033743993
7613033801099
7613033907005
492765
7613033956980
7613033979095
7613033988899
7613034006950
7613034007223
7613034007995
7613034008794
7613034048301
7613034049179
7613034049193
7613034055989
7613034059031
7613034426741
7613034426765
7613034442888
7613034473707
7613034546722
7613034599612
7613034642028
7613034647788
7613034696526
7613034835710
7613034850638
7613034852939
7613034916686
7613034919625
7613034959614
7613034960733
7613034992055
7613035015050
7613035062795
4031496
7613035117532
7613035220287
7613035249158
7613035249172
7613035306257
7613035331389
7613035429642
7613035429666
7613035735828
7613035751057
7613035751811
7613035751910
7613035778412
7613035800205
7613035845169
7613035846005
7613035848641
7613035877306
7613035925441
7613036001786
7613036001809
7613036051064
7613036100571
7613036129220
7613036177696
7613036177733
7613036193177
7614100818101
7614500035788
7615400173419
7615400743155
7622210005670
7622210010094
7622210016089
7622210017468
7622210023674
7622210026101
7622210042552
7622210050779
7622210072719
7622210116864
7622210116871
7622210120977
7622210130389
7622210149480
7622210149497
7622210153333
7622210166777
7622210176707
7622210194657
7622210242891
7622210260949
7622210307460
7622210326249
7622210389237
7622210400918
7622210406231
7622210421128
7622210436962
7622210438669
7622210442154
7622210494726
7622210497345
7622210497390
5000159607612
7622210501066
7622210501080
7622210628725
7622210628749
7622210630629
7622210636768
7622210654298
7622210654335
7622210660848
7622210664839
7622210669490
7622210701855
7622210736444
7622210736468
7622210748638
7622210748690
7622210757500
7622210759191
7622210759214
7622210808578
7622210808646
7622210808714
7622210995896
7622210996596
7622300111823
7622300189945
7622300190026
7622300209124
7622300209278
7622300209650
7622300212858
7622300219932
7622300219963
7622300291006
7622300291013
7622300291020
7622300291099
7622300292782
7622300293161
7622300293246
7622300294069
7622300294083
7622300294120
7622300314910
7622300319083
7622300319120
7622300335960
7622300419370
7622300421700
7622300463571
7622300471354
7622300487355
7622300497996
7622300503338
7622300508920
7622300614454
7622300700232
7622300700256
7622300700409
7622300727185
7622300727482
7622300727505
7622300737931
7622300754150
7622300761509
7622300814441
7638900202816
7638900202915
7640110703144
7640157150116
7640157150130
7640157150376
7640157150390
7640157151236
7640157151267
7640157151274
7640157151281
766200201028
766200201424
766200201523
766200221026
766200221422
766200221521
7702018029655
7702018094714
7702018290734
7702018306428
7702018376216
7702018868186
7702018945658
7702018979325
7702018982219
779140007292
77975088371
78024131208
7630040402019
7804300120603
7804320039343
7804320153094
7804320348179
7804320349114
7804320510163
783147385529
7861139900011
7891024128824
7896860540144
7899732701018
8000128013038
8000128013137
8000128013144
8000128013199
8000128013229
8000270011319
8000270700268
8000270701722
8000270701746
8000270701760
8000270701784
8000300200348
8000300200508
8000320100192
8000353000025
8000353000063
8000353300019
8000353600102
8000428018054
8000500016787
8000500078358
8000500167687
8000570005025
8000570533801
8000570681403
8000920320006
8000920500347
8000920577509
8000920595107
8000920701379
8000920704974
8001060000261
8001060012578
8001060375109
8001090581914
8001110015412
8001440127458
8001440127885
8002095738068
8002210116092
8002210124011
8002210124035
8002210124059
8002210128552
8002210128576
8002210128613
8002210129429
8002210129979
8002210560000
8002371001503
8003520027665
8001929073375
8003520027795
8003520043061
8003545994560
8003625092469
8003759201232
8003911000901
8004260225007
8004260246439
8004260252782
8004260428323
8004260471053
8004260478847
8004260483865
8004260490733
8004260494625
8004260495899
8004260496919
80050094
80050667
80051220
80052890
8005890007018
8005890010025
8005890010063
8005890021014
8005890040022
8005890041012
8006207000098
80067986
8006900684694
8004800002853
8007273002405
8007355006017
8007525150793
8007531004301
8007531115830
8007531115847
8007880210507
8007880211009
8007880211306
8007880211405
8008192020235
8008724001756
8008724007284
8009916900031
8009916900109
8009916900147
8010471003914
8010471003921
8010471003938
8012151517650
8012900012764
8013399181795
8013641760013
8015119155017
8015449170070
8015449170094
8015449170100
8015449170117
8015449170124
80177043
80177548
8018075040748
5061013943543
8018075040762
8018075041318
8018075041981
8018190071962
8018190074635
8018190074970
8018190075212
8018190075342
8018190075724
8018190076226
8018190077445
8018190078886
8018190078978
8018190079609
8018190080766
8020320045750
8021437229200
80432400340
80432402931
8051566566099
8053013230508
80542834
80686001904
80703334
80712756
80759072
80759225
80759232
80759249
80768029
80771050
80779841
80781271
80795926
80854852
80900214
80913542
80975120
813497005706
83820125559
841000727549235
8410013993626
8410013996511
8410024710502
8410024710526
8410036002091
8410076420510
8410076420534
8410076420831
8410076480378
8410076800534
8410076800558
8410076800565
8410076900098
8410136002960
8410255918579
8410348006671
8410368033329
8410387002122
8410387007066
8410396780219
8410441215062
8410441414069
8410525127465
8410525149801
8410525149825
8410525159039
8410525229725
8410576005637
8410576008737
8410655000416
8410655000676
8411111187078
8411111387829
8412765503429
8412997002004
8413178316415
8413402660000
8413664511447
8413664511515
84196446
84197795
84198495
8421843100306
8425849102821
8425849105150
8426545274942
8431618004128
8431618004159
8435056808041
8435319706770
8436547641062
8437001799350
85000002681
85000005699
85000005743
85000010457
85000010846
85000010969
85000010983
85000010990
85000011317
85000011447
85000011454
85000011461
85000011843
85000011874
85000011881
85000015490
85000016510
85000016527
85000016534
85000017852
85000017869
85000023976
85000908563
851246000008
855483000036
855483000081
856472002079
857741002325
857741002332
8588003339300
8588003339331
85904354404
85904358808
85904368807
8591119050229
85921214
85933712
8593893720657
8593893725225
8593893726345
8593893732834
8593893732858
8593893733879
8593893738430
8593893738454
8593893740129
8593893743403
8594042910585
8660894286212
8660894345346
8680035270030
8680789525653
8681015030019
8681015030507
8690146053347
8690146066804
8690146086451
8690146658115
8690146658214
8690146659211
8690146679516
8690351070009
8690997015006
8691484385008
8691484389006
8691484489003
8692544001074
8692730500176
8692730501791
8692806016815
8692806216574
8693323854102
8693323854133
8693495007092
8697422655110
8697425647006
8697530200936
8699854398771
87000653498
87000653504
870719000130
870719000208
870719000390
8710163224077
8710449933648
8710449934003
8710502153013
8710615077183
8710671004000
87108491
8710866049229
8710908894282
8710908965258
8711000055090
8711000253649
8711000272510
8711000279700
8711000516645
8711200562725
8711200571222
8711600288850
8711600289574
8711600289697
8711600290013
8711600290099
8711600319400
8711600349995
8711600466050
8711600466135
8711600637139
8711600672949
8711600723061
8711600723085
8711600796911
8711600880269
8711600880658
8711600992450
8711700522960
8711700734905
8711700734936
8711700734967
8712000050733
8712000900663
8712100323140
8712100334726
8712100396649
8712100406942
8712100474088
8712100474248
8712100486517
8712100517907
8711700634342
8712100677144
8712100706134
8712100825101
8712100887857
8712400557924
8712400557931
8712400557948
8712436102419
8712436102426
8712436102761
8712436104703
8712508000988
8712508001046
8712561268004
8712561338233
8712561975070
8712561975650
8712566064601
8712566065714
8712566067916
8712566097487
8712566109883
8712566125845
8712566342372
8712566348237
8712566474554
8712566482740
8712566934744
8713354058017
8713600500925
8714100074398
8714100079348
8714100083550
8714100276396
8714100685174
8714786243552
8714786249745
8714786253261
8714789040554
8714789162546
8714789170206
8714789175980
8714789178660
8714789415659
8714789431789
8714789529479
8714789602165
8714789613956
8714789613970
8714789614090
8714789779010
8714789795652
8714789880471
87156843
8716000964977
8716509211015
87167252
87170870
87171037
87171044
87171143
87171150
87171198
5027733001970
8717163002605
8717163044858
8717163050583
8717163050958
8717163055403
8717163059098
8717163074138
8717163339848
8717163416419
8717163416433
8717163499344
8717163509371
8717163545249
8717163545287
8717163545614
8717163545652
8717163545928
8717163963357
8717163965054
8717163980330
8717228810336
8717228810350
8717228810459
8717228810572
8717644011843
8717644011850
8717644012789
8717644012901
8717644016732
8717644023808
8717644024980
8717644041680
8717644042298
8717644043868
8717644046975
8717644060407
8717644061510
8717644069714
8717644077726
8717644077757
8717644098967
8717644122990
8717644137529
8717644137550
8717644137703
8717644146088
8717644146248
8717644146309
8717644201749
8717644271377
8717644278284
8717644332092
8717644332245
8717644340387
8717644370513
8717644420188
8717644421932
8717644423707
8717644477991
8717644529119
8717644547199
8717644547632
8717644576168
8717644611364
8717644813331
8717644951828
8717644952757
8717953179418
8718104913691
8718114077635
8718114088112
8718114089850
8718114097787
8718114113692
8718114113821
8718114113852
8718114146195
8718114156699
8718114181837
8718114202860
8718114334486
8718114334561
8718114336541
8718114337098
871811433721081
8718114404998
8718114405070
8718114405155
8718114463827
8718114607856
8718114622064
8718114622811
8718114627588
8718114628004
8718114681405
8718114681863
8718114711829
8718114716374
8718114716718
8718114716756
8718114716794
8718114718217
8718114719405
8718114724102
8718114724553
8718114739854
8718114837352
8718114837376
8718114850016
8718114850085
8718114881140
8718700491227
8718700495539
8718700495928
8720400228065
8722700002758
8722700021490
8722700021520
8722700022336
8722700043171
8722700043218
8722700073505
8722700117322
8722700126331
8722700128250
8722700163725
8722700207399
8722700225638
8722700264545
8722700264569
8722700264583
8722700276807
8722700276999
8722700473886
8722700622383
8723400757986
8723400762188
8723400764960
8723400764984
87248364
87248715
8725000174958
8727200230304
87308662
87308679
87311600
87311617
87317367
87317374
87317428
87317473
87565313417
8764000229
8764002070
8850006324820
8850649000129
8855044021304
8855790000202
8855790000363
8855790000431
8855790000608
8855790000684
8855790000707
8856049002640
8888101277727
8888296019010
8901557014033
8901822006091
8901822006213
8901822007074
8906000212264
8906000220702
8906009531212
8906009531236
8906009531533
8906009531816
897076002010
897390001126
897390001140
897390001157
8986850008
8990800019185
8992694270017
899407002621
899407002645
899407002669
9003600570462
9008442000047
9013100062053
90275791
90357688
90370830
90376108
90376115
90376252
90376344
90376429
90382918
90399534
90399541
90415357
90415432
90490415
90490422
9120025930074
9120033160937
9198703859
9300727005106
9300727009302
9300727013156
9300727013507
9300727013514
9300727044013
9300727253002
9300727254009
9300727330116
9300727367419
9300727429117
9300727513137
9300770050726
9310006011445
9311043040498
9311043067402
9311043079023
9311218003440
5060336508101
9311218003457
9311218110186
9311218112494
9311218112524
9311218113088
9311471001665
9311789000473
5031396090813
93117893922197
9312088004735
9312088011900
9312088201851
9325040021206
9325040021602
9325040021695
9325567001323
9335995000065
9342699000048
9414024526469
94150957
9557503803894
96009581
96009604
96019146
96022757
96024386
96028865
96033647
96041475
96062456
96084243
9312088451119
999999999999999
96097298
96105917
96105931
96117170
96135778
96135839
96141694
5031390114348
5031390114089
5031390114126
5031390114355
5031390114416
5020379066808
5031390114379
5031390114423
5000159503617
5034934408910
5011166056249
5011166055228
7622210989581
5020379128865
5020379128889
5020379128940
5020379129862
5020379129824
5020379129602
4005097601068
5010292937873
8716101070676
8711468021682
5020379130806
4006229005631
4010198023695
5020379128063
5020379132817
5020379132855
5020379130721
5020379130783
5020379130745
5020379058810
5034934408996
2083803702508
7321011040308
5000232831330
5034934408972
5020379110068
8003417015041
8003417015027
5038514083931
5016614823800
5020379122641
5020379127523
5020379127486
5020379127660
5020379127547
5020379127769
5020379127721
5020379127585
5020379127820
5020379127622
5020379127806
5020379127745
5020379127905
5020379127868
5020379127967
5020379127646
5020379127882
5020379127608
5020379127509
5020379128025
5020379128001
5020379129169
5020379129244
5020379129220
42356189
42356165
5020379122948
5020379122924
5020379122962
5020379122986
4067700013552
4067700011022
5011013933068
7610700612934
5020379133364
7322540951417
5020379138314
3033491117060
7622210318947
5290048001113
7622210307514
4025500175719
96080832
5060425280765
8436030679763
5020379135115
5020379135108
5020379094832
5020379099707
5020379131247
8714100094211
7311312003164
7311312003201
7311312003300
7311312003263
5000154011650
7311312003355
7311312003171
5025820003739
5000197156929
5000181040326
5000181040302
5038862234856
5038862231015
5011308505031
5020379096232
5052675040206
5052675030009
5011308900928
5022313395586
5022313509969
5020379096195
5022313395401
5036589206309
5036589201441
5010134916554
5010397003206
5010338202620
5020379116800
7622210832924
5411188112778
7622210855954
7622210822857
5000354406911
5020379131186
5020379131162
5060402906015
5711953079481
5032543018155
5000116111848
5000168198842
5060078184090
5060078184052
5031390114409
5031390114317
8711200589272
5020379114561
5035230102359
5035230102427
8712100694745
5020379090957
5034934403267
5000168202006
5449000054227
5022313984872
7622210740519
5060221203630
7622210863324
5020379064316
8004800006158
5010092051922
5020379091015
5741000154519
9003579007341
5010265002911
5020379064279
5010238017843
8410036009298
8010719007346
7613036241779
5020379123891
5020379123860
5020379122320
8711000411339
85000019658
5010067306705
8003625091493
8410036802523
4260328380123
8010471005185
8010719006936
5000326011051
5020379131940
5020379132107
5020379132060
5000168194189
5012035955076
5033747014509
5033747013007
3430560001693
3500610086175
5000382105299
5449000244581
4060800174468
5023823001226
5021827092141
7613036402996
5023823001202
5020379122627
5000382105473
5031390114454
4009900525992
5020379099554
5010228003252
5034933792850
5060221201391
5060088702307
5060221203968
5000171057754
5010134916783
5056141803227
5020379131285
5020379138697
7622210397829
9322214013180
5010549303277
5011766666114
5010696004133
5020379130769
90424120
7613036134620
5010549007243
7622210654816
5010549008752
5011348018713
5010327207254
5010314303471
5013112953909
5035766062974
8691484492003
5020379078269
5020379124706
5301000230172
5000157078773
5020379124171
5035766062318
5060042641413
5000232844255
50300853
5010338200060
7622210764744
5035766048299
5020379079525
8717644627624
5020379092098
7613036225533
3800020419298
7613036242196
7613036242981
5010478620377
7622210888747
5099823002921
8413178316422
5025509000493
50254941
5020379131261
5010035066693
5000328741581
5020379077927
5020379123747
4009900526043
5034933787764
5000157079374
5000157079428
5000157079367
5000157079411
5054073046118
5410976984016
9002490239558
5000112631517
5000328991887
5060221201575
5000328992594
5000328755229
5060075671616
5060075670916
5010737002296
5020379058339
5000159503785
5010038455517
6006948000267
5018970007351
5010134916578
5020379123020
5060096612162
3263280118453
4017100364013
5060336500266
5010511469390
30116269
5020379098854
5010822990279
5033747023105
5034933789249
5000168194004
5000168194127
4060800173621
5020379131148
72417160387
8410076600806
8410076610355
8410076600790
5000168001104
7622210740564
5000168085593
7622210734167
8000500227848
5000168085555
72417167966
7622210764591
5020379131223
5000168203393
5020379138215
5000177491521
5000166075701
5025970022840
5060078185059
5048524216441
5060147112238
5053307032699
5020379064293
5710840173288
5000354800887
5020379131384
5020379096393
5010431004152
5035766381990
5411188119098
5411188103387
7613036045940
5020379106498
5020379077347
5000382002581
5010228003658
5060147112214
5449000241535
8001060008427
5060116335873
5020379065313
7613030415053
5011417552858
5000221600299
5010397001660
5060081112486
5014234085561
5032722306455
8005730007529
3384121152327
5014234085646
5020379107990
5099823002556
5029053566610
7613036003094
5020379096218
5010338303990
5010338303983
5010338200091
5010338200084
5010338206079
5010148111075
5010148111037
5000205045542
8001420009118
5011157888224
5050665015845
5020379073585
5038862238977
5000171057716
5000171053015
5908230520761
5410316962117
7622210609779
50985104
5010397000847
5000232901453
5020379049740
7613035603592
3254474020553
5020379095990
5020379081894
8711700709934
5010791837001
5000184371823
5000157024954
5000171056290
5011835104035
5000171057358
5000171057693
5010397001783
5000171057822
5000171057778
5000171057815
5000171054852
5000171033185
5011007018979
5000316000263
5010397003749
5035230102403
9234567813235
5020379140058
5000168193984
8018190085006
5020379115094
5060061216524
5020379055567
5449000146069
5050565121677
5054563021762
5060116336924
5060147112481
5011007003548
1210000100221
5000159491358
5000157064448
42272005567
42272005420
5000157078407
42272005956
5020379123990
43647160010
5020379131551
8711000533222
5013143171143
4750021000010
96132432
5000204617078
5024121885303
96163450
5020379088336
7613036041720
5020379096355
5020379137799
5020379092272
5020379139991
5060061216852
5011597092571
1230000022019
7613036355339
8711000518564
5055028343498
3076820006017
5055958701160
5055958700194
5031390114478
5000159609401
5099823002839
5060360501758
5060360501819
5000354907524
5020379138376
5020379123778
3092718586751
5012845205637
5020379084093
5015285810898
50221691
5099823002549
3086129999750
5000227510899
5020379027700
5020379091138
5020379131490
5099823001719
5020379096379
5020379132879
5011428100048
5012836710287
5000354908149
5010084904687
5000318107069
5020379131407
5908234806670
5060411920309
5055958700538
5010392004109
8714100609804
5012836710256
5012836752904
50980529
5012836710492
50726837
5028377006574
5028377001302
5060336505841
5060336505261
5060336505049
5012035953355
5012427094802
50300860
50300839
5000328100920
5020379111201
5000157076403
5060016801973
5060232810438
3178530403022
8002210501607
5060170800379
5000108942108
8002210130012
41500888125
6003770008805
644536246312
5060040253700
5391508960480
5060170806661
5060127360116
5060128920012
71475740319
5020379123716
5012427081604
5060170809891
3076820042145
8001440127908
5060033166093
7613034752314
5011792001446
5060362390015
5020379096270
5000382105435
31200468956
5031390114652
5010076738221
5010397008539
5010397003374
5201054022580
5201054016442
5010397008522
5020379083980
3023290453971
5020379092234
5016873018009
5000221604488
5000354907913
5021812002452
5014379005639
4025500216214
5011566028006
5013922040233
5011835104059
5000394140882
5000237127360
5060042641437
5060042643509
8711000890608
8593893756359
694155604116
8714100785096
5011566034267
5000221604495
5000221604501
5010092736812
5900951249365
5035766184973
5010033853486
5038862230926
50096725
5391516875653
5010153870080
7613036065900
5701907726998
5018970007368
5020379111126
5018970007375
5018970007665
7622210810915
5000158071384
8410136007903
5050565122155
5060088703168
3263280118439
5000168207674
5000347022999
5000347034695
5060498010030
5060498010085
8002205356656
5020379138291
5055566972129
5410316949934
700461775461
5010102240483
9300727015167
5000185110490
5015818129992
5000185109975
6901004410366
8711327301771
5011403889968
7613036065887
5012035956479
5050665034853
5015285810904
5010438016370
5032678006140
5022441168489
7622210808615
5027952009542
4005808478941
5020379131346
5014379004410
8714100636220
8712100859939
5000232823397
5000232823458
5000166147385
5020379050432
5060221203654
5000205047133
5060221200646
4009900522946
5060123318067
5000221604440
7613036141956
5035766043058
5000354908187
90415739
8710447248997
5060362390022
4582319182326
5060362390008
5000221603078
5000221603085
5011566901491
5055901199204
5019503030563
8710151606489
5053827189101
5741000157930
5411188099154
5060517882884
5029788182574
5020379108010
8711000890639
5022313984797
5060088702284
5055566904175
5020379123839
5035766060406
5060223050164
4603400002016
5027876301883
96114391
8718951063877
5000221509059
5034933926927
5010035067089
5055552401350
5060442890978
5020379132916
5010485600157
5035766048237
7613036243452
5900020031242
5034933793475
9811041070263
5011566901569
5000208079797
7613036403054
5060065300830
5060065301226
5020379129206
8006890680386
3178530408027
5000328992327
5000328987675
8008440512093
5020379132930
5038262051831
5060081112592
5000328987750
7613036441865
5000325048010
5060232070634
5060232070108
5000168208855
5060232070245
5053827170062
7622210205780
5060042641406
8710908350511
5060147113150
5034933789003
5000205047362
5020379137775
5060021949349
80880622
5099823001726
5021778008185
5000382105459
5022313731773
5034933788525
5017680019876
5050933878707
5000328101125
8410525210297
5016096125461
5000382104216
5010038460566
9811042770230
5412533009989
5060035404841
5060042643325
8000500273999
5055958700965
5000171057785
5012583200864
5060345220322
7313461628120
3256540000520
4025500165741
5034933787344
5410076791750
5060139430241
5000435011379
3045320094084
5000143981438
5016196040299
5000157140241
5011566018113
5020379131322
5014234085097
8714100240038
5020379118347
5011835100556
5011835100624
5000159504287
5000159504256
5012427074002
5000208076994
3045320094008
3045320094022
5028748204301
4008429109782
8714100638552
5020379114851
5055552406683
5060023979979
5023751112179
7613035987524
7613035988576
5021991113673
5021991222009
5391115000821
5391115000302
5034933793253
5029376534976
5060253700244
5060360500003
5014067332474
5014067332535
5014067332450
5055552408366
5020379096331
8410525209901
50420377
5709152009293
5025744365456
5013026088643
5018297006464
5000168197395
5000168197418
5013026197017
5020379128124
5010052109632
5000382105558
5022313731506
6008658780729
5011157888118
5410976462019
6959013600124
5060147113389
5020379115117
5014067332436
5707643200020
5060044532788
5051357802941
5038862306508
5013387205802
5410976983019
5020379111188
8714100390603
5060425283254
5011417565384
4060800106025
50655861
5020379115131
8901030005015
5060078184885
5024530005293
5034933793468
5050565121660
5011417563878
5010438016189
3600522634133
4017100901683
7613036002387
5020379139892
5020379137607
3263280118446
5033747022733
5000237128275
5000166133265
5000166022309
4770608247003
5000237063088
5032439100070
4025500174910
5020379100144
8004800006165
5010092710317
5054267000247
5024530005309
4062300268418
5711953081392
5010038460528
7804320272252
5000205047355
5031390114508
1230000022057
5020379114424
5024616107064
5022896924494
5014379005462
5000159508070
4006229005532
8410525193576
5021827116700
70177137755
5029291601791
5060061215169
5020379131476
1230000022040
5010134916790
5099823003096
5019092001814
77975091524
4025500236403
5000213018958
4009900526388
7613036002479
5011597092601
5020379137065
5020379132299
50647569
5015285811468
4025500236168
5020379131599
5019092001807
5000116112234
8002210129344
5020379096775
7613036441834
7613036441803
5010397003305
5060107331327
5000382101208
8001090704467
5022822162945
4006229005563
8711000518595
5020379132831
8712000051945
5031532020629
7622210822871
8053013235268
5020379101172
5060442891838
5020379131360
5038673703169
5033849048167
5016346510757
5390394010545
5449000244598
5000347014840
4060800174505
8000500289495
5000168210148
5011792003297
5020379127707
4025500236205
5010103996389
5411188116615
5000328101712
8002270056574
5019312896428
5020379096256
5000354907906
5410316951494
5411188122715
5033747014400
8711000500163
5010105001708
5010055100001
5034933787368
5012168900011
5017600048085
5020379135467
7613035219908
5411188120681
5020379129145
8711000504475
8711000500255
5020379092197
5020379115223
5099823001740
5060545271230
5060545271223
5060545271315
5060545271216
5060545271339
5060545270646
5060545270653
5060545271322
5060545270806
5060545270790
5060250610058
5020379121613
5000328741314
5060221203616
5060000418699
5449000237972
5020379138611
5449000123855
5449000018892
5449000136909
5000168209524
5000168209463
7322540910575
5000221604471
5029053002033
5013635701667
5000116124015
7613035603554
5011792003266
5099873000373
5020379131308
5000328101385
5020379092401
5000181040371
5013665103554
5013665107538
5020379137041
14379004694
5011792003280
5010134916547
5449000221223
5050933079968
5060337509862
8718114622149
5035766043812
5019312896435
8712100858970
9310415013580
5053827191074
5020379129183
5060223050157
5022235003057
5022313197210
4025500236182
5020379091039
5000168201665
5000168201023
5000168201009
5011417559925
5021638000601
5021638000687
5060215331035
5000328101545
5000108133384
5020379094719
3600520432724
5201360501656
5000157142139
5060136491795
7622210931993
5010153870141
5060147113136
5449000232489
5017764000752
5017764000714
5017764000738
5000168197357
5017764125608
5017764125585
5017764125561
5000328988627
8710908181092
5020379060912
7613036080118
5060061152662
5060061152679
5010092720316
5011792003273
5011844002094
5020628000812
5000178112494
5000237127957
9322214010523
7613036080675
5000174989854
5000237127964
5031390114607
5000168208930
5021932021142
5060035404629
9351651000279
5016873018023
5000382103578
5024993731081
5053827191753
4000417269003
5063249303061
AAAD-141
5012035953324
5060116334760
5029788165126
7640110700037
5020379128445
8691484395007
5000328101460
5010696004119
5011566004123
5060442891654
5391527070153
5000444016662
8714100814499
619682992413
7622210436870
5000382104575
5060221204606
8723400781011
5000158104334
3185370457054
5010071900333
5031390114546
5010822112053
6281001510390
5051357802958
5000159487832
5011403997670
7322540910988
5010478847330
5020379128926
7622210812308
5000159511735
8714786772977
5020379101196
5055028310506
5000328991610
5020379067461
5020379127783
3219820000719
3384126600106
5011546498386
3178530407983
5034933793178
5000168198866
5000382036319
91585021122
7613036429429
5060360500041
2506600789362
5029788173893
736920111310
5410316962025
5010038442999
5003300234514
4009900525978
5022313331607
3017760363396
5020379096294
4025500157517
5012583049807
8000500289464
5020628003462
5012389671967
5010478362277
5012035955373
5000382104247
5060122039321
9351651000255
5010397002865
5029053566177
5000159510769
736920111136
5060088702994
7622210436887
5011766991230
8714100389980
5034933787580
5020379091251
5060262180792
5060262180785
5032722301320
5060107331365
5033729013469
5032722301054
8901872504332
5000168207391
5010017118495
7613035570931
5012389672285
5012389672308
5010035066587
5013922060293
5012128434860
7622210307774
5010092736911
5012233206253
5060442892156
4060800171047
5038481997224
5011792003259
5000112630558
5020379036672
5011766777728
3178530408744
5000158102071
5038794000024
5000328804255
5017764130343
5000328987835
5017764130329
5023139213313
4009900525909
4009900525923
5010102116771
5036589200918
5036589206422
5036589200413
5391508960732
5017764130268
5017764130244
5015821140489
5023139264018
7613036242219
5000328751559
8411640000459
5051357245298
5000328114668
7622210734020
5060116335125
8410702000154
5020628001352
5010029221701
8437001799275
5000208074747
5060045586322
694155103237
5020379130509
5000108575443
5055958702372
5060058338925
5060360500164
5060425280031
5020379130462
3073780828642
5022313631721
5000143988239
5053307033047
3430560005516
7613036442237
5449000226457
615357122130
4048422132875
5011566032973
5020379091732
7613036069724
7613036076173
7613036071499
5060314480252
5012168119284
5038262044185
5020379115551
5020379128421
5033747010105
5020379040976
4025500214340
4025500214326
5000168209425
5033747014004
8001090416544
5290048000567
5060061216906
5020379135085
5018970007658
7622210875969
5060328920423
5057624039577
5055958700248
8421736221019
5201478526350
4603400000111
5054267001343
5055958700491
9351651000262
5060221204248
5000237127773
5012035952211
5020379135221
4009900525947
5000382105862
5012461004898
5000171055378
4009900526067
5000116123605
5060088705179
7622210764553
5000382105909
5031390114904
5011566017307
5038262055693
5055958700545
59944539
5060545271308
5000237127384
6291007907582
5000146053965
5000328742021
5000401000727
5055038154572
8855790001162
5000328991290
5031390114614
5011566028198
8716101070737
5032722302761
5034933793680
5017764125820
5017764125790
5022822174962
7613035811799
5024121223310
7613036275330
7613036361927
7613036540773
5411188114581
59944522
5020379129848
7640175710590
5900951274336
8855790001155
5020379129008
3557466962740
5010495500102
5000166073363
5000168204178
5000237127759
5020379138550
5033747024232
5000171057792
5010718734017
96019955
5010511477258
5012583105084
5031390114577
5060249495802
5022313969046
5053827171946
5019092001838
5035230102373
5000382105848
5060045583673
5022030000831
5060224880098
5000168165370
5011451106345
7613036134606
5060132282281
5060132282304
8018190094060
5060088701447
5060088701607
5012583200765
5034933788150
96137055
8001480027459
5020379143486
5020379143462
5020379143509
5011069173289
5011069168971
5060147113358
5449000242525
5449000255037
5017764125776
5020379127561
5018297006495
5010092225842
7622300219697
5020379132794
5060139431842
5060139431828
5060139431804
7613036016223
5038512005010
5000213021484
5035880043729
7613034065520
6006948000328
8901872504325
25832795
4084500482050
8004260495929
5010035066594
4009900513906
8001110200511
5060132282038
5060132282939
50663576
8410076470751
5020379027441
5020379027403
5019373204569
5000354909702
5020379143189
8524060037230
5033729013438
5054073076870
5000108704638
5711953081378
5053307032965
5032722315570
7613035603585
5053307032989
3487130236207
7613036287708
7613036082129
5010718430018
7622210432070
5060139431019
5060139430265
5010029217933
5010029217872
5000227511520
5000116111978
6187
5014379006100
5014379004595
5022822154162
5000116123896
5000354909849
8420418006050
5053827195331
5014379005455
5055552404139
4025500165475
4025500157937
5099823002891
5017838821283
5029617001328
5000221501053
7622210871749
5000221505228
5022313968926
5021638000434
5099823002853
5000221604655
2332
5020379091930
6936756265827
5020379091831
5020379133791
5012876107498
5411188128045
5411188128021
5000227511322
5060402904776
4002359001581
5054267007567
5012035953713
5020379091992
9335805000322
90433818
90433665
90433825
90433658
5000197584494
5000197154802
7613036271905
4060800174734
8714100785102
5011157993140
5000234051545
5000197573450
5010102241022
5000208069088
5449000184665
5010084903574
5010084903512
5060402904752
7622210817570
5020379132268
5020379131988
5012035950408
5020379132350
5038862201506
5038862237871
4025500166717
4025500166731
4025500173616
4025500181857
4025500181932
5036589203865
5036589203896
5000295141612
5012876107146
5012876107238
5012876107313
5022313121673
5020379055543
5020379114554
5020379133951
5020379133975
5020379136679
5020379136891
5060081110093
5060081110468
5060081111502
5060081111557
5060081113001
5000197154222
5000197154697
50197538
50197545
50197521
5019989100996
5000157078940
5000157079756
5000157140067
5000157140098
5000157140104
50457878
5000108703174
5000168209302
5000168209340
5000168209548
5000328113791
5000328113876
5012686081551
80686002499
5060045587145
5060045370143
5060045370303
5060045370389
5010397003060
5020379114509
5020379116282
5022313541167
5010069596197
5010069596203
5010069596227
5010069596241
5060084340237
5060084340244
5060084340251
5060084342316
5060084343115
5000116123599
5000116123612
5011308505093
5011308900942
5011157888316
5011157900025
5011157993157
72417167959
7613036078757
5000157079923
5000157079947
5000157140081
5023274043103
7622210898418
4060800172525
5010102118829
5010102118850
5010102118881
5010102119857
5010102241305
50414598
50414611
5000347008436
5000347010460
5010153814862
86428200642
87167016
5060400480005
8410011230105
5019503004427
5019503010718
5010076725429
5010076735664
5010076737675
5010076737750
5033665206864
5033665208639
5033665208646
5033665208912
5033665209773
5033665209797
3184670007808
4023600005400
4023600003444
4023600003420
4023600002904
4023600003468
4023600003482
7610900210619
5017838820590
5017838820613
5017838820637
5760466876872
8718166007628
3500610100901
6936756289175
8718166007635
5021638116753
5021638190005
5021638199657
5030756003340
5030756003418
5030756003432
5010718311614
5060072990048
5060072990062
5081304431986
5081304432006
5081304432044
5010069707289
5010069709399
5020379122665
5000205046525
5000205047386
8715035110304
8715035130104
8715035150300
8715035210301
8000070036284
5000232835475
8712561614023
5000157079701
5000157079749
5000157079909
5900951247064
8000070012837
5900951260421
7610400070577
5000328142807
5000328115375
5000328115450
54493032
54493292
5449000239594
5449000240194
5449000240859
5010548005110
5010549006925
5011348015811
5011348020396
5060031051773
5060031051841
83783375251
723830000100
736920113086
736920114403
5011348020617
5011348020631
5012686070005
5410228239567
5027342002290
5391520441790
5391520441813
5391520442520
5000104132763
5010153870172
5391516876018
3760126011454
5060215333626
5010134917056
7804320746692
5011007025410
5050221112346
5000221604167
5000221604686
5000221603337
5020379091213
5020379092036
5010397007600
5391516870788
5060061210850
5060061210874
5051469120704
5051469170709
5010052109892
5020379128902
5020379128964
5020379128988
5020379129022
5020379129046
5020379127684
5020379127844
5020379127929
5020379123006
5020379129268
5022374037821
5060215333633
5022374037845
5022374037869
5022374037883
5022374038262
5022374038279
5022374038644
5022374038651
5022374038675
5022374038682
5022374038699
5022374038729
5020379116688
5020379132008
5020379132022
5020379132046
5020379132084
5020379132237
5020379132329
5020379132381
5020379132503
5020379096317
5020379027427
5010357112054
5020379099516
5020379142984
5000159514170
4251097401799
5056086500106
5060072990246
8412765822964
5020379137522
5010084903550
5000181028133
9300727406002
9300727488206
4002547100492
5000158104310
5000326010856
3384121223027
50398997
7613036041706
7613036192927
5025509117924
7622210235671
5025509118563
5025509117931
5060321433050
5054073076887
5011251128035
5060215333671
7613036193047
8000500279960
5020379071284
5010357112108
7613035219465
5000168210957
4060800177872
5013665112570
4060800171122
5010102119314
8711600942714
5060296560850
5025509116521
5025509118440
5000159477383
716165171942
5010134917483
5449000009289
5449000229878
5060288540297
5020379142632
5029788181331
5056036501986
5015821145163
5000354910319
5010038441268
5060368730020
5000382042266
5060283760034
5034933789324
5027952013389
59944508
7613036193085
5000382033615
5020379121637
7312040017034
8001090416513
5022441009065
5034933787689
5038262050735
5060282180185
5000168207810
5010029216943
5000382105015
5056086589002
7622210838230
5025509119614
96105986
5998749135334
5025509118266
5025509116576
5000168201511
5057624039553
5020379132954
5010236157558
5065001337147
7622210736116
7622210736093
7322540947151
5031390114706
5000237126356
5025509117917
8712100832901
5010496003565
5000168213200
5021827092134
5010159895452
3664346304887
5029376551430
4603400001408
5027952012047
5000112631203
7622210767394
5034933787429
5011397070083
7622210307743
5000181024036
5010236157770
5022313121598
7622210852649
5010035066891
5449000053961
5020379137874
5020379137836
5020379137850
7622300489427
4017100283154
5055566995456
5060113912640
5013719030065
6948614896180
5020089000406
5000227511179
4260283250592
5055958702419
5010052108079
5029788186060
5060442891951
5053307034952
5000168213149
5029053565767
5000168210797
5011417570975
8710908350023
5010327403229
5020379131575
5011417558584
5901356070738
4009900524643
8717163284698
5010494560916
5025509117771
5011844003039
5031390114737
5010236157954
5038481998214
50440542
1035
6008658780736
5000143952513
5060088705940
5033747010808
5000237126394
5022822201897
3329770062528
4142186303509
5025509117290
5000353159238
5011308900935
5054073046101
5060402904554
5020379140157
5010052110843
5010052109830
5017848251612
24000199779
5012145013222
5010478544710
4025500183998
5000159507400
7613036193061
4067700017574
5038514074977
5010092235902
5014067153802
5030638003963
5060472690630
5060472690005
5000354908880
5020379137898
5010236157817
8006805050020
5000168201368
7426824117831
5020379029919
5000328428581
5060030540193
8410076472229
8727200196204
5060096612070
8008440522931
5000108030539
7613035794153
7622210859693
3500610057120
3159560012262
5449000039170
4017100287237
5060079911053
5027040012751
5027040012768
5027040012454
5060064700327
5060064700372
5060064700518
5060064700822
5060064700839
5099556021060
5000242201154
5038794000017
5060072990123
5060072990208
5060072990369
5060072991342
5060072991830
5055958701054
5055958701092
5000354907432
5000354907449
5000354907531
5000354907548
5000354910296
5000354910302
4060800130754
3430560000665
7622210953315
7622210953452
7622210953469
5020379140287
25020379133401
5000168215037
85925397
5010092766413
5000382107255
5010228001838
8413760011186
50173976
5054267007864
5010092766611
5011579450511
5391532121772
5035230100034
5021827096248
5011792002726
5027952013914
5060402906091
8691484536004
5029788159088
50097623
42203179
5060546418276
3086129999767
5060517888329
5011579450078
5000237130070
4015600375331
3600540414311
5053990149483
5060224801024
5412533416886
5034933788808
5054267007123
5060203621094
8691484801119
5011597092632
4060800302724
34000830398
5020379133937
785300
5060081112493
5052197026399
5037809008437
5037809008468
5037809008642
5037809008680
5037809008666
5037809008659
5037809008734
5037809008512
5037809008529
5037809008727
5037809006891
5037809007072
5037809008758
5037809008741
5037809008581
5037809008611
5037809008857
5037809008840
5037809008833
5037809008796
5037809008802
5037809008789
5037809008871
5037809008888
5037809008895
5037809008901
5037809008932
5037809008949
5037809008956
5037809009052
5037809009045
5037809009038
5037809009021
5037809009014
5037809009007
5037809008994
5037809008987
5037809009076
5037809009083
5037809009106
5037809009120
5037809009137
5037809009144
5037809009151
8584004041181
5060402902567
5035766382157
5030756005740
8710447397633
5000221600169
78000005301
5060517885298
5011251128189
8000000476890
5055257854581
4850015316834
8004027034644
7613036642965
5011566035059
5060215333756
8712800188322
5020379148078
5010153870707
5030756005726
5449000165534
5010052109434
5099556021893
5000168200842
87108729
6931722303077
5031413993363
5000185111589
42370222
28000562267
5012427044500
5000168215105
5020379115391
5010134917971
5010338404314
28000822262
7622210480125
5054678300011
5021932021593
5054678300004
5012583203070
5012583203063
3277390000515
8591119001832
42276616
5011579450085
28000666675
7622210830906
4751020550124
4751010480097
80050124
5020379144087
5410188033571
5941265015543
5000112640274
7891024132074
5449000119056
5020379146081
5020379147811
5000168215082
5031390114584
5054678300042
5020379149037
5060116336160
3002223456715
4750024401043
50189335
5949040201877
5010102119796
5054678306020
5060221205320
5054678306006
5038262051848
3259426039805
5013026086113
50173808
5010134917957
5000382106784
5000221603665
5021827000160
7622210595973
5010102242005
5031390114829
5060483156576
4850001279730
54034587
34000722310
8714786284272
5055257800298
5054267008069
3612645905014
7622210953483
8691484537001
5055566995739
70177137762
4779036871163
5060127503360
4060800302700
8710908657122
5000168213422
8719200006300
5015821145125
5060402907586
4850015318081
4779036871576
5011053022647
3800020403242
5060123318463
5010134917964
3329770059412
5000328144764
5000328144849
5000221001638
5018929050919
5018929050926
5060035408849
5054267007086
5010397005491
8716101069625
8716101069663
5010228002354
5000328139173
5000328139258
5056025408715
7804320746425
7804320746432
5010103800778
5021932021661
5000168200989
5034124004311
5034124005325
5013683305480
5060136250606
5060136250620
5011187116298
5011187116311
5038514090243
5052675000200
5052675000224
7622210296085
5010477320858
8710447398173
8710447398197
5011417570272
5000204716610
5000204716672
5038512005041
5038512005096
5054267007642
3430560004625
5050222000192
5050222000222
5000221605157
5000221605249
5017600048139
5010485600058
5022896873006
5000328145044
5018970093057
694155602075
7622210593207
5055566995432
5032570047906
5010134917940
5054267008052
5449000251183
5055566931263
5060066347865
5060215334227
8000420095640
5033747011201
5000872946579
5020379129121
5020580253707
4850001279211
5060442894624
2903690011227
5054267008106
5054678300066
5021827117592
2504401234517
5021885015045
5000237130513
5410438041240
5010822990187
5038512005102
8413760011179
5024951007111
5024951007043
5020379138185
5060123318050
5000237130490
7613036862356
5038481997248
8714100649985
5010438016592
5010071900524
5020379071376
5054267007932
5054267008090
8714786286566
5000159489560
4060800302243
5055116594719
5060045585233
5000347091759
5020379144438
8719200014503
5031390114805
5060292302102
5000237130537
8719200006003
59070689
5023746473377
7622210953308
5000112641516
5021827116588
5060402906138
5010153870936
3664346304962
5029266200011
5012242096883
5010038464830
5000328135830
5000328135748
5020379144100
5030039002411
5010459205210
5901283000037
5031915200082
3068320121505
5000328135663
5029053570921
5016840164722
5010153870448
4895151846838
5060123318074
716165179894
5054678306013
8691484524001
5942326401039
5033747024003
7622210785114
8000500238783
8410702000048
4000539139802
5010663815410
5013478200938
5000165386105
49000061574
87333367
8424621001086
820150012056
5020379144124
8001090073884
8001090737458
3329770062030
4751005700551
8001841027548
87333282
5060066941834
5025970022574
8711327328945
5019312081459
7311312003416
5060107337237
5410316972000
5060040254486
5027908312351
4002911133026
5020379148399
5740700996153
5038481997286
5010459080060
87124903
87124910
5018357007592
5010038454831
4060800173577
8714100658420
5000168200637
3430560010275
5060136250170
5060136250194
3280220297313
5060035405817
3800020411841
5054267007871
5033665211066
5033665211110
5029266200042
5050222000246
5050222000307
5020379148856
8001060002319
5000171055002
5018357003815
5010038462409
8423915011770
5410316961752
5051594002982
8001841077598
5000328143125
4100130937897
5014379004601
3159560604948
5020379150156
5020379150170
5020379139397
5020379139410
5020379140171
5010153871018
5060053601055
5020379147835
8714786259621
5411188124702
5020379148672
6001067007289
5000168214665
4751008077087
8412765754449
5011397008130
5054678300028
5012145000055
5000112640236
5054073055554
5000168213682
5054267008014
5020379150071
5013185001903
4044551061260
5010029000801
4770209047064
5031390114447
5020379150095
5010102241930
5060603280006
5000254017941
8410525237201
5010338404062
4779036871460
5000168213705
4006424678128
5060147114454
5060147114461
5000112639612
4060800302359
5053307038059
5010159894561
5018297006471
5010511477203
5026215868667
5013922010984
5011166057901
5010296002706
5000221605614
5020379144643
5099873000632
5014379002171
3415587149924
3086126788487
5038481997279
5054267007901
5060107332188
5012128020834
5010326017212
8018190097429
5020379144582
8425849105723
5035766063438
490500
5023274049822
5060442894235
5449000265098
5031915401045
5000204882728
50173471
8000500128350
615357123380
5060081112523
5038486950033
7321011737147
7610113007723
7610113007419
5012008634601
5000256014948
5000382107194
5018970093071
5012145000574
5060070000046
7321011711123
5012008634403
5054267007994
4010198023947
5060184080835
716165177777
5901359074597
3304020004480
37600785013
5010292941047
5010029224771
5020379134200
5000328529400
5060442893665
5012836710478
5000112641523
5000116124589
5025509006990
6921211113126
5054267008083
8410076900371
5000112639124
8690146128342
5410976545019
8690146128359
5010044008707
7622300026752
5053307038158
5031915300577
5035766060253
8001090704436
5060082931536
5025509122300
5907484523467
5031390114720
5031390115017
694155356213
5010052116395
5000221605621
5060360503004
5036589253075
5021202552215
5060442894297
5060082931932
7501064196539
5025970022918
8410087414874
5000177438335
5020379131612
5021885005343
5013655012231
5055566945086
4791066004304
9780749552572
5410853052944
5055566907527
5000326010757
72417152269
4850001272601
96048054
5013668395246
5011053023958
5060147114430
5031390115093
4011462341408
5020411113439
8712000901394
5201360501786
5054267007956
617241006939
5031396050633
5023751600027
7622300590062
5000237130551
8719200006843
8719200007116
5020379145046
5020379145060
5000221604228
5060221205269
5036589201601
5036589201618
3329770059436
8714100635698
5000116046867
3211209117964
5010038462447
5010038464410
5060061215206
5060061215640
5010397008492
5020379084697
5010822990170
5010822990309
5010238017768
5050974001201
8410076601254
8410076610362
5000354910913
5011417563045
8001841027692
7310790605525
5010102240100
5010134917995
5035766063322
5014201701562
5020379115261
5020379140409
5020379091275
5010388202472
5020379139854
5020379139878
5020379149174
5060053603394
3045140280803
7630040400695
4009900491204
5449000251435
5000159472531
5060124975290
5011053023927
5050933067378
852176003343
5000159520218
5000116123476
7393714006042
4060800174642
8690146128373
8005400234248
7041068134040
5010327705811
5051357567864
5055566998716
5060082931765
8410087414881
5000159472579
5000394035164
5020379071239
5060101170083
5054073069261
7622210890276
8710908151064
5029053571508
7622300356705
5050974506218
7322540711028
5000157075703
5026309550409
5023139861118
5024996811544
5060191160254
4850001275657
5794080111835
5053307037717
5020379110273
5011566031303
5000291024254
5000382104384
5025971102688
7613032743352
5740700987168
4751008077056
5012035950194
5000187154492
5020379150132
5449000225511
5060089200123
5000159524377
8410024711028
5031390115079
5060498010047
5013626110775
5060089412007
5055566900979
8425849105709
78000032482
50020379054294
5060099290008
5000116124787
5024996805413
8076809545440
5000177492818
5010017109820
5012145000147
5000168204277
5000291024384
7312040330034
5000146056805
7321011608416
5024993859822
5010038451182
43647030016
5024423367217
888109000110
7622210634221
7622210634184
7622210634238
5060082936586
5011408060089
5010102240384
78000000955
5060510580657
700461096245
12000028632
5019312081152
8593893765016
7804320749549
7804320749563
42370420
8001841068985
5055945400984
8718951076372
4025500245221
5017974008746
9311218000166
5055579130509
5050933067156
4791034071840
8004800035219
5029266200066
5000181041392
5000181041378
5060229501981
5033747010303
5000382107576
5024951001928
5060341581717
5000159519687
4025500245207
5019503019056
8717163619537
5000382108542
5000382107378
69000154915
4005808856671
5055781900518
80052333
5000187139765
607279240290
5037612410021
5449000250759
4025500245092
5000116112050
8697424590822
7622210594549
5000159523295
6430034140580
5034933538373
4010352037506
5010134917810
4025500245054
4025500245184
4025500245078
4010352037902
5021827092165
5053307038134
5031390115185
5013635389520
5060081113025
5060081113223
9002490204143
5000116111800
7613036410182
5010102103245
5010102103252
5010102241657
5060078185226
5060078185257
5010153870929
5060045589118
7312040552153
4025500227722
4025500227760
5019312081183
5019312081428
3046920028370
8410702048071
7798039598454
3023290018354
3023290018415
7622210704825
5060253701791
8716101069700
8716101069724
5060072991113
5060072991212
3256540001572
5900130030616
3256540002470
5052675050205
5052675060204
8714100912645
8714100912652
5099514041215
5391532121734
5391532121758
5449000265104
3049614182952
8008440512192
5010262703101
5020379150194
5020379150217
5010693601823
7613036112499
4000177012543
4000417932006
5056175912353
5060042640850
5024993730886
3800020418130
4000417933003
5900130031170
5029266200028
5055257822337
782640
5031396050602
3033710001279
7332531075015
5012583200147
85000029121
85000029138
789530
5024993730893
4770047233698
8425849105716
5053249011325
5000187132056
7613036599825
5060510580664
5022346192039
7322540910759
5060336506954
5017764130367
4770047233711
5000382106821
5018970088268
5035766181460
5035251000139
7622210828804
5900130030968
7613036498067
5024996811308
8001090964038
5027952014058
8716101069762
5060191160490
8003753144337
5000234051811
4010352512102
96168851
96168868
5012246514680
8410036807634
4060800302342
5020379144346
79581995265
5410173000014
5051594006881
5900951280399
5053827214452
4000539139901
5020379144377
5010397007235
42070429
5010238018109
6001108065063
5010338014964
5998001705930
5010238017966
5060413263152
5011451201453
7622210606631
5060124976587
4901660117694
5056175923502
5027785806653
7312930002201
58449771890
5017353503190
7630040402538
8410036806521
5018970093064
3134374610019
5029266200035
9311218109678
5391527074700
841165130702
8004800035257
5000354914195
868657000060
5000159523233
5060442891029
5051357293589
34000722273
5060148031514
5000354914201
5010052111000
8888101030278
7622210830951
5060164426486
8714786284067
5020379148412
5032678006485
5000159519595
5000221604372
5010052110997
5022313133140
5060442894631
5032678006676
799439187634
8710847854354
5023139213818
5000227514538
5055256521491
8004800032027
5000328941653
8710447289327
5031390114980
5060229502001
5014201801279
5081304432143
5081304432150
7613034599599
9310415014709
8851994523028
5010038461020
5010038464458
5060360503240
5060360503264
5016769993724
5060058334057
5000116112159
8717163619674
5900951280436
4009900530941
4009900531085
8410702013574
8410702013581
5027342003433
5010038464601
5027342003204
8716101070638
8716101070652
5057624164064
5057624196287
5099490000206
5099490000237
5022374046861
5022374046922
5060035464562
5000221605379
5000221605409
5019312082739
5019312897142
5000171055026
96038802
5011417570289
5010478479210
7613031214839
90435393
5056025412989
8410793286130
7393714589002
5020379047333
5020379115490
5020379150231
5020379150255
5027342003280
5010038460351
5020379138963
5020379138987
5055566910404
5060124975078
7622210149718
5011166058533
5020379071383
5020379191234
4000417931009
5031390115383
5060639122578
7622210966940
5031390115277
4015600528591
5020379151788
5012035954642
7622210595911
8053013233240
5060123602043
5020379151849
5016096124709
5029266200189
5029266250054
49000078374
5000354907890
5029053572420
8001841041391
5010397005033
5099556022418
59082644
5011555024828
24000150374
9002490210229
5056225900002
5050432003204
5000382101420
8714789732879
5029106002249
5099873038703
4010352037308
5998001705916
5055566918738
5050432003143
8710908879258
5011792002795
7613037410679
7640175741167
8711000442289
7622210705433
5020379139441
5020379151825
5000382106807
5010052111345
5010652988149
3600541943759
5054267008137
5050933248937
845218016234
5010044003900
5060418250072
79581884019
5013668419256
5060711320076
5000299607091
5060068610011
7613037016000
7321011888009
8004800032010
8425849105730
3185370643938
5032678006379
5060442892002
40345116
5099556020995
5060068610035
5010035067850
7622210666932
5060082931758
5055566994312
5010228000145
8000500283158
8000500283219
79581884026
8003340098906
5010035067225
5449000263476
7622210670922
46141538
5000187118067
5060082939044
5020379148658
5011307210066
5020379129688
5060418250034
5000112640182
5029788181447
7622210637994
3384122490176
87126815
8717163635926
5029054226742
7610113007815
3035540006394
5063249304402
5010511477739
5020379148511
5020379148498
8851994516013
5060402908637
5000159514194
4251097407739
5000208076116
5060329691674
5010652988132
5022313133065
5010034006225
5060161308419
5060161309164
5000168214511
5000168215754
5010134917377
5010296007114
5038862232364
5019827200833
5391527076216
5391527076230
8710847864353
8710908006166
5010549009889
5010549009971
5056025412385
5019503001891
5019503036909
5022235003064
7622210863294
5000116111923
5021991938023
5021991940989
5021991000119
5021991000331
8410076610461
5012035954840
5000382104360
5000382104407
5010134917841
5020379091893
5020379140362
5010153870998
5020379139007
5020379139021
8718800004785
5020379148474
5099873009444
8690526086446
5060498010436
5011792002955
42070351
7622210820501
6931722305767
5020379148436
5026215801091
3800020432266
5060329691667
5000185103096
5010478523159
5000239059171
3049614051173
5021885011658
5020379150972
5020379148450
5060082931604
5031396053566
5035230102342
5060082931642
5012836710409
5059001001092
5011792002818
8003340095899
8001090033161
79581995210
96103258
79581995142
5012035952815
5000382106760
5031390115253
5031390115215
8713600284245
3700067803312
8710625506253
5391397100141
4044551051513
8412366000013
7804342003667
7804350005578
8003969007099
8011835000518
4044551053876
8005415056972
8005890010018
5449000280282
79581995319
5010478200517
5050933071788
5050665025509
5010511470365
3113910311337
5019503018097
5010035067508
59945598
5050933067767
5000157140319
79581995159
5000354405105
5000168207209
5020379148573
5053827186797
79581995128
5449000280596
7895308
96126080
5032722301313
5054267008212
709112457596
5038862610070
5016549983464
5054073046279
5010511477968
5010485750074
42370215
5063249304501
5011558013454
818546016399
43647190017
40099583
5060442893603
5060099292842
5031390115222
5020379150996
5027952013785
5020379144063
5060228323065
3254474011766
5000239059195
5000850000002
5601012006148
5060082931475
5029053571553
5017840005244
5010314307790
5060082931840
5020042001808
4823063113762
5013531381574
7322541162836
4009900511513
5029788176788
4046234689099
3384121209625
5053827183185
8001090924759
5060711320106
8710993003675
5020379148559
5060461261544
8710908906855
4010352037803
5060107330139
5050083337994
5644576195507
5020379153577
5055028347670
5031390115260
87333497
5020379153355
7613036881265
5000168216799
8410076482785
8593893764996
8593893765795
5038862132800
5038862138697
4011100001213
5000159473965
5054267008243
8410702054508
5011187109085
5011187109108
5060176560031
5060176560109
3176582009964
5021185041072
5063249304488
5000382126348
5021185700665
5000354910265
5010605151019
8717163640838
7622400622069
5010478675711
5010478962484
7613036754781
5014379007534
5020089000383
5000168204635
5020379148535
5020379148597
5010296002720
5014776003115
8018190000641
5060082931871
7613035220126
5000112640281
5000328542461
3185370000397
5028181054105
5055028348721
5011053023484
5014379118889
5050360003642
4084200857103
5013635389544
9311218114078
5055028347656
5031390115321
5050360001136
5014234085752
8002305008363
3185370623442
5011053023514
4000539745003
5010052109953
8410076910004
59945567
5031532020032
7613036121279
8001090963840
7613036319065
5010052109960
5011397003913
8003340098913
5000168199900
7613034572523
5021991200083
5011166060253
5449000229861
5050360001068
5449000171191
5010029225112
5011302116059
5019503018974
5060035403998
5000168199894
5053827178549
5026489483054
5010052109670
8000500327388
5000234051828
5063249304440
118500075646085
5031390115703
5099823006080
5099823005359
5011335004033
5025509116460
5050360001143
7622210858085
5050360001181
5099823005366
3263280116770
7613036855990
5060161309195
5011335004088
5010296004694
4791003161626
7311312003294
5055028352346
5032608062291
3263280116794
8714789732893
7613036319041
5059001000972
5025509158927
5060283760003
5000239059188
5000168215518
5032608001610
5032608085214
5025509116590
5055116594573
5022019560202
30063655
8901810000049
5410853039983
5054073066192
5010153771615
5010052109465
5010314306939
5060082931734
5025509116545
5025509158910
5025509159115
5010102242302
5018970093040
5000328131641
5025509158934
5011417565193
5011417556931
42390114
4008429124815
5010102242296
5000168216676
5000373704289
5000143981322
7622210286109
7622200007332
5055566909149
5025509158958
5011295170472
7622210194046
5025509158941
5038262053125
54011137
4005097401248
5020379078221
5020379148634
7613035510999
5055566907978
627040411636
96179529
8711327368101
5601069109007
7613036364539
7613037307320
5000328131658
5010228004662
5010228004723
5022374048100
5022374048124
5060228323072
5060228323089
5019503036923
5027040028981
5060360503288
5060360503301
5060058337003
5060228323102
5000116055319
5000116102815
5000354200205
4060800168412
5050432003198
5060283762243
5060283762250
5410316961738
5000221605867
5000221605638
5000221604938
5020379148610
5020379153591
5411823002006
8690526006680
4017100209239
5014234085769
96179536
5060442891999
5021991200014
5031396034374
5099823006103
8691484540001
3800020412398
8691484539005
5000328185897
5391516876162
5022822201873
5000328185972
7613036850858
5000116124619
5016873015978
8008530043971
8690146105855
5017840005275
8005415040148
8018075001930
7622210710444
7613036465885
5023139851027
7622210959935
5000328102429
5031390115284
5031390114744
4025500251901
42394082
5031390115369
7622210673237
3500610114649
5060639123933
5060639123902
5060124974163
4025500245160
5021827116717
4018077820410
5000159511575
5391529520120
8004027234730
5391529520090
89782014795
5010296008289
8008440512826
5601069102961
5010035066426
4018077820212
4018077820816
5025509118501
5017840005183
5023139265008
5060442894570
7613036275446
5063249304389
5063249304365
5063249304341
8719200070653
5000205047836
5031390115451
4025500245115
89782014788
5010228004679
5000159523776
5060066942213
5019087041009
5000328102337
34000004737
8710868030225
5197153330063
5055780900526
5055780900533
5055780908232
5055780907624
818546016351
870861000538
7622210727091
3384123972107
8719200086081
5391529520069
5000193020729
5010511477746
5000227511551
7622210607317
5011792002979
5414150410551
4025500252144
5010327207094
5390605004073
5056192400970
5060442891371
5050933354034
8001585001507
5031390115239
5055566995869
7622210666949
8690146109310
7622210673251
5060336506930
4046719316908
5000221605706
5000221605713
5000328160283
5060402908828
5022374049640
5022374049664
5060402906459
5060402908149
5011348022659
5011348022932
8008440512802
3296180000016
3296180000047
5057624245077
5033665211257
5033665211295
5060058338888
4025500226558
4025500226596
5060253701838
5200701003187
5391508960503
5060425286316
5060425286347
8001420006728
8001420006742
8711000362617
8711000362747
7622210706188
5000382108689
5000382109259
5056025421400
5036229000229
5036229000236
3480342968850
3480347130702
5000165375161
5017838818320
3254550035723
3254550035273
3023260028680
5020379133890
5010578004022
5010578006088
5010578004039
5010578005029
5010578004046
5010578006040
5027952014003
7622210662231
5060108451710
5449000265203
5050360003529
4025500244958
5050933067200
7613036931816
5060283762267
5000205047898
7622210672117
5021827092202
8005415040124
854141000302
5060082936524
5020379131537
5709152008920
5055037003451
5060442890879
5026309551147
5028635005813
4142755305507
5055713301000
8411034041600
8410060184602
4017100407574
5000354911491
8964001248477
5020379156455
5010327305585
4025700001450
80853701
5016451213420
80950165
5011792002986
5000382121114
50980819
5055579131476
5907654440877
5000237130575
5020379148993
8000001490529
6008658780644
5016451143413
5000431029750
5000354913877
8719200009424
59944515
5033747010709
7804320746685
5053827205047
5027342001231
5060221206303
5020042007954
2513269004040
5010035066402
4060800303165
5060119531166
8715700117454
5010338404383
5900343010337
3334751000307
5026608199262
5053827205078
5000221605607
8719200086074
5056267000081
5063249304327
5010052116418
5901559952527
5900699103554
8053013233226
5031390114751
80892564
5024293202878
5053827206617
5414150410544
2513269003173
2099005485613
5010314302504
7312040552375
5050565127198
5010052112137
5060075961670
8003319025032
5012145014472
8006805179028
3263280121033
7622210925701
8000001497498
5018735225075
7622210925725
5031390115376
5023769434249
50168064
50326273
5010102118966
5012008608305
5010745055147
50052790
5016096128103
5410976069010
5010375710201
5035766044161
5031390115499
5410976270911
5410976579014
5010277010188
5010867206229
7312040550159
80480282073
7640175710972
5021774103822
5024996150766
5020379156431
5000382106685
5012213405911
5010327200460
5060116337556
5012427290709
5010017036799
5050221112247
5000168215495
7613036441872
7622210763617
5011941744057
5000237127506
72417178207
7311100416602
5011013509027
5015821144005
5410976402015
8714100661376
5025509122140
5012213357487
5010658316779
5010134917827
7622210753366
5012145013376
5012145013413
5055566932543
79581995104
752190753258
40406602
5032619240282
5032608062284
5060218710462
72417160707
5000185109562
5060442894457
5900259067982
5010029225563
5010511478750
5020379080552
5053827183123
5000159508230
8593893768789
5014234085080
8901810001008
40099903
8412765912221
8801069402499
8801069402468
5000143987928
5060360503363
5000168012773
5055958703393
5000221605591
5391532122199
8719200070714
7613036840941
5060161309188
5060088707937
96181072
5060292308203
5060292308708
5060136252686
5060136253317
8718300870354
8718300872211
5060035408900
5010477353115
8001841041360
80768258
4009900518901
5060147114447
5020379141499
5020379080354
5900259067821
8014546010166
716053002020
5900259099419
5055713301086
5052675070203
5060442891012
5020379010573
4770608250416
5021797012262
8001090896810
8000060100247
5020379038492
5022441171526
51000009
5025572192576
5031390115482
5010038442838
68000001038
5010228004747
5055257820432
5060055252583
7622210890252
7622210890306
5000187143830
7622210679130
5011013934638
8710908758386
5000143928839
5025509157739
5060498010115
716165281344
5906660722175
7622201100179
5010029225525
3574660649895
7622210631411
5011597092588
5000159526333
5011166052951
5016346516759
5015282125117
5027876022870
8001841392141
5031390115147
7613036423267
5900073020217
5900259067999
5900259068002
5900259099358
5900259096845
4005097401255
5000328197876
5000328197951
5000328196060
4025500252168
5020379117609
716165171744
5000159512664
7613036245142
5060082931833
5060082931888
5055780907570
5900951281013
5010134914642
681070101127
8710447289334
4010198017700
5020580013110
5000159504379
4872808619441
4872808619083
4872808619328
5099556023590
5020379155793
5027952014485
4000417044303
2513269002923
5050665043961
89782014771
4251097409122
5010029225785
5010029225808
5010029225761
89782014757
4002468021753
716165201649
5010928050570
49000078954
32759853
5060081113735
5000328187044
5000328187136
5060081113759
5000328187211
5000328187396
5017764130565
5057624245053
5057624275692
5038514127635
5038514127642
5029053009834
7613037023985
7613037028911
5000328197791
5711953101038
5711953101151
5060176561250
5060176561267
8718300876363
8718300881060
5020379148931
5022374048827
5022374048766
5022374048735
5022374049152
5022374048940
5022374049213
5022374047554
5022374047578
5013803620332
5060201624226
5060201624240
5024121884306
5060040252000
5020379133753
5060081113773
5060081113797
9311218109562
5000187132063
8714789859415
681030
5029053567143
5740600020637
5010296008272
80803553
5000159512459
5000157143891
5032608070272
5056175900275
5060402906961
5060402906985
34000000272
5010801010325
5060082939099
5000185003303
5000267165783
8005415045327
8018075001657
5011417573280
5000187154461
7702018943609
3086123220614
5010084904700
4027800707706
510038460351
7804342003377
5000158071308
5054563060372
5054563060426
5000158067110
5000158069169
4000539670008
6000000758707
5011295100660
88004022570
5055566995050
5032608070296
5056192403315
5056192403377
5056192403346
5060082931680
5050974506232
5060317320432
5060082931567
4008429124860
7613037443479
5038262052999
8718531780149
799439187658
5000382037774
5020379153294
5038514127659
3574669908269
5900090017504
5900259067814
5020379154390
5060082931857
5059001001078
5020379153270
5900259100061
5031390115536
5035230100263
5022822194038
7393714008107
5010478512238
7622210981271
5000382108528
7622201102111
5000168011349
5000168012551
50105038
5025509118952
5025509117689
4000417315205
8000500336854
5000237129920
5035766710912
5012836706037
5000159513883
96187166
5020379156141
5011187115925
5033747012505
813497005904
7622201124830
5010102241909
5055713301079
5000143984019
5900259096821
5010123703585
5020379151726
5000157143730
5013531210119
5000143918526
5707196133653
5055780901158
8001090704528
5449000284891
5000328197364
5000328197449
5020379153379
5020379153393
3256540001978
3256540030794
8711327315365
8711327387171
5060253702187
5060608741878
5060608741908
5014379008807
5010134918077
5410976182016
5020379157995
5020379156080
5020379156103
5031390115314
3228023050353
5020379154413
5025547003425
5000143923339
7613037437034
5000347087141
5050665043923
5000143971422
5053307042360
5023823004050
7312040040506
5023823004012
5025509158378
5000143980028
7613037596229
5000143982220
8000300395549
5016196040312
5034444101035
5056175912438
5020042007909
7622201109691
5000168219509
5010029225501
5056086519238
5202178003141
9322214012251
96139455
5011233978627
5033747013908
5900562489105
5900820005535
716165173953
5033747011904
80762348
5020379156127
5056086520432
5060119530244
5013143191158
5900259099372
3384123111179
8714100912683
5020379155892
5033747011805
8715600240009
5000168214771
8717163619469
5011053021800
5011451102996
5000237132586
7613030083610
11179530731
5060191160636
8719200088986
5000159530408
5020379153331
5901867807151
5032608062260
4058077763164
5017840005268
5055028386495
5031390115710
84198518
5031390115550
8801069402475
5011187115963
5020379145206
5020379153317
5025820005252
5025820005283
96184400
4002468116367
5060402909962
5000143917017
5035766048985
4872808619366
5026489493640
5056267000067
80067955
5013531780742
8606018612406
5020379145244
5010549009544
8711327386303
7613030111146
5060082931505
5032608082879
6416479002072
8436031754681
24000150398
5900259096883
3780144803992
5000157026071
8711327383920
5000143934632
5000431027510
5709834206019
793591913704
7613030081821
3263280121026
5010718208914
5000168219523
5000168219547
5000243794556
5010029217902
5057624244995
5057624244971
5057624255540
5060360503387
5060136253331
5060317320449
5020379156738
8410076800510
8410076900654
5000382102458
5060639122899
5060639123797
5060283762212
5060283762229
6006948000250
5035766062950
5000243794174
5055958703584
5410228142218
5020379156165
5020379156189
5000157143778
5000157143792
8711327386334
5060391625614
5011251026904
5056267000050
5000221605218
5000157144034
5060082936593
7622201127534
5010338200039
5000167047523
5010438016752
5411188128311
5029054659991
5000328043890
5060188690887
5020379151696
84197405
5291803004011
8712000054960
5010195604377
5000221604150
5000171058492
5000354405075
5000171052995
5055713301123
8901810000216
5000232020031
8992761002053
5060082931512
5025820004149
5703985080092
5031532020179
5011417555590
5011417575789
5000157142085
8001440120039
5011187115987
5010034003477
5000205044941
5020379149563
7622201120757
5000232844231
5000157072573
4009900400855
5000227514309
694155601658
5020379154567
5016325845726
5027952013525
5029788181263
1230000022071
5055713301116
5027952013341
5027952013457
5012836710485
5012427290501
5000232901248
8005890803634
5016196040329
8710866047799
7613036968782
5023472019146
5012427169807
5023472019184
8715000998647
5017600011249
5017600021255
7613035571075
8001440120046
5023472019740
7311310267995
5023472019702
5023472019764
5000354914454
5000221604914
5020379155243
5020379145282
5410316963640
5012583009399
5012389672032
5010238019458
5023472020647
5015282123908
5020379110532
5060178720389
5900820005504
5060178720136
5060178711608
4060800302335
5050083090318
5055713301215
8000320010088
8412997000109
8410060282001
5060178720143
5000171058461
5010103996310
5000159530484
5020379154437
8594196130532
5010485750043
5000221604549
5051357011121
420699402006
5010017109912
8712561060486
5020379099905
5060178711578
8411030051153
5013635101443
8719200083486
8410087521756
2513269003661
5015282124028
5060486860456
4008429055249
5026230035235
8711200496501
5000382109082
5756111600282
5013578159051
5019312081497
7311310267599
8412997000178
5000116109791
2022113001895
5060442893733
8710604784948
5050028058373
5054073070816
5055713304179
5021638100097
5060178711561
8717163627365
5055552404160
5055552401114
5055552404191
5010092096947
5010092058341
72417154539
4025500243579
5055552404115
5054073047726
5055552401084
5054073069223
5000227514798
5055552401107
5055552403897
5411188094159
5060178720020
3254474005161
5000354911484
5000187124976
5055552404184
5010102240889
5060689530040
5000354911095
5055552404177
5055552401046
5060016801744
5000112644944
5027952014294
5055552404146
5032608062277
5010035066334
5054073047856
5900049006375
5000362108142
5054073041373
3291810047805
5020379142779
5020379049559
5000237117095
5055552401091
5411188120544
5011417575840
5012345672397
5032227445710
7393714008008
5900049003541
4060800133588
5012389672094
3415587158926
5027952014355
5054073076917
5060082931468
8436031754711
4600680010816
8412997001977
5028635003307
8411030024416
8426545200071
8004260269230
5000328206226
8711327318373
5054073038113
8412997001984
5060170804209
8711327318366
5054073037925
5054073069209
5032482307402
96184318
5054073046415
5055566961680
5054073046477
8425849104627
5411823242501
5020379135047
5020379054942
5000232831354
4005900248008
5010238019601
5000382109877
5060442894303
5060442893450
5060442893405
8711327393929
5010485750104
5020379154529
50237722
5035230100133
5010431601146
5035230100126
5060147112207
5035766049401
5020379144148
5010159893717
5000291021963
5000221506423
5000221606284
5013668425592
5052799000384
5055713306456
5020379149921
5010438017438
5060500670016
5000101505645
5060202910007
5054073039776
8008440212825
5060391100005
5054073067069
5000101101342
5902310012009
5035766061212
5000101101267
4025500243555
5015282125285
5000328212784
5054073041045
5060178720037
5015282125049
5000159510158
8593893769816
5018156004235
8411030051207
8008440412195
8425849103347
5035766048787
5000328212609
7640175741631
5054073013127
3263280121040
5033747032107
5051357293671
5000159497145
5013668064036
8710866070384
7622210753304
7622210992307
5020379144216
7622210941459
3334751000048
5054073047917
5011309085310
7622210960672
5010928391505
5000143974621
5410076088867
5010067306774
4069600015148
5034933793826
5033747033203
8710447249734
7613036355773
5000354914188
3664346304986
5000328141701
5020379049498
24000150459
5054073038076
96184301
5035766049630
5000328214535
96081310
5011166056256
5000328042664
5063249304563
5020379159159
5020379159135
5057624360756
5029788191705
5020379158831
4025500244675
7613030110934
745114579386
5011417571163
745114579362
5020379159173
4000145280646
5906660721628
5060431440184
5000232810403
5010397002827
8410087362953
5020379157520
5020379071550
5060082931819
8410087401171
5000328212869
8410087362946
5051357011114
873983000110
31200078001
5051357245328
8001060000926
5034525001001
5020379145176
7613036715164
5020379145220
5032539000379
5060442893573
4060800303424
5000328212357
5010052112977
8584004041419
8584004041433
5054073043308
5000227507578
5391520184178
5054073069599
5013668064173
4002359634529
4015600441463
8719200006331
5060442893436
5060442893481
5060442894136
5000354914171
5000354909931
7622201102197
5034444101028
5000116124794
5050083563133
5012427005709
5011157560359
5032539000072
5020379157568
8410087363325
5060178720129
96184295
9781912965960
5063249304525
5060166533250
5291803004028
5038862639163
5099556023347
5012427108400
5000354912719
5015282125292
5017375034061
819913019395
4010198024609
7310860560983
8410076481597
5016873018047
5010029224757
9322214011766
5000382109433
5000143973037
5000143973525
5060592002726
5060082931451
5020379128469
5059319004112
5000168217321
5000168217369
5013668425653
5000354908163
5012454063420
5012454063413
5012454063437
5012389671974
5029749112268
5060202910021
5020379154543
5020379144254
5010338000059
54491625
5032539000034
4872808619823
5027738011837
5054073040338
5055566994039
8693323207113
5023751000971
5010228001081
96181089
8901810000131
5410173007457
5034444101004
8718700495515
4015400850410
5060147111545
5010338404765
5023751000957
5000204667677
5099873210666
5099556013546
5010148162510
5056175924202
85060215330007
5060500670979
7613036355834
5032608000149
5060166533304
8712561256513
8000500329610
40455303
5060147111309
5021684035077
5020379157506
8412997000345
5034525000721
8710868028666
87343571
5010238018758
4025500251888
5020379071277
5000328212524
5029053571539
8901810007178
5022822205116
5018156004266
5000101230660
5012427168008
5020379154581
8719200086128
5000234052191
5012145013598
5000101506345
5011476102223
8710908371233
5000267165493
24000150442
5055566999454
5060166533267
5010061242177
5033747032800
5063249304549
5055036901550
5054073070779
8006837000918
5010789500559
8001841714882
5000295150935
5020379151221
5010052112502
5020379154765
7613033174667
8711327370708
4251097402970
5027870105005
5011273047154
5000232816115
5020379155045
5011792005536
5011417548523
5000221604037
7322541059327
5060442893429
5060442894273
5011932012714
5050665043947
5000354914225
5018605068160
5000354910258
8901810000919
8712566328383
5020379151160
5011308002301
5020379157483
5018605120684
5060500670986
85000029183
5010134918763
5010134918787
5031390115505
5022313997995
5000328212432
8008440112507
5054267008939
8005415056989
5027876828281
5054073042486
4017100902680
5032678006911
5060442893535
5060442893689
5020379154741
5054073066772
5038584800025
5022313997803
5900259099433
5000393198648
5099873011720
5060484040119
1210000100771
8710625820502
5033433230039
5020379157544
5020379143202
5000394141834
5011166057062
5013635701612
5449000008299
8412765875656
8718700495522
5034525000509
4009900526289
5022313997728
5022313998190
5020379143103
5020379158756
5000328196572
5020379156202
5038862636704
5020379149501
5020379149488
811538014168
5000382110194
5000382110231
3185370626313
5245678784516
5010029226218
5060082941085
7613037505641
5060442894280
3263286346690
5029053565804
5031390114836
5060147111569
5060124971643
819913019401
5000108105220
5013635410774
5056175912940
5010123703547
5060309490068
5054073071080
5000232819116
5020379140485
4009900534895
5020379116602
5000328212944
5055028310469
5060081114404
5000232828279
5029788140055
5055028386617
5010338200053
5010438017520
5014379011371
5020379154277
5000168216126
41500888200
7312040345007
8002210128101
5000232900869
5060545274934
5012607008469
8711000504567
5013919002978
5028081011079
40144290
5029788164662
4084500058842
5010314302344
5010314306236
5059001001085
5059319004020
7613036927017
5018156004433
5020379149389
5000116112074
5013668425622
5020379156318
5031390115413
9002490100070
5011417569214
5060592001415
5057624360664
5020379149846
8004260269438
5060442894600
5021684036098
5010115924769
5020379155007
5033433230015
5050360001389
5012246522883
5019373203098
8005890803085
3159560011401
5020379158503
5010663816431
5010677055154
5020379156332
5020379159654
5020379154963
5021684036074
5020580001711
8964000279199
8682304260155
5055566999324
5013919002992
5021684036081
96184271
5060113917966
5020379040952
5000185115525
8711700942874
5031390115598
5021684036104
5060442894204
5060165583164
5056079900814
5028081011086
8000430135268
8901810001510
7321011739417
5032539000478
5010658316793
5060097651160
8710908154874
8711327386693
8410655003516
8904234400037
5016325849144
5000289930437
5060048300567
716165281283
4000145280639
5011792005543
8712100712494
716165201663
5029788159149
5060519144102
8901777441640
5000232008404
5000168214764
5020379134903
5011053023804
5032608013798
8690520513658
5060267760623
3024480012206
5000143924923
4005808590438
8712000052058
8076802085981
5060016801683
96169520
8008440249128
1000026003305
5010026518323
5011166056645
5000382107293
5020379157810
5060608743155
5029788191910
5000237208106
4872808619359
5017974011258
4017100907494
4017100902574
5449000218162
5010052112953
5029987456612
5060402909900
5060592001385
5000382106869
5010067389500
5012836710522
8712561620819
5010115924738
5020379114349
5020379114325
5000232898678
3256540035409
5010319204063
5016840001812
5020379155410
5025416991181
5024993731371
5020379116749
5410263912432
5449000052957
8710625536502
4897047992032
5054267009509
5449000133342
8076800195057
5010228005195
5010852039030
5000143929638
5413408114050
5060592004379
5000204658125
5000204852820
4084500074682
5020580010577
5053827209175
5060442893580
5902806047164
8410655002229
5099873045114
8901810000391
5410853050438
5050083545160
5000185114917
5011166206583
8593893744134
5016346516766
5000101799556
5060442893597
8680035270351
5021812000373
5000354909948
5000204690057
5020379153652
5060066941971
5035766062752
8690146128380
4002971529302
8712561485548
3502110007377
5014379005127
5029987586913
5024079000049
5060170800362
5010238017263
8410655002083
5020379027748
5020379154987
5099556021442
5000382109457
5060050981884
5000168014104
5060229600011
8690547010185
5060766910048
5060766910109
5060766910062
5060766910024
5021507160900
5034525012366
5060442893443
5060442893870
5060442893740
5010153763726
5026215275144
5020379154253
5022374050202
5060411480001
5032539000416
5034525000707
5000204134193
5023751000148
5027952013440
8006220001942
5055566907800
5000185115167
8711000411360
6921180820001
8697893211075
8000430194012
5032678009066
5032678009080
8904245400941
5060016801720
3045140105502
5000112644838
7322540910698
8004260483766
5014379010916
5020379151054
5054678306082
819913019449
5025416991174
5000116111947
5030481981227
5020379157193
5015821145620
5000354800795
96184424
5000221605287
5020379155021
5010338304003
5013578159976
5032539000348
8901810003613
5011792005437
8901810000513
5011566034526
4015400755210
5032678008960
8714100093832
8690146128366
5056079900401
5020379157278
5010061241415
5000382107026
4025500245146
85000024218
7613036845311
5055566999744
4017100903151
5020379157131
5060035406456
4000177020210
5000221606512
5017974010121
5060442894617
5020379049535
5060082931482
5029053570129
5020379091114
5014379011388
5060639127580
5413408130739
5017534947157
5020379159258
5711953003967
5020379159296
5012389672070
5020379159272
5013143181166
5060608743124
5060081114282
5032539000430
8001841271521
5000289928502
5023837000475
5060639126927
8712561479776
4014400400007
5031390115697
5391516873895
8712000054915
643950430437
5056175901944
5024993731531
5000116108336
5000204134070
5000185115174
5413408111424
5015821145606
96098783
5000328043807
8712561599337
5029987158417
5711953051234
2022112001995
8901810000537
5060469987477
3415581153026
8412765632723
4060800303790
8710847933769
5000232001641
5055028346734
5413408110632
9315743503611
5010677850407
5029788179734
5055566998273
8411030039823
2513269003579
5031390115567
5031390115543
5031390116038
5010314310288
5010228000978
7622300086404
8801069411255
5010102242470
5060029720018
5012427306103
5032227445727
5012427108707
7622210512727
5054563042088
7393714008800
5010327755083
5034525012328
43801439
5032678007116
5909000692008
5032678009004
5012427108608
3023290400784
4025500245030
5010699507525
5020379153621
5034933792867
5000157143969
5449000110718
5010102241329
5000143984033
5027870109003
5051594007703
7622210840066
7613033812439
96087619
8002210128088
4018077821851
5011053023248
5056175901739
5055256529275
5055781900167
5050522516010
5050522546611
5032678007123
5032678007130
5000325047884
1235454523334
5032678008946
5021932022279
5391516875363
3254474009336
5054073072384
5099556017773
5022313734736
8717163633830
5014201701401
5032678009103
5022822200890
5020379157179
5000337400325
3029440005618
5060082722530
5055203806428
5055256530905
5060078183833
7393714645500
8423759050317
5000108022510
6001067018049
3574661445311
5031390115420
50184439
5027738011844
5060188691785
3254474000203
5000328080109
5060281940001
90446412
5060078183819
5010029226164
5018605679793
5060078184908
8008440122001
5060107332225
5909000692367
5010134916141
5060082722523
5016778196642
5012389672520
5060703380033
5027870103001
5060442893375
5060442893719
5010296004670
5000168210360
5011166061892
5012836752928
8050327350038
4872808619830
5060058334002
5026489493671
5060442893863
5055566968689
5031390115611
4060800134592
7613038993652
5032539000447
5000328080222
7501035042384
5059321002144
7622201418236
7622201418175
5027870101007
8710625537509
5020379096157
5449000053541
5013635378289
5060703380019
5000168025032
5000382110217
716165203407
5060703380057
5060116338829
5013635482108
5000254020422
4060800303868
5000382109976
5000328196497
5010314310271
5020379155816
5060166692483
5000354911903
5010228005423
5000354911897
8712561655026
5900951272981
5060608743186
5000159516297
5414150410759
5000232023100
5056036502099
90361192
5000354914331
5034525012342
5010034517301
5010654000122
8710847900754
5010338404369
8901810000001
50980390
5060337503778
8711327370913
8711327373013
96187159
5020379158770
5020379158794
5410228273462
5000237128954
5000237130674
5060166690625
50398683
8717163668153
5060639128211
5000185113910
5056357900482
5012389672056
5900259096777
5000237128978
5020379016261
5391516875868
5054073047115
8717644721421
716165173410
5031390115901
5060145890138
5060469988764
5060705220139
5056025434394
5027342003662
5020379151573
5900951280337
79581184034
5010102116764
5056267000913
180009000338
5034933793277
5011053024160
5022822193116
5011166056232
5011166057291
5011166053996
5011166058090
8004800006547
5000221606413
6001108096036
5000221604365
7622201438043
5060107332034
3263280121248
8001841568928
5024993731623
5054267010147
853507000123
5011166059738
7622201449810
5021507998046
5055028300521
8018190009019
5060639128273
5032678009042
5020379023221
5036443000012
4025500244620
5020379151757
5060639128242
5060703380026
5012035962975
5011166062967
7613287127709
5020379149280
8004260279093
3502110010568
8711327373723
5010049001956
5010029225549
5060066347490
5020379159951
5027870204883
5027870192067
8710847924361
180009000031
8997212611013
5900562261114
5018297007799
5414150410698
5011932012639
31200053701
7613031473113
8008440410023
5053307044647
8901810000629
5020379157735
5033747012208
5028181016257
5013919002961
5000281062839
5056175932313
79581185031
50184453
5010102242708
5000213020128
5016061861097
7622201436001
5027342003754
5060066942404
5029730074070
5032678007338
4015400612131
4010352038008
4000417018007
8711327373969
5029730074568
5060082931611
50157471
5010296002157
5018297013196
5010035067942
8004800006554
5060442893825
5060221249799
5036443000135
5010699507532
5020379155649
5060703380071
3574661484303
5000168022758
5000159530774
5024951007203
5032608000354
5055028300750
8000500216231
5000309005978
5000101505621
8710847900747
5010134918015
5038862235914
5038862237420
5000328242712
5000328242378
8716101070690
8716101070713
5036589201137
5036589201144
5000354910654
5000354910678
5060705340820
5060705340790
4008400390529
5020411112951
5060215334012
5057624281839
5029617001304
5020379151184
7613037037852
7613287074638
5000159532655
5000328214368
5000328214443
5000237127711
5060283760072
5027342003761
5020379157216
4060800134578
5038862238854
5038862239271
8716101070775
5036589201595
8000500251263
5057624281891
5000328214610
5000159530798
5000159530835
5000159530750
5000382108504
72417180613
5000382108238
180009000055
5027876856550
5018297013134
5018297013462
5018297013165
8711327374904
5060329692404
5016049283224
5060048305739
819913014840
5050360002294
5000185114740
40232051180
5000393029973
5000168023373
5054267007116
5012389672544
5000168219219
5060442894594
5060442894587
5019312094213
8410060184107
8719214528003
5010327407180
8711327374171
5099556021916
5060081112639
5060465590534
5000168024899
5000168024912
5031390115512
5054267010093
5054267010178
5037241240945
5037241267294
4018077821172
5037241266433
5050565483140
5037241259176
5037241267621
5037241259169
5037241267263
5060442893832
5016049283231
5010102242012
5017764130589
5031390115864
5031390115574
6931722303190
5060329692398
5901356071308
5020379157353
6931722300533
4060800303646
6990314575520
59946342
8723400782964
5021932022385
5021932022361
5021932022408
5029730074087
5010052112939
5021684004431
5057753262907
5057545917565
5057753262846
5057753262884
5027733000980
5057753262860
745092015456
3664346325271
7622201147952
5000237127346
5012035963798
5000237127322
5013185000043
8711327334434
5900852925245
8005415057177
5010509800068
5011166063100
5011166063261
5010375000432
5060434130228
4018077822353
6931722300472
5016049283217
5020379158978
3178531008110
5050360002553
5010003060128
5010003069565
3664346322201
5010314304904
5060329691537
5060442893382
5900259098269
3254474020461
5017764005764
9311347003106
5017764004767
7410435412102
8410441412102
5012035963804
5060215333893
59946359
5021692000241
8000040520515
5010134917414
3185370662151
6001108098160
818844020265
634158992506
4872808619731
5022822193093
5060391625744
8711327374188
5015282125728
5000159528696
5000168023519
5027870204876
5060703380064
4060800173614
5000328232829
5012035961541
5060084346437
5060084346451
5000168023557
5000168023670
5000227510783
5014271300429
5055958703546
5054267009257
5060136253492
5010084702634
5000295124431
5411188131205
5038862136181
5038862137522
5060044531798
5019312089332
5000354906640
5000354906657
5034033000008
5034033000220
5020379159937
79581185062
5020379157315
8858768053569
3664346325332
8723400782957
5000159533546
8858768053538
5410228272489
5025509116620
5027870204869
5060402907944
5060016801676
5000488104295
5000227000185
5000354909856
5000354909467
5021956001106
5020379110860
5010134918633
5020379158992
5010744001077
5057545917497
5449000023728
5027870204890
5060689530002
752046490368
4005900567932
5056267001095
5050360002270
5201360543700
8711327475243
5060232812623
5020379160926
5391532122090
4001686584330
5020379157094
5024993731630
59946311
5060550630091
5020379092296
5060402903373
7393714008909
5010003051515
5020379157230
3664346325400
7393714645401
8003319730967
8003319730943
7311100440027
5014379010053
7393714646200
5000382106340
5032678009028
615357123229
5000168024721
752046105408
5000221606048
5020379157469
5900562553202
5031390115772
7613039844588
40232051241
5020379157117
5053990155231
5011546415499
8001841691084
5000328136455
5060699170038
5730800923104
5000289931328
5000328136530
5010035067782
5000168025339
5012035962234
5010477353290
87355444
5055028384279
5011417569566
5027878881277
5011273000678
5020379157100
5000318107106
5020379154055
5000354910333
608597679472
608597679458
5035139213477
5054267009011
8690574840519
7622201148249
5021932022231
5011007003227
5010052112991
5011417575796
5025820001551
5201360112159
5038862239615
5000354904820
5000328136370
5010928254015
5010102242692
5000354912481
5900535006377
7622201147907
5020379160902
5020379158671
5010052112410
5012427297005
8710847924491
5029730074711
5027733000867
8711327473140
5060169982024
8721500067585
5022822216853
5022822200425
5022822192980
5012145014847
7622210666970
5011273040629
5010928253018
7393714646002
78000033489
8436031760514
5031390115949
5057753224561
4025500216153
8711327334410
5060391623689
5020379156288
7622210763594
7622210753892
5015821157500
5021684004462
5054073071066
5060113917652
5000193300968
5000325049185
5024121846304
5941132008739
5410126006360
5000385019555
5060699170007
4008577060768
8719200070738
5060391625676
5052799000186
3384126600069
5010044008622
7613037454307
8436031757781
7613039872802
5025509119966
7622210658845
7311310031381
5011003000237
7613287075307
7613287075321
7622210610799
8001090485359
5055116594818
5060120680303
5017810110022
7613036938259
8718800004754
5000204689204
5031390115628
5060064230015
5034525011253
3141725005318
5024993859280
8591119002976
5900852925399
6000000709204
5017764005696
7613039391846
8001440120244
5000185106165
4060800303738
8594403310115
8410036808419
8410036808433
5055256529305
5060608742998
716165200147
79581185024
5060169983908
5060147112641
5410316964500
5010744001084
5391532122137
5000382110255
5000168024639
8006696202058
4796007551916
4027394003635
5010196091596
5410316964494
5060064239902
5000168217543
7622201401863
5000159524322
3664346325288
7622210719645
7613036077514
5019503036800
8710522680957
8710522681015
5000295117952
5055966800022
5054267008557
5011309029918
8711327475298
5410976937012
5010338404772
7622201442262
5410076495870
8719200187061
6000000711658
5057753197162
4008577060058
5057753083489
5057753083427
5060705340004
8719214528362
8719200086043
5011007022235
8410162410005
5010867801165
5000157072641
5000157137623
5000157144997
5020379160636
5060541708105
5060541708112
5099873011478
5025509149468
5057545900130
5000328992082
8710908657641
7622201148553
5059319001494
5059319001463
5000354912177
5017764126100
5057545929766
5057753081997
5057753033248
8000270011425
5060442893528
3086123001077
85000020319
5031396064623
5741000158920
5057753082017
5060335630162
5060402909733
5060705220160
5020379096812
5000393196729
5060546418368
5000393367419
5000393367327
5000221606581
3178530407938
5054267007611
5000254018689
5010003064744
59946328
5057753197209
8681451515514
5010153871148
5021797012651
7622201148324
6003770007587
5050933137293
8001110019199
5020379161169
5020379158718
5016196020116
8001090896841
3245990969402
5020379161145
5020379161183
5053307043954
7613039400173
5057545899328
79581184102
5024121874307
8717163628676
5000159532709
5000159532785
5029730073974
5900562366710
5010044008615
5029730074636
5057545929483
5010928390508
5054678306068
3049614183201
5020379158732
5020379160575
5020379160612
5011558015489
5010549305554
7311311011863
5020379131209
7321011929702
5060072992660
5060072992776
7622201426019
5010017117900
5025509160463
5012836710249
5000213024614
5035766049586
5060546419440
5060722490980
4901777303553
5057545898703
5021812000731
5055015370155
5020379159692
5056267001071
8001480056534
5900649076556
5053249214061
6920354812521
4015400850441
5000354914539
5013919033538
5000325049666
5011308900317
5010134918794
7322540946734
5054267004702
5011792005390
5031390115857
5055958703928
5020379157339
8712436107858
76171101891
7622210580924
8714789928456
5411188125341
8901810004139
5055958703966
5900259099129
5010003066182
8001090403988
4025500216191
5900259099396
5900259092694
5000354909696
5000168085890
5908234810318
8855790001759
636191003003
5413548193229
5031390115734
8719214528249
5020580016975
7622210817532
8001841603483
5013626111291
3024480012916
6000000807962
8003440993125
5020379158695
5000328136295
5000181029352
8717163619346
5000159483490
5900951255663
3500610120114
5060425284169
5020379151245
5020379151276
6974234966163
8002210132207
5055780907594
5055780900083
5055780902773
5050222002141
5060525332029
5050222002165
5050222002158
5012213498951
5000168022437
5000168023755
5060016801751
5027151123018
5055780907372
6000000807696
5000204168785
1210000101501
4901903070014
644536246916
96189290
5051594007345
5035766049265
5010134918473
5057545845271
8001090124999
5056175932733
5020379144162
5020379157414
8719200189539
8001841577258
5060072990338
5050665028968
5012389672827
7622201449520
4025500252434
4025500252458
4025500252397
5060434130242
5060334032202
5025509122164
6291103404619
5000281021621
5060017740011
5011026108033
5010284010317
5010134918466
5012427093102
5029053575117
5012035962111
5022374050301
5022374050325
5057753181826
8000270013535
7311100440126
8001841691114
5000281052595
6972890390964
6972890390957
6972890390971
6972890392470
6971808587816
6972890392449
6972890392364
6972890392456
8717847028808
5000157144973
5000157074218
8710908180811
5000205040875
8716101070614
5057753197186
72417188633
5055958703881
5000168215778
5057753224523
5000101213403
8712561384704
5012583009665
5012583203032
5900562261312
5057545888070
5060082930829
3415581534009
3415581376005
3415581533002
3415583272008
5000299609965
8005829987039
5060188691839
5057753181666
8716101070003
5032619700090
4251097408170
5013668425509
5029053573212
5391537510076
5050360007138
5000143988420
5060391100074
5060391100067
5060391100043
5010035066655
5057753181703
4008577068689
5060468733099
5057753285135
3228021200026
8718104916319
5013919000431
5057753910839
8901491981552
4018077821394
5057545930991
5057545930977
5060402908286
5057753126780
8719200083899
5050668019208
5024993731593
5390634000077
5000181035766
7321011929832
8410076421074
5016049703715
5017764001810
5027952014645
5031390116045
5060525332005
5000108240877
5012213438285
3043700123812
852832104896
5057753161125
8436028380633
8412366000334
8436028380640
5053827186674
5391537510021
5081304431979
5057753253899
7321011058051
5060176720480
3228024190089
5060503230088
8018190014358
5000107013601
5010327415277
8716000965158
5000143987119
5000143982510
5000354915598
5000168216041
5000168216089
5027632000432
5032678005662
7622201148393
5057545899007
5010102240773
5000354915581
5000213025147
5030481970184
5060402909818
5057545695296
5000157074492
5010038464854
5000393367358
634158971075
627040411872
5020379082563
5601146000425
5060045589132
5000354915635
5031390115765
5000168025049
8710522869086
5000204718171
5021932022255
9310415011425
8712000054366
5010038467909
50981168
5060431440658
5010003065604
5411188128564
5032608070623
5057545917510
72417188664
5057545930854
6996850481066
5031390115666
5011166060277
5011166062523
7622201454685
5033590100046
1060314914195
5060119770428
5060119770763
5060119770749
5060119770718
5903983402661
5012145014823
5010137102237
5022313159201
5054267008946
5036589252450
8006805232020
5036589252597
5012427072206
5012427141100
5022374048209
5022374048261
8718300875236
8718300876042
8001060000933
5020379131766
5020379116664
5010003060593
5022822195646
4084500477520
5021427911460
5941132400090
5022822216846
8713108000033
3329770014657
5057753262990
9310492000459
28400069601
5057545917589
5060246881899
5031390116069
70177154318
5011844004388
9556091511907
5057545986462
5056053305703
5010052113103
5029788191934
8712566247868
5029730074179
5060016801737
8003405006082
8003405091118
5060246881936
5010602100126
5060402905179
840048204585
8901810000209
5449000008282
3664346316453
5010044000275
5057753154011
5000393198884
5060546419501
5012035962371
5010102241251
5054781750239
5057753438432
5026215428786
8001841417530
5027151123025
8712561599825
5056053305789
7312040551903
7312040090501
7312040060504
5057753161163
7241200712444
8000500264379
5000289929745
5000237207499
5018297013141
31200078018
5022374051896
5000354914447
5060603280051
608597679496
5014379011364
5000221606994
5000221606406
8410525184833
79581184065
5060082930119
5020379161008
31200069115
4872808619649
7630040402569
5449000008305
754686000303
72417186738
5012427550308
5017764001841
4000539682148
5060390098037
5000221606970
5908234805642
5060546419327
5060790370047
5060790370009
5060790370030
5060790370016
5060790370023
5000221606987
5000159534116
5018297013127
5000393196330
5029987215202
5029987158424
5060104861353
7322541131665
8690146151418
5057545829813
5020379160964
5017353504906
5029617001779
5031390115604
5601069107577
31200069078
7321011935000
5033747015001
5000328261959
787099402082
5000328263038
5000328262666
5014379010077
5038862139991
5052675000583
5060329691513
5060329692411
3073780689014
31200452856
5022374050349
5022374050998
5020379143141
5057753153632
5057545986929
5057545986882
8714789726168
8714789726250
5060541708037
5056025440432
5060479999286
834554006955
50849833
8018190009033
5000213020180
5021932022323
5000328198910
4251032603042
5014213711306
840048214812
5020379131513
5033747014905
5000393367785
5054267009998
5000232018748
9002490100193
7322541047607
5397005909687
3340180005110
7241200720364
5012836705115
96619221714
5060082931529
7613287012517
8719200094703
4005097601075
5000181034844
5014379010039
5020379151863
7312040040100
5027151123032
6003770007105
5057545917602
7311312003430
5053307042568
6009678817358
5020379161596
42371724
5011792005338
5036034406131
8593893774759
5000295151987
5055780936464
84198402
328131658
5031390115963
5014749524135
8003440993149
6476722387714
5908234806878
8425849105921
5000237134924
7311311022531
8697893211174
5000157079282
5035766049463
5056051802419
5000393198853
5025547003418
DD-143
5010041000933
5013919002985
5010017109011
5025547003685
6001108097866
5020379157759
5057753196578
5051357710260
4010142023252
5020379117371
5901359034676
5901359034669
5020379025195
5000328262321
5020379161275
5029788159200
5060050990121
5010262702319
5000213024560
5000168026190
8681451501500
5449000008329
725272730706
5707196262551
5011417333402
5000168026176
716053002242
59945703
5057545888285
5000143986822
5000143956719
5000143932034
5000143960525
5941000025622
5053307049185
5021546480816
5057753124601
7613039574867
7613039869123
5019503023022
500373704289
5060044530173
5010102240810
5000168026213
5060608747658
5060751211266
8000300405668
5032678006874
5449000054128
4823063110495
5000143913330
5000393030030
5010326063745
8006890325065
5056036506080
5000227514477
5020379157063
5000409000071
8710522869109
5010034009905
5050665043985
5029788152522
5000204168938
5029987281429
5032608006714
5000328368603
5020379131100
5014749150143
5021507160979
5012454063901
3664346327473
3664346327480
5012454063987
75072681
5060460300091
5059319008776
5000221606567
5012427298606
5021932022163
5021932019538
5021932019484
5060176720374
5011357000051
5011357000068
5026489478135
85904364403
54010314
5013668432262
5449000294708
5449000294746
5449000294722
5060096612155
7622201447373
8000160675737
5020379151634
5901867810052
5901867811424
5060251917002
5060183131125
5060075960833
5021932021579
5449000099655
5010228004730
5052598008628
5011417580042
5000267125497
5000267125459
3162040110945
3162040110952
811538013512
5053307038455
5021546480809
5060479999323
5017689097905
813497006154
7610113000182
7594003620059
5060184940085
5012427298309
5060564171344
7622201106416
5601083002124
5013626111260
5010508189720
5060215333886
5020694998143
5000159528290
5010035068352
5011273007516
7622201424497
7622201424510
5060462260539
5060169984677
5060169984684
5031390116113
5020379161848
811538019576
5012389672964
5020580161705
5060123602159
5011273045273
5011273024650
7622210026125
6666547897875
6892036457934
8944870161909
7394376614545
5000177495116
5057545697535
5011579451419
5010314306946
5032678008984
5054073007485
5054073007508
7502221791659
5011273001415
5000159510691
7613037870756
5018562017232
5057545931196
7622201440930
7622201140168
5060546419020
5000143982121
5020379157087
5059321002328
7613287012067
7613287012098
8410087147697
5060337220125
8410655000010
88004042684
9414416001468
5025509159481
4025500252410
8714789183800
5000204133899
5057753910471
5020379115384
5050222001984
819913019418
8711327480438
5025547002589
4000539671104
30156456
12000194214
6111252420059
5025547002602
5025547003326
5020379115353
5026215283750
8680789386094
5060082931826
5060082931789
8436031761771
5025509007997
5056357900673
5020379160940
45905927007574
5031390115987
8711327483262
5016346515912
7613287151711
7622201455507
7613035803701
7622201441609
7622201443252
8000500258798
7613037932812
8606018614974
6906911210054
8436031751635
8695638000212
5200701000636
5020379155625
4000539682681
5060705220221
5010134919043
870719000147
5016549983488
5010105001784
5056036505922
5010511477227
8710543202404
5060104861544
5060104861629
5060104862015
5010105000794
5017375070984
5010296002164
5449000119230
5060176720398
5000159533096
8018190015935
5020379157155
8717644641989
7613038559087
8001540002228
5010034008151
7622201781354
5909000692589
5000382111429
8410031945737
8000270013504
7622210701985
7622210989604
7613287220479
7613287220455
5098715005309
5000214021155
5010067313338
5057753928964
7622210404022
5060104865023
5056025420984
4582410703284
5000328273433
5000382111382
12153300
8711327480445
5060442891531
7622210714176
7622201454203
5900259098245
5027342004072
7622201440718
7613036726535
7622210942104
5941000025646
5055894011781
4015400564119
8681451514012
5000111047746
12000003103
3141725005608
4009900538824
7613037245325
5060253020083
5000232005304
5060184081559
5060404510036
8857126105810
5026619387238
5055441413785
5050565439345
56090727
5012866021681
5038104641152
5055125904073
5017403045618
5023761141084
5050565441423
5012866021674
5050565384850
6923456797444
5060082933820
5060082933837
5020910010635
5013922063676
5013922050324
5060082930799
5013922061764
5013922082264
3270220000341
5000385020902
6923456780774
5050565495235
5050565316226
5055125941672
5012866069881
5012866069133
5050565507907
8428888961888
5032608586308
5011566018106
5000143928129
5038104644115
5020333023953
5033298008774
5030481980114
5032759010028
5055441411682
5023588212967
5056287403893
5013478558077
5060305190054
5020333005355
5060305190115
4250065901767
4250065902139
5055441413747
5050565310330
5050933194999
4002911193068
4029811323623
5050933195095
5027785807889
4029811428212
5050933034820
5050933032215
5050933032260
5050933032277
5052738447652
5050933032253
5050933291056
5050933034783
5052738447669
5050933291087
5050933034813
5052738444187
6001108028044
5050565444448
5060442894143
5900259099723
5060751215516
5010677039093
5060184940030
8501110084185
5900343010054
634158992476
813497006246
5060176720107
5020379138031
8000500228272
5011579450108
5021546480830
91585033927
5012876336096
5022313332154
5038514127673
5038514127697
8000500153383
5020379116640
5601146003013
5060329692626
5060411481435
5010134912303
5033931606732
8005829985059
8005829985042
5000394142206
8005829982959
8005829985028
8005829982874
8005829985035
5011309302714
7322541061467
2060927000185
5060442893795
8720181006289
3282564
5010438018466
5020379164399
5000168026091
4002359013713
4779036940654
24000150596
5908234805666
7613287228338
5020379077873
96073315
5060129816338
5060751215660
5000204105827
5908234806694
8423915007148
5060317321767
5020379157834
5011166059165
7613038257716
7613036961608
7613036959087
7613036961721
3800237480579
7613036957120
8710993005136
5060751213413
5010438008474
5010153871483
5908234809374
5011053024467
5000204157826
5020379164375
7613037914788
5010388803457
5021812004906
5012035964931
5000354917486
5012035965006
5012035964962
5000112650037
5053307042582
7622210704177
5000237135761
8711327511743
4000177027189
4017100952463
5020379164429
5054267010871
5057753083380
5057753155537
85000029824
8711327385528
5000237127261
5908234805659
5060104867133
5410316959674
5099873018583
8001841583747
5060446100462
5000159528511
8002235005760
6955210105035
8436031762938
8436031760781
8681451505645
8681305086306
8682304260247
5010478945616
4000539280504
3415582302928
5410438042605
5021546480823
5020092000110
5026230038496
42360827
5000213024652
4779036940647
8710502718250
5098715005286
5060081114015
5060317322122
5000354913532
745760440047
728370477726
8711327483071
5031390116250
5000237130612
5010093502133
5060082939075
5021812005323
5060605060552
8001841377414
5060055252545
31200069092
5020379077361
3286524
5055365675054
5010102119536
5906823002243
5020379153997
5014234085110
5020379141543
5020379151665
5014379010978
5000166154390
8711327489349
5011166063629
5011013936021
78000009132
4015400763161
12153400
5020379142250
5000382107217
5057545899601
4009900535892
5060181370144
8717163742839
8410031948745
5000382111122
5000264002630
5011348022475
5000237127285
5055028301450
5060081113902
8002210131514
5000354916601
5035766641773
5011417579947
5055028301924
5000116107803
5017848251872
5020379071215
7613287114341
8413178318877
4603928003779
5011166064381
627040411452
5050933195491
8002522590955
9311220007771
5410228164845
5900699103981
5900699105282
5035766049968
5060430290322
5060430290384
5022374048292
5022374048599
5011417569559
5060215334821
5011166061526
5000382027577
5000382027591
5020379158817
5900259099181
5020379162517
5024271111543
8718300877476
7613039896167
5060317321774
5000187154478
79581184096
5021956001113
5011597092540
5060058332152
5055028301900
8712566247851
5054267010864
8720181006272
87170528
4770608260668
5056079900708
5010003060913
96169513
7393714515810
7640175743352
5054267011038
4025500267674
7622201428754
7622201437336
5056036505946
5000328279701
8711327480049
8717163836293
5000328279534
5020379162357
5054267010611
5000393196699
5031390116205
5000556000153
5000157143365
5029913000971
24000150619
88352118062
5011166058212
5011166058199
5000328279626
627040411407
7613038558356
5020379161824
5000354916724
9781851285013
5000393029287
5000393171085
4009900531917
5020379160780
5059321003479
5031390116298
5031390116090
5031390116366
8001110589708
5000354918353
5060561630189
8719200203679
5000168199085
5013967023772
3059944025102
5011417556399
5060462260386
5000354915543
5000354916359
5000354916342
5000168198927
5060561630165
7610400013864
5000354916335
5000354918360
5000354916939
5000354918292
5060002043165
5000168026480
6006570000109
6006570000093
6006570000086
6006507005023
6006507005016
6006507005009
34000318735
72250051071
40000001447
5055015340158
5000328244389
5000328244129
5000328268781
5000328244464
5010102243040
5032678007772
7613287383945
5016840125334
7613287616128
5000382111405
50157761
8719214528065
5020379162296
5056175931972
5000382111320
30681306841
5060546419174
5449000284228
5900259098191
8719200205697
8410076460714
5032678009226
5011932012455
6003770008768
5026215801176
5026215801336
5060499150155
4002911193044
5060546418962
5060088709429
5060081113858
24000150565
5000159528399
8410136021763
5060082931802
5000393198525
3574660520132
5054267011069
5057753239954
5060065302636
5054267011014
5060065302643
8711327342460
5020325130188
42360834
5029913001114
5020379164450
8000070051669
8413178316439
5391533970003
5000382111856
5055028301023
5020379162562
728370477733
5060065302681
5020379162586
5000393172310
5000382109648
8718114724485
5022374048629
5022374048650
5060329692619
5031390116656
5000232024428
5000232024442
5000232024404
5010153871353
5060462260324
5010431601726
5012836755882
5000171001979
5056267000708
5410853032847
7613287235091
5014379012897
4251097413396
5000393196422
5011166064718
5000328807485
5053307044906
5036200129505
5000281053370
5055028302051
8410076801203
5060081113896
5012144510807
5411188123132
5000168027395
5013919001131
5011792003136
5038262053118
8413178244718
5000393171290
5900259115607
7613287324061
5029788197103
4000177027202
5060221205795
5010034009929
5000159537940
5020379160827
5056175921959
5000108280941
5030104001226
5060751215608
5057545898765
5010284010713
5055028301474
3502110003102
5027952015130
5026646000452
5055566932826
5000382109938
5011792003129
24000150572
5000382111528
5060705220108
5031390116014
5031390116274
5050933354157
5035970100110
8000920461747
5030796000385
8719200205857
5057624600074
5031390115970
5017764002435
5017764002411
5054267011250
5010478388017
8720181106255
5060461261308
5060751215424
5000168026022
716165203384
5056192406200
5032608086303
819913019760
5000328284705
5000328284965
5000328285085
5000328284880
5032535002759
5032535003008
5032535000755
5060016803069
5020379164719
7622210753342
4770608260125
8413178370158
5000168026985
8719200203693
5000382111542
5000382111535
5016973991042
5056025454194
85000032633
85000032640
5060442894198
5032678000032
5012389673138
4000177026762
5011792003112
5449000292087
79581184003
5900950987039
8001841859088
5060082931307
5059321004049
5060751215547
4009900538787
5060546418849
5015821157586
7393714367716
8435124855755
5054267008991
79581185048
180009000017
5059321004100
5010034011656
4009900539289
5000159537902
5060394039180
5015282125803
5000232023049
5057753161200
5055028302150
5000556000115
5000556000122
5000556000146
5000556000139
5000556000108
4060800305954
5000354917134
5099873715697
5031390116076
54010468
8006890625066
7321011873517
7613287238474
7321011951543
5060081114466
4084500289321
3113880105110
3760227760107
3760107310873
5900259104359
5020379162531
5000295155367
5060184081436
5000393171238
7613039685648
7613039686379
4060800305930
5016973991233
5060751215578
5022313269306
8413178305266
7622201143756
5017764002398
5011417574553
5014379005394
8723400792147
5010034011496
5060108453240
5000295155404
5000204194890
5031396044519
7622201143107
7622201142346
5010029227406
5000237123898
5016840201298
5016840164203
8720665000109
5000204194807
4009900535861
5011417563427
7613287238498
5022313332406
5022313333298
5000157076397
7622201800475
87354065
8410031965056
5000295155602
5027342003518
5010388803440
5011166064909
5011166064923
5060082931185
5000168028491
5391532122656
5000204194982
5010035068451
5010153871278
8437011972866
5012144510906
5000354917127
5012427306301
7622201143633
7613287383969
5027952015369
5000382110804
5056175945931
96138120
5020379189033
8445291616967
5014379014914
5011251031748
5054267006089
5037809011000
5056192405852
5020379164733
5010238020157
643380231024
24000150589
54300090506
7613036839808
4002911193075
5000393171771
5020379161107
5000221606772
3263280122399
7610900248872
5000382110781
5060751215394
5060546419655
5000221606789
5000328147536
3263280122382
5000237136652
5000237126875
5056357902578
610764000316
5000157078858
6939495514591
610764263155
5016840226208
8720181714498
8721317746390
813497006192
5011007001995
5060045583062
5011007025960
5010327655628
74612005401
5000299627471
5060074861247
5060074861308
5000267013602
8710604743327
5057753161149
4081800118665
5020379164528
5060758370003
8001060031517
4009900531948
4251097413037
5011308900294
5011069123017
8413178321976
5027952014607
5000239058440
5010034011526
5011166060765
5000157145642
5900951291661
5000328272801
5013635101818
5031390116120
5016840164173
8712561018630
8006530214322
5029788213599
5011792006465
12000181962
5010478253612
4060800304322
5000328273181
5000168027432
610764863812
15060148620289
5060608748464
5016096128486
5098715001639
3286517
54034433
96183021
50717187
96183342
3254474020522
3274664178505
7613039051191
5055028300613
5011166066064
5011166065760
5000393030641
5031390116380
5031390115925
3228021950280
5038862230353
5038862233996
5052627760855
692345062517
5020379189064
5000289939836
8901063136250
5011533111922
3178530411058
5010153871476
6931722301431
4060800303356
3258432430002
3016570002747
3185370662076
3185370664841
5900259106223
6939342800464
5059319012742
3065890147966
7613030081883
5059001005007
7613038471792
6972866502926
5900259115461
3057640548598
6974227020230
6974227020216
6972866502872
6974227020223
5019312094367
5000159520003
643380230898
7622201461911
5019312094374
5000237134238
5011792006472
8719200204782
3057640277573
7610113032244
8410076910257
7613039535042
3284230012119
8720181075216
7622201789442
5000393171177
5449000137494
5000108259756
5000393171924
5000159521482
7622201817916
5000204194562
7622201496500
5012035951214
5010003066168
5060400480098
5410076498758
5056036505786
5010327210230
5449000286864
7622201817862
4002359014819
7622201494421
5055713303646
4027800003006
8412176101061
7622201143381
5057545844366
5026489466811
8712000024369
5012389672483
5000393171023
5900259114822
5055566904113
8005415041206
5010035068468
7622210400970
8710505995702
5055028321755
5060104867140
5020379071208
8000353006959
5032227445925
5000204193930
5033022002269
610764863614
7613030037880
5020379157254
46239495
46239501
5060065300663
5060065300717
5060065308898
5060065308485
5060065300137
5060065308515
5060065308584
3263280122375
5054267009981
8904245400477
6003770009048
643380231031
5011533111908
5053307052390
7622201465155
7613034920348
3800020492796
681070101240
6939287927660
5000158102545
5011308510257
8594008043876
4872808619717
5055028300712
7640110703113
5000393173034
5010105001685
8410076400079
5000328301624
5000157145536
5010038481806
5020379157711
5012427141209
5022374048797
5022374048889
7622201788322
5011929332238
5060066941896
5029053561363
5000299618929
5000328190976
5011013935178
79581184041
5060722510015
7312040340095
7622201819798
5310115001089
682430179503
5060386511007
5000328302249
8710194032160
7393714009500
5010493023429
5013965953354
5449000300935
5000378998416
5711953117879
16165005279
5000382112020
5060329692602
5031390116441
5010238020232
6003770009031
5711953117909
16165171219
8719200205109
4002359014673
8711000519325
5000116108916
5900259115560
6939287927622
5011397024017
5000354916632
5050933053265
5020379163125
5012144908093
4009900534994
5000157144003
6972866502957
5010029227123
46239488
3664346331159
3664346332484
34000473700
7610900256679
8018190024050
6972866502902
7613287579706
5000221607236
5449000058386
7613287579461
5032227449077
5000168026152
5029053578361
5013919004415
6974227020520
5060336502567
85000029497
8711327397620
8437011972262
5201347168735
3664346329835
5020379164764
5060164426523
7622201799304
8710847950223
7622201792923
5000393171689
5031390116427
5031390116212
5057753181567
7702018322985
7702018389285
7702018469567
682430400102
8720181106163
5054267010161
5000393172617
4025500267681
819913019692
4060800135049
8710447260555
8436022355552
5026309551154
5000281065496
3017760790895
7613287162212
5000393030306
5053307052383
5013919004392
5000354914362
5000221606635
7622201781910
8719200214910
6974227020605
5012035960865
7622210874603
5011157992686
00764025
7622201438630
716165201625
5020379161121
62108256001795
5000382112068
5000143985030
7622201427252
5023139265107
5000328315362
7622201799397
5000237123850
7622201818036
62108256011319
4607065735302
5022374048919
5022374049039
5060172546206
5020379161763
7613287211057
3263280111010
3263280110990
5010478487215
5060045583178
725272730720
5099873008133
5000328301532
5000157145185
5060201181187
5060082930140
5055056751999
8076802085738
3415587178924
5027870200120
7638900426571
5022374049060
5020379091916
5020379161084
5012144908116
7613287195449
8410076474643
5060129816499
8000300409000
5000221606093
3608580809326
5060129816390
5000393170545
7613287172785
7622210685834
7613036912488
5000393171597
3664346331395
6291007907124
5000221606666
8001841603629
63560276402
5020379165341
7622201492298
5012389010032
5027906010518
5035766050100
5031390116182
5000393172679
5055028301436
5010218002692
5000208082131
8719200214828
4002911193082
5010744000926
5055894020295
610764826114
610764251299
7503023613231
5000159536172
7622210498359
5060639121700
4017100203169
62108256001792
5000157145529
5010508190368
3608580782070
5000157145505
5000116125708
5055894020318
7613036959001
5024993731647
6939287939533
5060104862053
5011397021108
5449000304322
42046165
5024993731661
5020379161060
8410087520117
5025509160203
5025509165505
5027324001198
6939287917876
5025509160227
5709152017120
5999071067881
3052853075930
3185370000021
8005415049585
8005415049646
5031390116304
5010438018589
5025509165536
5060546419594
8001090066008
5025509165512
5060608748433
5055566957188
5024993731654
5020580400101
5056025454187
5010153871032
24000150558
5010038482179
5000382111061
5010511479696
5011417551813
5410076230068
7622201412678
5000237136836
7638900426618
8412600017326
3068320120256
6913452473329
5099823009487
5391527000327
4000539764646
5060442893542
54010307
5025509160432
5053307053328
5053307053298
5099823009371
5025509165482
5056267000074
6291007907117
8001060039964
7622201799571
5099823009517
5012035964801
5410316965620
8711327528741
4060800302311
5055566995920
5032678007550
5059321004384
5099823009388
5099823009395
5060394039173
5900259115584
5010478590144
5060184081795
8002889005307
5410853032878
5410853032816
50887930951054
5013742510916
700461775430
5900699104056
5013919000387
5000393173140
5000385021046
5025509160197
5010327255026
5025509160210
5099823009319
5099823009401
5060066942787
5010228005706
8000500192801
819913019432
5060743590119
5741000156650
5012454067282
5025820005849
5054267010116
8723400792543
5031396069109
4000539395628
5012035964023
8000500373842
7613287619464
7613287619488
5000168028392
5000101988790
6971536920954
6971536920244
6971410554381
6971410555364
8965741345136
5000299618431
5000237134504
5000237134528
5000237134542
7321011875405
6939287948757
3329770062481
8018190023725
5060221204903
8410076900302
5000382039846
5060546418931
5000295151123
8720181109607
8720181075209
5901359352213
8715742113414
5050665043138
8720181109591
5020379161046
5000354919619
7321011954186
34000470693
5391527000310
5056175906826
7613287457486
67000004339
5011166067061
5000354918926
5010338102166
5060391625638
5011273000135
7613287574114
8716700018437
5020379162722
3178531420660
99900100873
5060751213710
5020379165501
5709152017786
5020379166805
5099823009333
5060639123582
5059697994777
9310415018417
5060078185622
5059697994807
870719000192
4002359016776
5000232024329
5010034011618
5010102243446
5011335004309
5011335004040
5000221607151
5000168026992
8720182050137
5099823009425
5033747010600
5020379114608
8001841568805
5011335004057
5010084905790
610764030054
5011397002275
5000143977233
5099823009326
5011417575437
5060066942947
8006540403068
5000159536196
5012035967246
6913452473275
5060705220283
5000237128800
5050933195422
610764262288
610764863652
8003340095981
8001060039940
5900951282591
8720181109546
5010718314516
5016346517756
5099873204535
5011166064589
4000177026793
5053827188616
5010034011410
5011335004323
8720181109843
15060148621125
6291007907131
5010228005843
5020379166355
5056175962600
7622210117779
3219820006070
711274821658
5056338398093
8005829985325
710535390919
811538013604
3443210401002
5015759005065
5099823009449
4084500015135
5020379166683
5060033086513
716165200246
5060442891326
5099823009494
5000382109792
5000185113828
5000232027009
5099823009364
5032227445734
5013626115985
5055713302816
5051175738293
8436022355408
5027952015116
4062139009176
4018077772870
70462098358
70970475702
70970475719
70970471285
70462082517
5000159538749
8717163727058
3574661384580
5010867410220
5020379166331
643380231017
5037809011321
5037809108700
5000112649925
3049197110731
5059001009517
6939287953447
5020379167192
5059697995958
79200003364
5054073069612
5099823009470
5012008570800
5060065302599
5900259115614
5060705220313
5050933195514
6939287953430
5050565360335
5011792006489
5011792006519
5000101506796
5012035964160
7622201146764
5037809010966
5037809011284
5060926500003
5000101968211
78895126389
4002359016783
4002359016769
5010084904960
3800020482995
57027470
5010134918541
5012454063543
7393714367815
5053307052567
8719200220171
8719200186262
5020379159555
3800020472941
5000159538602
7622210598837
5022374051872
5022374051919
5018357011650
5018357011674
8410036019372
5410976346012
8000500380130
5020379163569
7321011954193
5059697994838
5701397050047
5010591009202
5013922068213
5020379164849
5000232024305
5010134918770
72417189951
5099823009418
5060926500027
5060508970064
5000159533072
5013919004422
7622201815936
4603400001323
5000328270975
7891024149164
6939287953485
8013108002557
5000354919541
5000393172495
8711327497030
5000393172822
5013919003890
6032771591689
3185370695685
5037809010973
5021827119954
5000237134214
5011273047178
5010034012806
5020379067775
5060066942930
5010102241336
5060425288488
85000032626
5020379164788
5025232060689
8720181163548
8901810006188
5011061114051
5701397050054
5701397050061
9414505944010
8410076421098
5020379162098
5900951252501
6923456810112
5021202549956
5000168022840
4603400002610
5010852046939
4009900539364
8908005960003
5033060100057
8718951167940
5020379129701
643380231000
8001841569253
4060800302328
5000208095360
4607065738204
4009900538848
5050222001724
5059697995729
7613036474832
7613287162632
5000393172914
4987072027219
5050933195187
5050933195071
5038481997293
5050933195231
5050933195088
5038481997231
5038481997309
5060082930126
5031390116465
5031390116496
5031390116557
5031390116458
5010052113080
5056338396778
5013478137036
5020379165297
8000500314746
5060082930782
5060305191907
8719200221109
6939287953492
8711000519387
8719200220676
7613036881289
5060184081801
5060010434337
7613036926997
7640175710996
5900699105268
5050665043121
5012213479288
5033060100064
716165200284
5000299622049
8908004953853
5000159538794
5410316965583
5000354919534
5020379166317
5010084904724
5000393196668
5012136013361
5012008570602
5031390116717
5000116125821
5000143923926
5020379164863
442350
8002210122550
8002210122574
8505710000804
8003405006204
5011166059615
5000382111368
88076178403
5011941507010
5050022059024
5010035068703
3245999127513
7640175711894
5010388803433
8000500231364
5000168203294
813497004471
5010102118751
4067700027481
3018300004731
5012213438308
7610113005750
721059847001
5060045589897
3219820005882
5060336502666
7311100441901
5060066942923
8002210128064
8005380070058
5056175926930
5056338398123
9311220007696
9311220007719
5099556024320
5014379012569
5023823001240
5020379165211
5449000132505
5010029227420
5012427550506
3502110009036
6970905250302
5011941505016
5000112649963
8719274667933
8719274668015
5010478402188
5060077787810
8018190025446
5031390116663
9310415015355
5000143992410
5410316997980
8005380070027
5020379165327
8720181004957
5033747026007
5022374006971
5099823009357
5029730073752
5030481800290
5026619388037
5026619382646
6939287959098
4770608260149
5060662472770
5060662472817
5029730073738
5060425288457
5029730074964
5022313318332
8716000966834
8716000965325
8595723300749
5099873012963
5010019637604
5051175738507
6939287959128
8411030051900
5031390116335
5020379166416
5020379157698
5012727906324
5013668433818
4000539682087
5010478215559
5055958700569
3068320017181
6006507004804
7622201506353
7622201800444
5011166060741
5055028387393
5054073041571
5025820005672
4710068003139
5310115005018
8445290043085
5060065302452
5056338398079
5060184081450
753854584126
3178531420653
7613039905715
5000168166339
8001110019229
5010035068628
5060013940088
6974227028656
7613034872616
5011417565117
5000291025756
96183359
6939287953294
5010034011489
5010034011632
5000354918803
5000354918797
8018190018707
5060391628240
6939287953393
5099556024306
8711000494745
5059697995552
5900259115485
7622201405809
5016049086047
7613287578297
6939287953461
5024951007128
8412600017333
4084500015692
8001841698557
7613287474704
5000159525817
5412533419665
5012389673169
5060391628189
5016451253662
5056053305727
7613287211835
5011792007196
5060751211419
5000101508783
5031390116588
5057523804313
5060145890107
6939287953256
5000393172433
5000232027047
5059697994890
5000264004184
5060336502581
5020379164801
5053990164776
5020379167277
5056357902974
5000159544016
5010228005836
5059697995019
5010034011403
5026489483207
5033060100040
5020379167253
5059697995934
5059697995699
5059697995637
5059697996450
4008577068672
5099556024115
70462004083
5908234811940
5060639127917
5025744625284
5026489483078
5081304329610
5035766060116
8711000494776
5060147111279
5060147112467
5060391628288
5000143967623
5013635101825
716165178750
5054267010048
7613037015980
8682091100634
5000221607038
5410976902010
5010067349504
5055566959861
5059697995316
5055028387041
5011555042235
50698646
5010822115078
7622201427962
5059697996191
5059944000893
7622201442392
5050665043060
7622201796464
5059697995170
5010822115061
5025509160654
5020379045681
5025509160623
4000539683749
5060360506838
5449000132499
5059697995576
5025509159443
5050432003464
5012035964719
5012035964764
4002359016820
5020379166454
5033747022610
5056025453289
5059944000992
5059944000770
5000309007729
180009000079
5010035068444
3296180005400
5000208070817
5059697995415
5059944002675
5059697995385
5033022002245
5059697996351
5020379164825
6974227028595
5011295197929
4002359014741
5059697994913
4000417216007
5059944000855
5059512739149
70970471308
4018077772689
5059697996115
5059697996405
5050933087109
5060066941650
5060082931178
5059697994869
5059697995200
32134235010
5012145000901
8445290076083
5059697996597
6939287948740
5020379166898
5741000156636
5020379166430
5060789600117
5010029227369
5000168029092
6939287920579
5031390116533
5033118111011
7622201440886
5059697996610
5017840008191
5056192406460
5996071694642
5059697995231
8001841752082
8001841389363
8018190028218
5060789600018
5010052109861
5449000029423
5449000060495
5996071694673
5020379166393
5031390116526
5010035068475
5010228005881
716165295716
8710522971550
5099556024368
5449000060501
5029053569857
5060425286835
5059697995613
5000101507731
8711000495131
5020379158619
5000354914164
5010067338072
4100290024734
5054267016156
5054267016880
5449000345752
5000382130055
5000168028989
5056338396754
5060082930102
5020379167291
5011397040352
5011397040376
7615400818815
7622201515393
7613287898593
5020379167314
8001110019212
7613287902047
5059697995156
5059697996573
8719200208100
7613034916648
5025572132954
3664346327442
5449000029430
8018190024982
8691216020627
5059697996078
5000354916618
5028748002792
5059319018997
7622201437688
8691216014909
5000382113195
8710625524707
7501145233375
850015640032
5060634650021
5060634650038
5000101501265
5000232028808
4060800302304
70970473562
79581184126
7613287902085
7241200712062
5027870201561
5033022002337
34000271184
8901810000438
5060305192317
8711000495162
5000101508745
7613037767551
5010663817254
5020379166294
5027870200038
5011335004873
5054267011458
5020379133500
7622201419585
7622201442187
7613287836717
7613287841599
7613287151735
7622201802462
7613287914859
5059697995811
5010102351929
5010102351868
5010438023262
5000159539586
5000159539289
5000159539302
5000159543262
5000159539401
762220144076222
5016346517244
7622201498559
7622201152437
7622201441975
5000159539609
5060705220344
5010052109878
7322541048055
5032860040655
5000159502870
5020379167338
5020379167826
5054267011465
5055167441918
5022822201422
5050933195989
8001110109258
5000393172587
5000393171986
5055028302235
5000328301372
5037809011291
5060078185875
5010034011588
70970473609
5020379167215
96138137
5029376585237
5022313318417
5013922042244
5059697995354
5056357904008
5013478166845
8000270707366
5099556023835
5000382113379
72350000207
3838952020831
5010238020942
5032678007291
4791034071970
5000354921537
8000270707304
8711700943451
5037809011215
5063249298701
8720181336058
8410076491138
5054073081386
8901810001718
96179543
9002287000903
5031390117387
5000362112903
8723400799443
8445290044853
4009900546959
5027738009612
5060060384453
5000157146953
5028181050060
5020333003023
8007950015834
9312088601880
8711327506831
5000237136829
5000354909146
5000205049335
5060078185752
5010003063853
8445290044914
79200558338
4100290024758
5013922042237
5051873004225
5099556023811
5019093000052
5055028300651
5032678007987
5057753918484
5060088709030
5012145014786
7622201515676
4007993031499
8695188000533
5000187127229
79200616007
5000127014084
5020379167475
5037808008926
5055322000363
8716700018338
9310415018424
4008455526010
5011251700149
5030481960178
5000177497813
8445290043108
5060874142010
5031390116618
5010238020478
5000354919527
610764024398
5000232027023
5000232030061
5035766064206
5000185113811
5000382113102
79200983710
8695188000526
5037809011222
5000382112426
5010238020331
5000232030047
5020379167352
5033298005636
5010035068642
5011053011870
5010511479498
3068320127842
9310415018400
5449000345738
5010438023255
8594008040516
5050565398550
5023139301515
5410228260523
5010034011441
5011166067665
6939287948641
5011335004859
5000393171658
54300091534
8000300413649
5010438019678
5099823009500
4060800306968
5060066942176
5000354921544
5012035963002
5410228260516
5740700995774
5010485840119
5011166056621
8445290023193
5000205047850
5029053573199
5000382113065
5000232024688
5000159535465
5050933257717
5000168026329
5011417563199
5014379015171
6003770008973
5740700985300
5018095012940
5000159539449
8000270707380
4002359014680
5012008570305
5000382113218
5010049001970
8901810000247
5059697999864
5059944001999
5059944002019
5059944001975
5020379169608
5011417558324
5010052112106
9557368133921
5059944002033
8001090359117
8720181161537
7613287616340
5060896623641
5099556024283
5031413905434
5000225057723
5032678009622
8001841729701
5051469120407
5051469160403
5060147113723
5060147113747
4015600957711
4015600957742
8445290088024
5037808010998
5014379015195
8000270707496
5060305193024
5012008570008
8712561571388
96184349
6939287957216
5011251033483
5020379158596
5011166056638
5020379156868
8445290087690
5027870200045
5013919000967
5038862238397
5038862237130
5059697997310
5000208099504
5033298013068
5060661290290
7622201437985
7622201438012
5056357903766
5000232029560
5031390116489
7622201770433
8000500417539
5000205050072
8445290019530
7622201148782
7622201440688
4251097413679
7622201498672
7622201509149
8002210132610
7622201149574
7613287833235
5021827096705
8006540487662
3664346334280
7613287114228
8445290076458
5010238021130
5060896624716
7622201438081
5099823010285
5012035968007
5038862235389
8001090671578
8437008915135
7622201824389
5060078185646
5025892007826
5037531000150
5060896623832
7622201505561
5012454064007
5449000309426
5016346517237
5025820006167
4009900538589
5037809011048
5099823010124
8711327529793
5000159544030
5020379167802
5059944002057
5020379167574
5060082939082
6006507005757
5020379167659
7322540853377
5020379167673
7622201786465
5060896622507
32134232248
6939287939595
70462098365
5060811380451
5020379169561
5000393043375
5000382112198
5020379167598
5033298012658
5010485840072
5033298004974
34000485024
5020379167451
5000168030876
4009900538541
5060221208475
5060811380291
3415587171925
5016196040343
3415582305929
8006540487518
5016096128523
5000328271767
5000328271507
5000328271682
4018077674877
3664346334273
5449000307859
8001841400259
5056025453272
5020379167697
3065890132979
5011166060789
3415582816128
8711327374126
8410076801319
5000168030913
5010067338171
5000393043689
5060147113846
5059944001562
5031390116632
5031390116311
5025892007819
8445290076472
5000232022981
5060413268560
5018095012926
4010198030532
5060129816352
5059697997532
5000168032054
5000187159282
5059944001463
5020379169585
5059697998331
5059697998317
841276550890512
5099823010148
5000328013121
7613287113818
5010102244023
834554008638
5059944001814
3415582304922
5059944003986
5020379169622
7311100445220
6939287957186
5059944000190
5055566906582
840048217806
9811040970250
5000112658385
5050360002317
5060415520826
5059697996337
8006540487488
5020379169066
4025500277031
5059944003962
5908234813104
5059697997358
733553821555
5020379167239
5055167481303
70970471858
8710847950254
5055028301788
4025500278427
5099823010186
5060147112047
5000187159305
7613287806482
5059944001487
5000328312996
8066145
5000168030128
3800020472576
4025500278090
5000382113041
5035766050506
5060415520802
180009000048
5000393171627
5033298012665
5059944003948
5055028302457
5060592005291
5019312089417
5059944004006
4025500277055
5000328312811
5010067331509
5060016803083
5056025455696
5020379169103
5031413927207
5059944003528
5059697997174
5059697997150
80480280055
4025500278342
85000032145
5060391628226
5024576020007
5000328367149
8715727113262
8000270707465
5410076498888
9322214015511
8501110089852
7393714899958
5037809011208
5054110028688
5059697997198
5020379164078
5060297460296
5000205049328
5014379017076
821189
5037808011209
5059944001524
4025500277239
5055566994107
8717644332153
5055028387867
5000393086396
5010029228229
8711327535138
4025500278113
7613287899033
8718951396104
840048217936
5056357905968
5056338396808
5056338396853
5410316966016
6939287958541
6939287958596
40232301490
6939287958565
5014379015577
5031390116649
5020379167543
3159560700046
5059697999628
5010102244146
5000232030214
5449000309822
85592121081
7426962223210
5056175972722
5000328312903
5000393043405
5000393172464
5000393199003
5000205047645
5000393172525
5000393172792
5000393171535
5060545274941
5000143980431
8435201703351
5031838900021
5018095012957
5059697998782
5055566901013
5055566907008
7622201693831
5000187159220
5031532020292
5000187159268
5000157146960
5038794000079
5060415520840
5059697998126
5056357906071
5011533111410
8711327538030
5010718314615
5900130036229
5055713315243
7613039692240
5000382127543
5000382113270
5010102244030
8006540002155
4025500277277
3254474024568
5059944002392
7622201770419
6939287965747
6939287965679
6939287965730
6939287965723
6939287965716
6939287965709
6939287965662
6939287965655
6939287965686
6939287965754
4901880833794
5020379169080
5019068085138
5014379015904
8711327544130
7393714648006
5059944002378
5013919004934
8412766031549
5059944001548
5055028387379
5010035069267
5055125948367
50232864
5050360001402
5014379015898
5038104633829
5038104643385
5038104652547
5038104652455
5060033163450
5023041904262
5013478161963
5013478122971
8715144008615
5012128518911
5010134921374
7622201431709
31200019097
5026619212639
5026619770627
5900259122001
7426935084121
5059944003849
5038104642661
845423011833
5059944000756
5023042110235
8711327531222
5050022047779
5059944000237
5901559950073
8001841971957
5056036505809
8445290019516
5056518801412
5000382129929
610764262271
5059944002491
6975207750710
5059944002477
5059944003924
4750021010477
6935668705469
7321011976904
5000168028477
5059944002439
5020379160773
5059697998294
5099823010322
5050933195446
4002911193037
5060164426455
5050933248906
5060384758459
5020379168625
5060082940873
5059697998379
5000237136409
4025500278403
6975207750727
5020379160766
5053990164288
5020379168564
5020379168588
5055958705229
8410076901026
7622201148973
5012171000029
5020379168687
5011013936489
5059697998355
5050360001433
610764025227
5059944004846
3168930161707
5053990164684
5000237138748
5000382113645
5033298012641
5016451158127
5059944002637
5099823010087
5050360002423
5059944003801
8000270707397
5020379167611
5000143955194
5011566018144
5011166062974
4060800306678
5059944002538
5020379167635
60410054765
6975207750697
6939287958589
6939287958473
5059944002255
5010123722630
5020379162746
8412997002264
5054267015302
5029617002363
5000168032955
5000168032979
5014379017373
5998001791490
5059944000176
5000168032474
5099823010100
5060066942992
7340001800494
5014379015911
5020379168601
5059697998768
5020379160759
6975207750680
5055200349812
7321011975259
6975207750611
5038862634106
5023139265404
5000394111943
5000168207698
5059944004600
5059697998744
5038794000147
8000430138931
5030765033970
5030765034113
8716101070836
6970905250319
5059944003542
8716101070850
50378289
7613036016858
7613036849586
5037531000136
5011792007523
5059944004662
5052197053623
58000004481
5099823010308
5020379164054
5024993732224
5059944002552
5059944002095
6975207750628
5059944002453
5051525354739
5099823010261
5000237138489
3282946100083
5059697997136
8006540583982
8018190029345
5000435016541
5037809011093
8720181110474
5059944002651
5031838900038
6010031012495
4025500278106
5059001009623
4025500278366
5056357902349
5059944001500
5059944000251
5099823009944
5059944002415
5059944003825
5029053581378
5060305192300
5059944003788
5014392000000
5010228006055
5900951282430
5059944002514
5059944003016
5060705220375
5032227446007
5410673003737
5059944001784
8003938009567
5000157145635
5099823010049
5059944002590
5059944002576
5000295157323
8710908430039
5011166062899
8711327532274
5051743106035
5060608748556
5056357902950
5031838900014
5099556024405
5010327458069
5059697996382
6939287965761
9002490253981
5035766050452
5000328329321
5059944004587
5010262100030
5033747023518
834554006979
5021827106176
5031390116687
6939287958572
8711327539877
4005097401484
6146599999005
6975207750673
5060896622828
8002210132597
5059944004860
5000382110989
5059944002354
5000289935340
5060918440423
62108226044254
62110211033889
62111016052897
62111031091788
5060918440386
62110251002110
5099556024443
5059944002279
7613032807566
5060066942985
5000354921698
5059697998164
5055028382091
5055028321243
5055028382107
5059944004709
5059944004884
4060800133601
5055028386907
5000237137826
5000382113089
5907769000386
5059697997075
5025509160012
5031390116823
5000204195163
8410087312743
5000328014128
8904234400181
5059944002613
5000237138762
5056175976690
5000328013541
5050360003581
8715743113420
5000157146946
7622201809447
5099823009920
8445290301895
5059944003665
5029788198186
5010511480388
180090003768
5010438019555
5059944004761
6146577000006
8445290313935
5059320000042
5000168031637
5060274860088
5000168031613
5059944000114
8445290301857
5099823009968
5055281001067
40677040
5059697999949
4017100936586
5029053569918
5099556024887
5000232022929
5059944003887
8445290281210
5059944004921
5010477361899
5059697997891
5010038483701
5010134921046
5055713305077
5099823010001
5010478730014
84115966
8001090690593
5059944004822
5050565449948
5051469170402
5019827200840
7613287599209
5059697998416
5000112658187
5029788198643
5900567022529
5013668434266
6939287958602
6146550000009
700315549255
700315549170
5010238021918
5012389673251
5060409361053
8410076801326
8445290303127
8445290094148
5099556024863
8711000504536
5017353503800
819913016578
5000237138328
78257590209
8711327534322
5060147112184
5014392000024
5059697998485
4251097414782
6939287948696
5011397007980
5060054134057
5029788200858
4025500277079
5059697997617
5059944004907
5025820006310
87345407
5099823009982
5059697688683
5059697776625
5060558350472
5060393476184
5060393476191
7613039869505
5010038470121
5035766050490
8712023000869
8712023000906
5021427904677
5021427907302
5060360506203
5060360506265
8711327539624
5057624227493
5010478670242
5000382130161
5010478847125
5060078185691
5038862235723
5038862237093
5060136252402
5012262011354
5012262011361
5000237138342
5000237138366
8002270506833
8002270576829
8002270336850
8002270836824
54492134
5010102241107
5010102241114
9310415017885
5020379160988
5035766064718
5011357000167
5011357000174
5060005532611
5060005533175
8001665705042
8001665705073
5010003063518
5010003063808
5010003066083
5029053581866
5010003065970
8720182302946
8720182302960
7615400071395
7615400720965
5011417569436
7613039905920
71570001667
71567988612
5038512000756
4060800305237
4060800305312
5010438019777
5010438019814
4060800305961
5060078185608
5010153871889
5060228270628
8410854525420
8445290076359
5060188578994
5060393476375
5059697997334
5059697997372
5020379159579
5020379159593
5059944003863
5059944003900
5060551219400
5020379165259
5060551219424
5060393476061
5060393476108
5060551219448
5060551219486
5054073085667
5059697997594
9503423693411
5000382113959
5059697999840
5059697997631
5000393172372
5059697997778
5059697997655
5059944004983
5020580801496
4060800306593
5000168030111
5998001791506
3254474024599
5059944000459
5053307057746
8018190030907
5999884034469
5059944003689
5000208027781
5024993731982
5000143989120
703694584558
5056192407719
5059944004686
5059944000558
5059944003627
5059697999901
5000205049359
5000328013060
834554006924
5000328013565
5059697997112
5024951007050
5056175922475
5059944002170
5059944002958
5059944000138
5032678010994
5059697997839
5000237138786
5059697999215
5059697999253
5000237137802
5059944000695
5059944000398
5059944004129
8000270707373
8720181218279
5059697999925
4001724042136
5000328311937
5059944005614
5059944002071
5059944004563
5010102244283
5059697998881
5059944004143
5000382127741
69000020111
8711327534001
5020379168502
5020379168526
5449000314161
5000159484657
8001585008186
5059697998645
5059944001258
5059944005102
793072223346
8005829990183
5059697999338
5059697997716
5059697999291
8000270707502
5060033820070
5038862100700
32134212264
5059944004785
8723400796343
5059697997693
5021684036067
5059697997815
6970684726951
5059697998720
6970684726937
5059944003702
5059697998560
5059697999154
5900699105046
5059697998584
5059697999239
5010822991207
5020379168465
7321011922406
8606100820610
6970684727125
5059944001432
6970684727163
8850389106990
3254474024537
5060081115012
5059944000435
8606018614363
5010262703385
5017840007613
5000168033990
5059944000312
5000185112159
6970684727156
5027785801139
5000237138502
6939287967109
6970684727149
6970684727002
5022822201293
5020379168649
5999884034612
8720182374738
5059944000718
5000159543873
5059944004945
5000171051202
41420127052
5056175939794
8018190019834
5059944001319
5010238021628
5059944004648
5059697998522
8712100712388
5000237137789
5056175972548
5059944001333
5059944000619
5032678010918
5059944005874
5070000180304
5070000180311
5059944004808
5099556024849
5059944004303
5029578000835
5059944001357
5059944001296
5059944001272
6410949861930
5011397002299
5059944004969
5059697999277
5059697997556
5059944004204
5010102242333
5051357011091
5021546482674
3500610139291
5059944005263
5070000270128
5059944004624
5020379162760
5059944004723
5020379168540
8720181159411
5056357907542
5000354921568
5059944005850
5059697999178
5059944005836
5999860497073
5020379168700
5056338397195
5056338396785
7622201685294
7622201685577
5012035969455
96075456
7622201798987
5031396071249
41500011646
5059944005164
5059697997877
5099823010247
5018095012988
5059944005898
5059697997730
8445290344632
5010238021680
5059697998508
5000168034850
5059697999390
5000393174079
5050028164005
5059944002118
5000168032917
5056338397317
7613287948960
5059944007021
5000116126989
5059944000671
5027785808640
5027785808664
5050565554581
5050565495327
8006540120620
5056175971749
5027882940601
5000354921575
5000354921483
5059944007045
5000393173928
5000393173898
5000393174048
5000393174017
5000393174123
5010029228243
5000382127789
5099556024900
5000166063920
5059944000497
5059944005201
5060896624310
5059944004044
5059944005249
8018190032550
8720181259685
4025500250966
5059697996436
7622201143268
5059944005362
5060444980103
5059944005355
4060800109798
8712000058128
5010103518864
5059944005812
5060084344112
5054267011755
5014379017106
5022313318592
5022313318677
5014067334195
3023290065433
3023290065488
5059697999741
5059697999765
5059697999727
5000112693706
5000382128427
5059697999642
5059697999666
5060735731063
5000237137437
5000237138809
7340001800883
7340001801088
5060088709412
5060751211709
5060166696382
8002270586835
5011357001126
5060005533670
5010003063914
4021700800529
5060228270932
5059697997419
5059697997433
5020379159616
5020379159630
5059944004167
5059944004181
5060393476115
5060393476207
5060551219509
5060551219547
5020379168724
8445290059161
5060281650382
5029788201893
4010198030563
5059697997099
5050028164081
5060391625690
5060317321392
5013668434181
5000112658088
5010511479658
4017100288456
5027863608193
5000237137451
8593893782037
5059944005140
8008440410054
5059944004747
5900951282416
5059944002859
6937643503114
5059944004266
5060110225316
5000148000097
5013635378272
5031390116724
5059944002132
8901808007500
5449000008343
5413408111837
5059944001371
4060800
5059944004549
5055028387072
5000232030009
5055028388895
5059697997792
5099823010025
5060874140511
5010663817193
5011533111984
5060181370120
5017840008085
5024993732187
5027342003525
8712000039837
713091944497
5022822159914
5055028301351
5060926940007
5059697997754
5010431601788
5059944004242
5055028388918
6178319606726
5000354921704
5011013937820
5711953145339
5010038485897
4000539395642
8001841859101
5410438042414
5059944006192
5907769000409
5010477361875
5000237138724
5059944000732
5059944004488
5059944001418
5027863608049
8001841399041
8001841399010
5050565241023
5055167482508
5055167482522
5015302726034
5060082945243
5060082945281
5059697999192
5059697998140
5410438041226
5011566034564
5050565436245
5060082945489
5060082945168
5060082945144
5060082930775
5060082945151
5012128415982
5012128536861
5060082945298
5020379171267
5021546482643
8681212069782
5011251140860
5010105001890
5000232023025
031200001412
031200001337
5011003000220
5059944005447
180958000120
5010338202125
5050565382726
88076187399
5060628820515
5012583204749
5017840008115
5000101506819
5012389673268
72417171338
5060050985035
5011397040369
7503006845369
627040040829
8719200220508
5060628820287
8001060039957
5010134921176
7640175712174
8445290081407
5025820006297
7622201694043
5000237138427
8713354092240
8001090192608
5059944000299
57030623
4009900539203
5018095012971
5059944000350
8006540002117
5059944000152
5010238021666
5027324002928
5059944000411
5055028300675
6975207750864
6975207755029
8720182303769
5017840008122
5060317321422
5099556025082
5059944001395
5059697998683
5000148000011
5012145014557
8712000058210
5013919005023
5059944005126
8004800034212
5032678011328
5059697999475
5059944000473
8000500397459
85904012854
5000328271095
5059944004501
5059944006628
5059944006901
6937643523082
5000205050157
5059944005423
5059944006376
5000354921469
5059944000596
5016346516773
5059944006703
5020379169660
5000328014517
5059944006765
5059944006826
6975207751007
5059944000534
5031396068553
5059944006666
5060065301752
5060065302278
5060065302476
5000328015347
5000328015316
5059944000930
5017840008078
5017840008146
7321011058044
5449000051981
5050028163985
5050028163947
5050028163923
5050028163961
5059944005775
5000226973015
5060628820508
7613038575773
5059944006727
5059697998546
5059944000053
5011309276176
5059944005737
5059944005751
5059944006130
5020379171243
5020379171281
5059697999888
5060066942169
6975207750925
610764028495
5901356071292
5031390116939
5031390116694
5000354907357
5000205049304
7322541968032
5059944000657
5050974504375
4025500276775
4060800304384
4060800306845
5059697999680
5059697999703
7340001801965
7340001803570
5059944006154
5060896621098
5059697997457
5059697997471
5059944004068
5059944004082
5060393476214
5060393476221
5060551219561
5060551219608
818844023266
5201054017432
5010718314714
10700858412
5059944000015
5010238020928
5059944004280
5059944004327
5059944004105
5059944006079
5059944006093
5059944004341
5013578160750
5059944004020
8001090287748
5037809010980
5059697999451
8935001726609
5099823011268
8008440112682
5000158071346
5056357913307
5060281650351
8445290431530
5059944003368
5059944000039
8437001799534
5000205049311
3415581165920
5039164201119
5741000174906
5059944005713
5059944005188
634158971099
5099823011046
5059697999437
5059697998669
5059697996146
8445290462039
5059944003603
5028763009356
5056175972753
5099823011282
5099823011183
8720182303738
5711953146176
5099823011169
5410316966009
5027870200052
5031396068539
8711327371002
8720181007521
031200452009
5000382126249
5022313321479
5019827000815
5019827000839
5059697996993
5059697997013
5000237138380
5000237138441
4025500175221
7622201461874
5060608747757
5010084702535
5010084703013
5711953132094
5000181036312
4000349860064
4000349860088
5060147115611
5060147115635
4025500277802
5060541321847
5060541321878
5060551219622
5060551219684
5060551219721
5060551219745
5056486900070
7340131600872
7340131601947
5060317322306
5060317322658
5020379170406
5020379170420
1230000039024
1230000039147
5011166067863
5011166068075
5011166068365
5055945401943
5027952014799
5027952015147
5014392000017
5000157147943
8002210129955
4060800306982
5010134915830
9311043032011
5020379168380
5020379168403
5010134921183
5018970094818
8008440514011
5013967019072
5033022002238
5059944006178
5059697997495
5059697997518
5060393476238
5060393476245
41699241138
5010745052696
5059944006116
5011335004866
5060705220405
5410531546628
5059944002156
7622201674069
8445290141668
5032608030108
5029788602386
41699241121
703694584541
5060342470966
8001841703893
8719200235243
5059944006604
5053249001722
8445290462077
5020379170901
5059944006680
5059697997570
6946714100015
5059944006642
5025509160265
5025509165659
9811040918450
5059697999413
4015400259459
5025509158897
5099823011107
5000354921476
5060404510241
5060066940028
5060066940233
5000168096292
5011335004835
8711000373156
5010196092142
8712100891816
5010438018824
5099823011022
5000354918919
5099823011121
5010478210059
5000354921452
8711327374324
644536246718
5000177496120
5051175738347
4017100903267
5025509169909
8719200242166
5059944000275
5000101968136
8712561488808
5000157150042
5059697998089
5059944000572
5060391623788
5013919005054
5000354907364
8711327374515
34000214624
5019312083682
3500610152696
5029704217823
8720181000393
5059697998010
5059944000091
5031390116847
5031390116786
7622201711375
5000254021269
5057545929865
840048218124
840048218162
840048216083
5059944006055
3076820026077
5059697997853
842595119145
3859892462017
842595115949
5060896628974
5020379171915
5020379171526
5020379170925
5012389673299
5020379171892
5059944000077
8006540724934
4600104041891
8711000852965
5099823011244
5026215287147
5059697999314
8004800034205
5035766382195
762220144666
5032608030092
840048217868
840048218148
5010238021840
5059697999017
5059944006390
5059697997976
5000168099248
5031390116922
5031390116892
5050565492036
4251097416328
5000295157859
5053307057838
5099823011084
8721500002708
5099823011329
5011053022555
5023751000438
5000205049342
5012389672872
8719200242920
5000168033938
5056357905654
5000157147936
5000328016276
5000205050133
5060400480203
5711953205880
5060400480210
5020379171304
5904310231497
8719200242197
5059944006352
5000295145139
5012389672896
8711600786226
7622210880109
5032608030122
5000205049656
5025509169916
5099823011060
5055566994848
8445290459930
72417196638
5010663817551
5060722491345
6975207754985
5056338396518
5053249229324
5011166067375
5050565492050
5011166067450
5908234811926
8801043022705
5059944001173
5010663817612
3415587179921
5010134921220
8445290459954
5000157150059
5000157147998
5055028388314
5037808011032
5056357907504
5025820006334
5020379171113
5099823011145
5025509160296
5059697998034
5017840008108
5000232027948
5059944002231
5059697998997
80480280048
84115034
5059697998188
5020379171328
842595115956
757528037468
5060043672379
8445290146434
8721800400808
8593893782013
7622201149611
7622201679088
5059697997235
5000237137475
5010478882140
5060066940219
5038673412030
5011273047192
5000237138403
5201054017012
5201054017029
5019503026887
5019503034165
5060460300084
5060460300107
5000221607960
5022374055436
5022374055474
80874652
7340001800944
7340001800951
5060403180100
5060403180131
5020379170444
5035766049432
5035766181446
4067700028631
7613287912510
5010102243408
5010102243705
5020379168427
5020379168441
5059944001036
5059944001050
5060551216812
5060551216850
5056175953608
5059944002194
5059944000213
5059697998102
25849144
5056357906132
5031390116816
6975207754893
5029788197080
5059944006741
8003340046150
8712561490603
5025509170400
5059697999987
5059697998706
5057753033927
5011417582459
5034934535470
3664346336666
5020379169271
5060016803052
5059944006925
7613287157201
5410531546727
5059944003443
8003340095387
8008440512536
716165291497
5059001005113
5013578160699
5059944006802
5020379172073
5060215331394
5031390116755
5012035969165
5055028389007
5059944002910
5012035969189
5010105001951
5059697999130
5011348023694
8001841000381
5059944001234
5013668433795
5011061181091
5059944003382
8719200238398
6975207755005
5059697998058
5059697999116
5059944002897
5059944006864
8719200237872
85592141072
5010511480104
5025509170417
8715700123882
5012427650305
5088722227016
5000205049410
5010478224414
5018735225099
5010485220225
5020580553272
5000281083704
5010105001975
5059944002330
5059697997990
5059944007182
5059944001135
5707196262568
5059697998904
8445290389183
5011187010480
5021546486252
5000232027924
5000232027900
5000171054784
5020379162630
5020379162661
5059944002293
7622210673244
5010651001115
5010029226720
5059944002972
5018095012933
5059697996801
8006540703564
8445290227850
5059697999093
5035766050742
6937643546609
6975460110368
6937643546517
6939287950903
3664346354370
5010035002264
072417330001
6937643555748
6937643555793
5011914208500
7311100443028
5029788203347
5060628820553
5014379017342
5059944000510
5059944003467
5039362000224
5039362200013
5055028388406
6937643555908
6937643555731
6937643555847
8002210132672
5020379169394
5000354204517
5059944001210
8002210132658
5000232029690
4002359014802
5031390116908
5055028301757
8711000702703
5059944003344
5059944003405
4251097416298
6937643555830
8711200564149
5020379170703
8006540584767
5000143589221
8445290464552
5033298013051
5011348019918
5060896623184
5060066942961
6937643543479
5010029228267
4002359014727
5051594006867
5033298011682
5011013928316
8052107556869
5020379162609
8906005500366
8710847900716
5060442893498
5413408113015
5025509169886
5050565476340
5020379169332
5054110028671
5010511479085
8002200602116
5060628820539
5023586281989
8682250613425
5020379169981
5059697996832
8006540703625
5057753914127
5000213026830
5025509170394
5010438019661
5059697998843
5031390117004
5010238021154
5059697996313
5060425288129
5060425288150
5060360504506
5060360506937
5025820006365
7613287956484
5024993730930
5059944003177
5010236073353
5017764002350
5017764003067
5010102243736
5010102243811
5030756005795
5030756005818
5060136250064
5060136254154
5099556025341
5027952015727
5000157147981
5000157150004
7340131602647
5034033000886
5060522490050
5060522490074
4025500277468
4025500277628
5099556010835
5000221602828
5088722226002
5088722226040
5000221607410
5000221607991
5099823009432
5000221607977
8420063023655
8420063023662
5059697998607
5059697998621
5010238020355
5019312081794
5019312081817
8002210133303
7311311011924
7311312006288
8006540723432
8006540730027
8006540730041
753854584140
4060800305190
8410702063043
3176780036083
8410702055635
8445291451162
3700619334578
5010134920995
5011166057024
5059944001074
5059944001098
5000157150066
5099823011008
5010485220256
5059944007557
5704947000165
5020133131650
5020133136365
5020133138789
5000354921636
72417197598
612511063056
612511063049
612511063032
5036589255598
5020042001365
5059697999963
5025509170370
8715700123899
4015468400046
5000101504525
5060342470973
682430179107
682430179305
682430179206
5056079900876
5038673410326
24000150800
5025509169787
5000328017433
5059697996771
8715700123905
5704947001704
5059944006840
5060082945175
5059944001197
5017764130800
8004800002006
5060425288907
5025509160586
5025509165772
7622201707941
5056192409607
5025509165826
5050375116726
5050375009684
8006540087237
8906005500052
5056357906279
5410316966276
5900343010993
721733001125
81753815554
88076180871
88076177796
88076179066
88076180437
88076177802
5017764128142
8712000039929
5025509169022
5027785810575
8711327574069
4008400305424
5055028389182
5013922042176
5054073080143
4009900504782
5024418654155
5059697999352
5020379169318
5060336509986
5060896625027
5000347040023
5059697997952
5020379169295
5059944001159
5025509165697
5000354919923
5059944005003
5039303003345
67895188
67895190
67895189
50019984
5025820006273
5060336504660
6003770009017
5030104005088
70177178567
5011417552940
6003770008171
5060336509962
5060336500884
5021885702044
5060705220450
5000354914614
4025500278120
5000208018314
5032608030115
5060082936777
8593893781412
5057753925260
5032608030085
8006540703595
5011962114570
6412709021509
7622201693558
5000218005656
6970684720805
3076820026244
6970684720607
5010034011540
6003770009680
67401874
5000168085913
5099823011305
5010227349122
5000157150011
8445291265134
820472
5059697999079
8001060039902
5000116127375
6946261584004
5059944004365
3178530402353
5021684000105
5000143913125
6975207751014
6975207750956
6975207750994
5000101504617
5711953150548
5059944006949
5060939140593
5060926500485
5099823010964
5059944007168
8711000677810
5099823011558
5099823010988
8711000545324
5060926500409
5060082939402
5000168032030
4770107252942
8720182064387
8711200562718
5000157147967
5031838900076
8412765794599
5016451358329
5020379170864
5020379171458
5059944003429
5010102242876
5032608070678
5010228006529
7869811140618
5059697999031
5000328015897
5059944007007
5029053582078
4017100262593
8437001603169
5055365689433
8006540087206
5022313000480
5022313000534
8711200859306
5025509170424
5000394112520
5056175935215
5060082951282
5060337502436
5010511480531
725272730744
7613287552242
5020379171762
5060113918482
7610113017012
4002911550328
5025509159085
5059697996696
5059697995859
5000177498223
5025509170189
5025509165796
5011668711028
4025500283407
5025509165802
3329770062535
5057624865749
613008739089
5057624865756
5000101510915
5000354921377
8720182064400
5059001011404
5010278101359
5057624870538
5900951252204
5010605300936
82000757900
8711000381830
82000005759
5060292738215
8720182407993
721059003087
5060627310130
5060627310031
5060627310024
8412765696718
716165281320
716165281306
716165281313
5025509170066
82000006787
82000001782
82000729327
8211604
82000006831
82000001164
82000001409
5059320000639
5060778850462
5060778850455
5060778850486
5060778850431
5060778850479
5000159538817
5050028163824
5060016803038
7622201701376
5025509170387
7622201799014
5900951252167
5012128528811
3296180005387
5000161030170
5999571051007
5000232031983
5000232032607
5010238021178
5060298571250
5031390116991
5000143971125
5011417551721
57030951
5016873024130
5011668711011
5020379172431
5012389672858
5011335004842
5031390117011
72350000078
5051594007383
5059697997938
5060628820546
5020379170956
5024418893523
5000157147950
5449000315649
5022313000510
5060228270123
5711953149764
5020379151603
6937042500110
5057624865763
5059944007571
5022313000541
7613034916655
5060948012317
5059944001111
5029788201909
5060201181859
5020379170970
4005808230860
5099823010940
5050360007152
8711000381809
5028748107961
5011668711035
5011533112851
5060082930812
5013919005016
8720608007035
5410531547830
5010153871964
5060391628561
5024121804120
5015302164416
5000354922756
5034934555775
5019312082074
5016346519576
5059944008615
7622201732486
8001110781782
4062400096904
5012213342995
5057624865732
5059944007205
5010478548749
6923456789876
5000112662177
5000143910421
5059697997914
4008577088328
5060001521213
3838952008143
5019312082081
5000159543859
3800200452480
5060298571380
5010478477896
250811538012454
8018190036268
5055566909200
5020379173544
6975207754961
5000185116805
80799757
8002210133136
5410531546642
5023751105621
8720181113512
5059697995330
8711000545416
5020379172455
5020580198510
5030481930140
8004260255349
8410087416878
5027324001181
5030104005125
6923456797307
8681873024625
5022235030879
5023139302116
5013478138262
5023139266401
5056175966141
8445290461803
5010508186941
8445290524706
5010485220041
5060391628882
6975207750857
8412766027276
5060043672607
5000232032928
5031390116571
5020379169516
5056138201807
5000116127511
5059944006413
5010236157534
5000143202205
5000328015705
5020379165969
5020379165983
5020379165945
90448775
6923456786646
5059944007694
5060129814600
5012035970727
5021956001168
5000157147899
5060082945113
5060442893948
5010511477029
5011166068099
180958000038
5065012314021
5010485220133
5000326011372
50326686
3254474025992
8000500390641
8006540562420
5908234813081
7622201702915
5054267007505
7622201517649
8006540547595
5053249000909
5028635006056
5059944007472
5059944007519
7622201438265
5449000286932
5059944005300
5054073080136
5060558350625
30119567
5000382112563
5059944007496
5056175984749
5000185115020
5013967012462
5016325851086
5026489484013
5060215331455
5059944007533
5059944007434
8001060041820
5012334005434
5000328015552
8886467035289
8710908559235
6941976203498
5011166069614
8000300412413
5000328015675
5060274860095
5056025455610
5000237139004
8711327371590
5050360007176
5060129813993
5059944006581
7622100615446
7622100615569
5056138201869
5059944007458
72417196874
5037808000876
5055116594733
5012035971588
5020379169967
5032678011014
5022313000527
3800200452114
5010511480371
5060082945137
3284230006415
5059697999376
5060082945236
5056025456570
5056518805007
6970925916424
4015400731597
4015400738565
4015400259275
5020133138529
5028953007247
5028953017413
8002210133150
5060129885211
5060215331431
5000326010030
5019312089585
8593893786073
8445290227836
5059697998867
5711953159879
5059944003641
5061100761760
8018190036213
5014721154770
5000157145178
5059944004396
5000143963038
5017764128104
5000393174420
5059944005027
4025500277253
5000168034928
5099873016572
5015282124738
5056175978663
5000116123902
5056175978687
5060113918468
3141725005813
8445290464576
5059944007410
24000080947
5029788159262
5025509160661
5410531546659
3574661642864
5029788196045
5060129813979
8710908658075
8901037011873
5711953149733
5011289001935
5033747005101
5056617540328
8693323162122
5060926943145
5060926943176
5019312089608
8710447260548
3254474026050
7640110706848
5029788203385
8445290459992
5023139266104
5010228006383
5099872018171
5013668435591
5050360002560
5000177498247
5056192407405
5410316967983
5033747002308
8445290551863
6975207753391
5031390117080
5031390116861
7613287184238
5032608070654
4008400524023
5060896624112
7613287211033
8018190036817
5011157993645
682430611737
5000101511875
850003560441
850003560458
850003560410
8445290504401
5060722490232
8986850046
5060072652021
5010438019845
5000112662061
8711327575011
8717163651728
5060508970132
5060508970392
5410531547939
7622201681333
7622201681272
7622201680855
7622201680916
7622201681487
7622201681302
7622201693480
5000232878298
5026309551239
7613287211538
3574661694160
3574661694139
5000158100527
5000158101364
5059944008714
5020379173438
5033747000700
5025547003432
5039303005004
5000354922947
5056103407944
5053307061545
4005808130610
7622201495336
5449000085832
5449000262905
5014379022506
5060811381489
5020379171588
5010102244832
5025509160630
5060949052664
5050854959257
5011594010707
5011417577011
5052197045451
5052197036459
5052197045215
5011417585115
8720181192043
8717163640944
8717163640937
8717163640920
8717163683323
8717163762080
8001090364159
8718951253889
8710447497302
5059944007793
8718951505650
8718951226234
8710447244647
8720181197192
8720181197178
8720181197161
5033747002704
8718114724430
80177173
5000111041843
5060949052589
5013804000508
5020379169219
5060949052824
5060949052657
5060949052800
5053307062122
8445290477279
8710847900761
5060778850516
5000232029638
5056025456587
6941976203481
5013668435324
5020133133968
5020379165273
5449000262943
7622201491352
5010153872206
5056338397218
9414416106262
7622201731526
8000500264706
5057545829691
5057545879481
5056175972760
5056175972654
5059944008691
5000208079933
810116120765
5013919005849
5000116124626
5060104861612
5025509160647
5000111047814
5022313000503
5021956001175
5059944009858
5050028164029
4060800309549
5449000106889
8715700423951
5998001792190
8006540044537
6970925917049
8410128670603
8001060041813
5010034011519
3838952020770
5037808008476
8718951476165
5020133131308
5059944009834
5000393167330
5000237202890
5059697999581
4005900111449
5011727161016
5056338305176
5011397040451
5000267125633
813497005003
3304020004787
813497004303
813497007021
5010084906926
5032608070647
5059944008394
5059944008196
5059944009711
5449000009524
3838952004909
5060949052541
3800200451773
5026215288588
4010198030648
5055713301192
5050360001709
5059697999604
8000500369661
5020379173353
5011417564950
5900259107350
5055958705977
5055958706073
5410531546536
5997523329037
5997523329013
5059944008233
5000237202852
5053307061552
5055958705502
5056192407160
5033747001608
8445290476173
8445290478986
5000159539388
5000213027028
5000221602552
5060054134132
5060054134323
5000382116226
5000221608400
5000221608417
5000221608332
5000221607502
8445290734938
7615400720248
5449000107077
5052909649793
5000157150080
3800020453964
5059944009070
5010102244368
8412765875632
5060949052626
5059944009117
5059944010212
6146514068717
6942836724047
5059944009094
5060778850493
5020379170543
5059697999567
5011335004897
5011335004927
5011335004903
5410531546758
7622201714796
5025820006686
7311100318005
5017840008672
5019312089561
5059697999789
5036034406186
5037808001019
5037808000906
8006540730195
7622201733421
8711327574991
5059944002316
8410076801197
5059944009698
793072223438
31200020321
5059944007854
5000168013671
8445290629654
8445290465245
5020379169479
5037808000890
5059944006475
5059944005287
5020379174459
5031390117110
5031390117226
8445290721259
5000289935975
5037808000937
5013919001124
5017764003210
5010035000383
70177116910
5019312089554
5026309551277
5057624874208
5026309551260
5059944009971
5000232878410
5031390116984
5020379173377
5037808000920
5011335004880
3415583000922
5059944008790
8410722551803
5000205050188
8720181109812
7610900299072
5000354931055
5025820006563
8000500381960
38200000117
5029788195345
5059944007717
5035766185192
5410531547878
5410531546772
3415583001929
5059944009995
8594403708523
6937643594624
5059944008493
7613287849809
5021692001347
5031390116953
5060184080361
5060066941728
5010228005409
5059944009896
5010102244979
5060129810251
5033747001202
5059944009957
5000157150745
5000237139875
5201360565306
5010605295935
5056103407937
5018970094511
5000237202517
5000237202531
5050360015225
5059944009513
90373368
8718117611928
5900259118844
8006540387580
5060895748062
5000101510434
5028763014589
5010035000369
5020379163514
5059944008455
5032678010970
5056175974320
5020379171991
3800205877691
5391527000594
8000270707915
5010485231184
8000270707885
5060620530009
5060326871291
7622201383404
80899822
5050565492029
5056357909850
5020379174510
5059944007830
210449141
8445290464590
5060045585073
8410028000807
8715151129792
5021827110746
8001305400009
5020379174435
5391527000716
5010485231658
5010485231627
8593893786417
5000227000994
3664346339599
8000270707892
8000500365618
5055200360824
5028748105400
5017534918546
72417180941
5900699106302
5060066942916
5011727163010
4015400763192
5015302724955
5410976080428
5410316967150
8711327589599
5000116102792
8710908799181
5060082945472
627040411957
5000237139912
7615400787722
5060949053227
5060949053326
5060705220504
8445290720863
5051420
5020379170888
6970925916370
5016873021917
5037809010942
5010238022199
757528008796
8714100641002
5056103407814
5059944009490
5021827110708
5011566030054
8445290476142
5060947540408
6975207753230
5059944010236
5997523329051
5025820006594
5033747002605
5000328020068
5000328020112
5000328019406
5000246728589
5000246728596
5060393476368
5059944010090
5059944010113
5060949052770
5060949052558
5056357908778
5056357903872
7622201725815
6923456805811
5059944008813
5059944008875
5032678010932
632793218494
5012427640405
5020379174664
5031390117035
5010485231306
5059944002217
5053307061538
6941976203504
5012035957025
5055281001906
5059944010151
80928102
8004260001052
5060336506046
5059321004070
5010153872190
5034934468693
5059697998201
5059944005379
5904310231855
6937643594600
5033747004104
5017764128128
8001090719577
5010035069274
5011707912874
5059944010199
5037809011017
38200000070
8710908400414
5060949052725
5010238016754
5060555952587
5060391628929
5037808001026
5037808000951
5010511480395
5011555042709
8001090719683
8002371007420
6975207750918
5391527000587
5059944007731
5054073087968
5054073087944
700315549156
5059944010175
5037808008773
5014749140144
5060082945229
74612005012
6942836724108
5010034011472
7622201729325
5410126726947
5060949052572
5033747001400
5000237202715
3280720
5060113918475
5410316968102
5711953118463
6941976203306
5056036508459
4710068003153
5059944011660
8593893787988
7702018852444
5059944010250
4015400755579
5060949053364
4251097417097
6970925912372
3329770062511
8410087414379
5000116127641
4060800309440
5011397000974
7622201383428
5059944009131
8003899182040
5060425287047
5059001013989
5054073087982
3340090276
5016860008259
5022313000497
5011166068112
5014379004519
5031390117189
7622202006753
5011566018137
5059944010137
7622201726386
5059944008851
3760049798135
5060949053241
6941976203320
5014379004809
31200020314
5060305193017
4710068003146
5000157150097
5000237139974
5056025453326
5060082931949
5060253460667
5000205049786
7622201726423
5055713315182
5032678010895
5000347063282
5060949052787
5059697998966
5012128320323
3800020493274
5036034406407
5060896628301
5998001792183
5059944008332
5010134921213
5711953149610
5060949052732
8711327582408
5059944007915
5060722490973
5056103407579
5000232027962
5012144002333
7622202006661
5449000180704
4002391949209
5055958705380
5012686001214
5010718314417
5013919006730
3256931113815
8410024711127
818844023761
5059944008837
5028181050015
7613038484938
3574661186962
5056569900607
5034933793598
7610211031408
5000394127326
5000328018775
5060045050519
8008440249135
41500011639
8720181104190
5013919006723
3254474026029
5012145000277
4792192847247
5012145014465
5055713315229
5013635482252
5013635484201
5031390116915
5999571051014
5060949052596
5060949052763
5035766064510
5000116127368
5010038464519
25054267012066
5059944011400
5352205057378
96201909
5012583204312
5013967012684
5011053025891
5391516877121
4901777284920
4589633900025
5010314303556
6941976203276
6975788620297
5449000039644
5060129816536
5059944007816
5029788195734
5010003064898
90454035
5033747001509
42400236627
5060033083383
5060120680334
4010198030570
5056025471375
5000354919947
5030104005286
5060949052749
5410531546741
5028748007889
5000342000701
7638900426601
6972085351114
5011417562505
5037808000845
5000177498872
5059944009674
5016873016654
5010496005521
5010327505138
5026230000608
59491009009
5000328228082
5000328698588
7622201383558
5010485840201
5013726630999
5011397040338
5037448507728
5000342000688
5000237126806
6972085351213
5000237126820
38200000162
5032759024780
5056175972012
5020379174947
5060949052756
5000237129777
5000237202579
3760049797749
9300727030511
8003440923573
5060949053449
5056357910498
3263280124720
5059944007779
5020379174497
5035766051121
5099556015311
5010511481064
3263280124706
5010038470374
5000354921506
8711327583023
5011295046944
5059944009933
5017840008566
5017840008597
5053990167029
5059944004464
8001841217482
5000382116202
5059944010076
5000354923340
5070000740126
5070000740119
7622201735562
5056036504260
5013668435454
5017764003005
8711327539303
8000270707908
7622201796556
5908310286068
8000020016854
5059944008417
5060215335118
8720181197758
5060065301776
4603928005469
5013919005856
5013665112372
3178530412697
3178530419375
8711327580244
757528005047
5059944011707
5000205049809
4060800309983
96075432
5060500671549
5059944010274
9811040970243
5000382115212
8445290547552
5029730004039
8006540758816
8001090781888
8001090909886
8006540547625
8700216046237
8720181334955
4060800310057
7622201143718
4000349860002
5000328018652
90448744
5099556024245
5029788195444
5060425289416
5059944009254
5000205049755
5000205049830
9002490260149
9002490260156
8005415057979
5022374054569
5022374054583
5010822991320
8002210133488
5011417555767
5055958704987
4060800309952
4060800309839
5056192406125
5056192409683
5449000035295
8712000057305
5010549016122
5060152093744
5060152096523
5010262703477
5059944009759
5059944009773
5000116126996
42429135
5037809011024
5010511481125
5011309058314
5020379174640
8711000545393
5012427652002
6972085350117
3254474026111
574550424055
5020379174053
5020379135528
8715600244489
5055281001920
5022235010369
5030481950056
5449000209221
70462001051
8410128670733
4062400156400
8003625003632
716053273178
8413178273961
6937643594617
5055566908760
5000112504873
3574661257044
5059944008257
5017764002923
8720181334917
9417574000113
5056051802846
7312040323043
5059697998935
8003625023883
5000328018911
5000328018973
5010035066556
6972085351497
5060461265658
5059944008899
8000500363539
8000500363492
5000237202555
47752320
5032608586292
5010134921497
5010663815397
5391527000761
5059944008295
5031390117127
38200000063
3254474024629
5000281071497
5391527000754
5037808008827
7393714896131
5032608086297
4005900495211
5012454063918
5000143975321
632793218470
5059944009056
4820207071742
5026309551215
5050565121684
5000101189333
5000101508011
5000157150103
5059944007755
5011566030085
5010478178458
5020379169417
8711327590311
5000237124758
5022458017794
8720211195563
5031390116854
5000101500183
5060705220559
8001090782045
8001090782113
8001090782038
8700216041331
8001090782120
5000394111967
5000394135932
8711000519202
7613287005700
7613036077538
5059001001344
8720181192067
8720181208393
5059944010960
5099223070988
5020379174473
5059944010359
191822002355
5000362000255
5010663817490
8008440549136
7702018851294
5020379174558
5037808000821
5020379174534
8720182373755
5011309672619
5902160772504
5016346519644
5060065304470
5032678012462
5010038489604
5060082930409
5059944007939
8720211190285
6973322694728
5059944010946
3068320130040
3065890151529
8006540938577
8018190032666
5010478680142
5010438020964
8001110381043
8008440149152
5032227444614
8682224000855
5013655214420
8690997016812
8690997016805
8690997091710
6939342801157
757528028268
8720181334849
5060184080521
5059944011424
5021684035053
8720181334832
5035766185246
5410531546673
5010035066549
5027785808848
5010467004904
5026309551291
5026309551314
5010511481118
5010153872466
5026309551307
5000159538954
5059944008011
5012128501654
5000237124673
5059944012438
5059944011240
8410128789107
8435124856301
5056103407609
5031396064067
8006540185490
5010029228342
5060065304456
5031390117486
8018190036862
6901605632990
6901605632983
8002371007697
5000237129753
5059944012254
8723400795803
814556016442
5059944007953
5016451558422
834554008379
5010038453964
5059944011264
5000354922992
5000281047782
71475740012
5059944011905
8720182373731
5060442892361
5032608001375
5037808000982
5060628820621
13409918104
5012144441101
5059944011363
7622201693954
5020379170802
31200020345
5060081115500
5013655008548
5060016803076
6975770417300
5011335005221
7622201388959
5059944009278
5022374054620
5022374054668
5010438020650
5060152096547
5060152097162
5060317322962
5060317322979
5059944011684
5060949052633
4060800309112
5060949052695
5038862230506
5410438045590
5060081116064
5036644004314
5000168035659
6413300018028
6413300019421
4251097405391
5000342000398
5000342000428
5057624422997
5019312094428
5059944008929
5059944008943
5059944009179
5059944009193
7615400832866
7615400832927
5026109006540
5026109006557
5024993862280
5060317322986
5060317322993
5059944011721
5059944012230
5059944012278
5900259128898
5059944010908
88076188198
894108001362
5055566908586
5060465390028
5900259128409
5011335005245
5059944010847
5059944010885
5024951007180
5200701003200
5056175960279
5011397002121
5011397040406
5050375087323
5059001012579
5010218004818
5011417565421
5059944010922
5010003053793
762571500241
5060949053616
5059944008370
5000168041148
7622201388973
5000393166081
5011335005368
5000393167422
762571500012
5020379174374
5059944012292
5060926500263
8001090920362
5000185113866
752046153546
5000325031043
5053307062054
8051708001136
5032678012486
5032678012363
8934680033428
5011335005344
5011335005306
5060181370250
5020379174398
5013912907409
1154753
5060065304432
5025820000738
5056103407753
5000168041216
5000177499152
762571500098
762571500128
8412766033062
5060327910241
5000291025510
5060327910289
5013967016613
5021932023566
5039362200020
5056518804383
5016143006644
762571500265
5010338400484
834554009352
5000221608189
5032678012387
5031390117103
5031390117196
5060147115659
8723400826781
8681161446887
50761203
5031532023613
8711327575004
5059944008271
8934680033442
5059944012599
5012389673152
4009900545983
5059944011998
7613037251678
5012144441200
716165179481
5059320000424
5059944012810
5000382113836
5059944011882
762571500081
7622201796402
5032608686299
9417574000144
8718858612864
5010003052949
5059944004440
5060616770150
5013922050737
5012128597220
5060722491468
5060722490843
5000299618721
5059944010984
5010338301491
5900259130686
5059944011349
5900259130693
5059944009032
5000116128426
5059944009612
7630486402970
5900259127778
4000177028308
5059944011288
5029788191941
5056175960484
5059944007359
5054563038258
5059944012711
762571500197
5000354923319
5032535001158
8801043150620
5059944012834
5059944010472
5059944012490
5059944010052
8850389113486
5059944008516
5050360002386
7622210078100
5038104642418
5059944012872
4005808663798
5059944011325
5056175974337
5059944011028
3263280124713
8412765754432
8412765694745
6920354826191
5059944012513
5059944011080
5059944012735
5060281650368
5037809010997
54881008945
8901808007630
5059944008431
5059944011844
5059944010496
8445290476630
8714786301092
4000177029114
5000168115344
5900259130723
5000157147578
5060147116182
5900259130679
5900259130716
5059944012759
81434315304
4100290077617
4100290080389
5022313000701
5022313000718
813636021703
813636023189
5060735732879
5060055251548
5060055251883
4001724039112
5010478587120
5060895747164
5059944008967
5059944008981
5059944011165
5059944011189
5059944012452
5059944012476
5059944011301
5059944013176
5059944013190
5059944011042
5059944001722
5021202549970
5000393182838
5000393182869
5060628820652
5021202549963
5050565416735
5055566964810
5060926500782
5060082945106
5010218004252
8013108002526
5059944011868
5059944012537
5025820006280
5011157996776
5060949053586
5060066942978
8006540973462
5059944013213
8008530054274
8009620828126
3057640273438
5010478299115
5000394160712
5059944012797
5059944013039
8711600375383
5029788203798
5051357714404
5020379175609
5031390117134
5059944007373
5059944005539
5024951007104
5000116125401
8445290657060
5060460300114
5059944010861
5060181370205
5013919006075
5059944012650
6941976203313
5059944007397
8051708004953
5059944012551
5060082945212
5010134921565
5031390117165
5059944012070
757528048075
6972085352463
5060648120817
5060648121227
5056175992034
5000221608172
5059944011974
5020580032739
5029788166758
7613039802830
5059944006215
5000111047821
3918339183
3918439184
5020379141970
5020379175104
5060082945199
7702018619696
5035766050773
5020379172097
5010153871698
45000382114246
5060705220603
70462011326
5055256532411
5060926500805
224593
224621
5060066940
7340001804546
4009900546010
8445290721044
8720181336034
5000116128174
5900259122865
5011417583203
72417200823
5059944011004
5020379176071
5059944013251
5000232878618
5010038489659
3923939239
5020379176392
3924039240
3924239242
3924339243
3924439244
3924539245
3924639246
3924739247
3924839248
3924939249
3925039250
3925139251
3925239252
3925339253
5029788188729
5054563042118
70462002027
3925439254
3925539255
3925639256
3925739257
3925839258
3925939259
3926039260
3926139261
3926239262
3926339263
3926439264
3926539265
3926639266
3926739267
3926839268
3926939269
3927039270
3927139271
3927239272
3927339273
5900259128683
5059944012636
3927439274
3927739277
3927839278
3927939279
3928039280
5011335005382
5059944009919
8723400826767
3928639286
3928739287
3928839288
3928939289
3929039290
399139291
3929239292
3929339293
3929439294
3929539295
3929739297
3929839298
3929939299
3930039300
3930139301
3930239302
3930339303
3930439304
3930539305
3930639306
3930739307
3930839308
3930939309
3931039310
5056357909515
7322542100219
5020379176439
5059944012575
9504197746457
9504352625535
5059944012971
5016061893333
4710578373166
5060129816062
5017810110206
3024480017263
8801073140622
5056709800804
5056709800774
5059944011387
3024480010233
5010605240133
4770107252966
5056086500021
5000354921193
5037241269724
850040427080
5055566965497
4017100902468
5000143947021
5000143944419
5000143913514
5060147115765
8423915011107
5060947545694
5059944012193
8003440923597
8723400797760
5000237203071
5000168036441
5000168040875
8719200255319
5060055252132
5060055252293
5053307065369
4017100284618
5059944009001
5059944009216
5059944011202
5059944011226
5000159551915
5010034013810
5059944012674
5059944012698
5059944013237
5059944013275
3502110007186
5000382120605
5000382120650
5059944012995
908301477234609
8711000279380
5060592009664
5020042001266
5020379172417
5059944012933
5038483234198
850003560700
5034934491851
5059944007977
5011166080435
8723400797968
5020379176415
5012389673473
9501535827373
5900259127600
5012035985288
8001480700482
5000205049854
5010134922128
5020379176156
5000159553308
7622201734848
7622201734862
5000159550055
5000159550512
5023751000261
96182529
8710447249055
5098715005835
5319991194090
5319991194175
5319991194250
8719964045539
4008577088342
5059944011608
8719964045508
5012583205906
4014400925319
5020379175401
96179796
5000158106482
5010236102121
5060367181311
5000237139448
5060464668845
5000382100546
5000382100560
5059944007892
4002359014710
54009684
5037808008964
7322542072417
5012035971830
5900259128980
5056357909409
5059944010014
5410531546680
5410228313861
5055940101237
42183648
42215431
42184508
42184492
42215448
8700216026550
5000157142818
7622300315269
5059944013312
5059944007991
5037808011216
80042556
6970925916400
3838952020817
3838952008235
5059944012957
96187043
5059944013091
5059944013138
8412957501516
5038862236881
7393714896810
7393714896803
8410076801470
5059944013299
8003340806600
8003340806617
6009694631037
4000417652805
5037808000838
5059944008554
5060065304388
5901359144030
5056138201821
5010238019328
5027324001235
5059944012773
5059944012858
4025500283346
9506847577589
9501514248748
5000232825827
5056036508398
5056036508435
5060391628868
5059944011561
5050933354027
6975460110290
7622100615262
7622100615415
5010134922111
5000232825032
5056357914922
5000382130802
8595723300770
7622100615538
5010485231245
5056267003297
8445290044877
7622201734039
5000328022550
5000328022673
8004260269261
7394376620720
5060136253515
5060136253911
5740900404465
5019312094459
5019312094466
5060088700082
5060088700105
5000237139295
8008440112026
5010153872428
5000246728718
5000159551694
5059944013893
5059944013916
8711327576957
5000112664225
5000169207482
7622210575470
5065012314083
191822005882
3500610163005
5000112693669
4062139009299
8001060041844
8001060041837
5010034011649
5020580024574
733553671266
5020580198336
5020580198411
8008440546012
8006540899038
5059944013053
8008440346001
5010605296291
5017403268451
5020379176453
9506363995591
8718117611942
5025820000745
5059944011448
191822006780
5059944011462
8715035270305
5000112664249
5941000025615
8000300425055
5025509160258
5027324003277
6941976231910
6941976231873
6941976231699
8445290357700
8593893789203
5000112651324
5025509171216
5900951297199
5010034013797
5010034011595
5000354924415
5941000025691
5012008722001
5038104493744
6941976265052
5060250611604
5060250611611
5059944013077
5059944012896
5059944008592
5059944008578
8445290439642
5033298000013
5050022043009
5000177498896
8410525261152
8445290644824
5060201181842
5059944011585
6941976265021
5012607008780
5036200349828
8901810000445
5000143949537
8000500359815
5000143948080
5000387909304
0085000022443
5000185105083
5020042001501
7004785115242
5000185115242
5051873005253
5016652590092
5016652590061
5016652590078
5050028164043
8018426010239
5391527000600
5010153872435
5000168188485
5012035985554
5030481950162
5056175960514
3800020453452
5060095122211
5060476290737
5060476290744
5410228145226
628235190039
5070000270159
4060800310170
3700209600106
8412600028636
5030481951091
5000205049861
8710908178399
4014400935165
5059944009650
4580352290121
5000382113508
757528044657
7622210369543
5019312089615
4009900546324
628235190091
5032678012400
8850163000131
5012607008544
5030481800221
8001090910004
8006540094815
8001090850805
5060947546028
5035766049418
6941976231705
5410531546611
5065008685081
5065008685098
5065008685074
1206201
5060465390004
8855790002350
8855790002367
3076820026367
757528048532
5063249298787
9501871431784
5031390117097
5032678012448
8594403707618
5010038485880
5000226000445
5060947544369
5011673400658
5060947544390
5711953149641
5036589255659
5010038485873
3045320518283
5060081116101
8720181372254
5391532123950
5391532123974
5010478014510
5010478031791
5038512001111
5000168000190
5000168000213
5011166080091
5059944013930
5059944013954
5031390117257
8723400799894
3068320130026
5020379178365
762571500029
5410228312307
5059697996177
4084500838970
5059001014924
5020941666733
8006540378281
8001090012739
5037241259275
5000328024707
5010238016716
8436575298672
628235193405
5050565696984
5050565492043
5050565397614
5025572051897
5025572035415
5025572051569
5050565492012
5050565476999
5050565614186
5050565397638
5050565668899
5025572990394
5050565315014
5050565629326
5050565698896
850035248041
850035248034
5900259133311
5010238022137
4053400206806
4053400288833
4053400268545
40534695
8700216026482
6941976231729
5056192411068
5000157150929
5013922051161
4002359019289
4015600499952
5000382113973
5020379178426
5020379176958
5037809011277
5037808011247
5410853048480
5056175973286
5024418430599
5056192410979
5020379176170
5056192411006
5410531546604
5033298013174
5060782900429
8710447493960
6941976231774
8429583019896
7702018469543
5012035985615
6941976231675
5056192411037
5012035985509
7622201730437
7622201730451
5059944013336
5059944009353
3086125002805
085000004210
5200701003330
8710447337295
5051175738330
5059001011480
7615400844098
7702018015009
5014721154794
5032227449107
8684278582011
5031390117363
5010029228366
6942836724399
5900259131010
5059944013817
5012008723008
5020379179171
5059944013114
8720181336096
85316852918
6941976231804
5065011265591
4008429162794
5012128547713
5602007986223
5000328328645
5000157150899
5000328328812
5050565549723
5020379172110
5021827100952
5059944012131
5020379177030
5410531546789
5029788206362
8719200264359
5031390117288
8001090719560
5010038490044
5013922056449
8000500394106
5000354924743
5025820007027
628235190077
8593893788367
5060743590140
5941000025608
8801073211223
6941976231859
6970684724421
628235190015
5060751994695
5032678013384
5000159553971
5013919001018
5065014663363
5060760301293
5060760301309
4017100140006
5020379176354
8445290758194
7322542102657
5059944012117
5057753327149
5057753564797
5035766051602
5000237203606
8445290637437
7622201512590
5000205049793
5060947549043
7393714897954
5014379026832
5056025476110
5410316959322
5000221608059
5000382116103
5059944013978
5059944013992
71817000293
850035248010
5056267002054
5060705220658
5020379175388
5000382100683
5056709012559
5059944009438
7393714896827
5011417571149
5059944014258
5056709012573
5059944014470
5056357905869
5052197045062
5011417575321
5011417575314
5031413936896
5010478051140
7622201729530
7610400096607
5410976235019
7622201726065
7622201798956
3664346330305
5065014663387
8003899182002
9509256171140
5056103407722
5013635606603
4000417694218
4000177028988
5021185402989
5013922012254
7622210369444
8710908177071
8423915012357
50398676
5060751994763
5901356071315
5060254750101
5060751994749
8001841971490
4002359019265
5000342001043
8720181286902
5060066943579
5026309551383
8719964045560
9501624133446
5059001012685
5025820006327
8445290860576
8693323162139
5020379176033
5060066943593
5059001011466
6941976231903
8801073211643
8801073210363
8801073215863
5000168041186
5012213543057
757528048112
757528046576
757528049775
757528023843
8901314507327
5020379177016
8410076460875
5011335005269
5035766051619
5059944011547
5065013564012
5000205049847
810538
5000226000186
5011335005320
5065013564029
5060751994671
5059944014159
5063249298824
5099823011572
5000168033259
5020379178402
4002911811917
7622100615590
8718951288881
5010003062092
5060760301330
8445290552150
5410531546734
5000382120421
628235190107
5059944013510
5060760301071
5060760301064
5060760301101
5060760301323
5900259127754
5000116127962
5030481950179
5059944014555
5060949055849
7622201693688
5010035067409
7622201723491
5000168041469
5098715005699
8445290616968
80310334
8000500408377
5065014663431
5050933195439
5059944014197
4030300573016
5025509171568
5029788190791
4041640416
5011335005405
7702018584307
7702018486847
5063249298862
5410531546703
5410531546765
5410531547892
5031390117295
5056175973446
5010035070034
5031390117424
4025500287344
5099556025679
4018077005497
5010238021765
5020379176378
5449000135148
5036589255758
5029053006857
5000237138465
3029440007827
5060136255434
5059944007120
5025547003999
5025547004194
8445290044822
5010478072084
5449000086877
5019312081824
5019312081831
8006540938553
5000382114789
5024993732361
5059944014012
5060164426530
9506161154190
5000116128372
5020133131551
5000157146342
8002889001019
5059944014036
7622300498429
7622201729295
8711000683613
5011013936526
5063249298725
5060250343727
5060250343789
5056569900584
8412765606373
5000226000209
5010134922159
7622100601814
4000177029800
5014379021417
7622201722999
5060751994657
8711327615922
8051708009620
5016765102144
5016765102670
5016765102540
5060050986650
5903983401824
5059944014210
5061026730260
5061026730147
5061026730109
50166039
5900699107651
5061026730185
5026309551390
5020379178488
5060874141105
5060464663765
5010296002171
5059944014050
5059944014135
5060949055429
3296180005394
5010134922166
5010134922241
5059944014333
5060949055368
5060042641420
6941976297909
4000417629616
5060733490443
5014733002373
3415582822129
5020379176118
4025500287382
5011335005283
5063249298947
5059944013558
5099823012135
5060050986674
5023668692498
5024951002024
5063249298688
5059944008035
5059944012094
5056499911933
5025509171414
9002287000750
5026309551376
5012213342957
5020628003646
5025509160449
5025509171438
12000803871
5059944007878
5020379178464
5026309551208
5056357909423
8720181072833
5057753935719
5000227001397
4000417101228
5025509171391
5025509171421
5014379023176
8006540588505
5025509171445
5020379175463
5020785233467
5020785233528
5025509170318
5060249494669
5020785233481
5060082952753
5025509171384
8715144008066
8715144008479
5034934699837
5034934699851
5059944013572
5059944014517
5060760301415
5056357907269
5012213275637
5020785233450
8700216004589
5055566932949
615357243323
5060360506128
5034934555782
5034934699899
5030481985119
5061026730345
5055257805361
5011417575291
5011166068518
5034709001414
5060782904663
5027785813651
3415581117929
5037808011056
5031390117394
5903292000725
5021797012637
5059944003580
5410853048497
5055116594986
96092927
5061026730246
5014379012972
5059944013350
5059944008059
5026619390351
5022822172166
5037808008704
5061026730222
4792192847261
5012427676602
5904121862767
8412766011855
8412765939341
5059944003566
5059944008530
5776879010215
3254474027132
8888101430337
5059944013497
5010026517661
5903292000879
5000328016580
5000328016559
5034525000967
4002359018930
8412766019363
5020379176057
5410853030928
5056175973392
5035766062783
4008577060416
5000328019949
5000328020037
7622210817297
5060469987309
5060469987378
4025500284688
5010228006895
5060292302201
5056053308643
5056053308667
3415581520927
5013967020559
5060811384466
5000112702392
5000112702385
http://pepsico.info/490thw
5054267012417
5054267012509
5020379176330
5000281070742
8719200264007
8719200264328
8719200269828
8719200269934
5010485231566
5010485231597
5010485231368
8720182513960
8720182514134
5070000104003
5011417566176
5020411113828
5020379178747
5020379178761
7322542267585
5013967020535
5059944013534
6975788626329
4017100903274
7622202008740
5025547004163
3219820008326
5060760301316
8445290431622
5032608070722
5000354922589
850035248027
5056357913208
5061021920154
5059944014418
5059944014395
5037808000883
5052197045277
7622210717238
5059944006574
52600751233
52600751219
5060298573902
8013108000331
8013108699368
5013665116233
5031390117073
7702018468034
5063249298886
5056192411938
5056192409157
5056192411952
5059944013770
5059944013695
5063249299128
5025509170226
5711953149672
5063249298848
6975788626206
5000116128396
5032608070609
7622201426415
5032608070661
8412765939327
8412766014894
7622202018701
5012128596032
6975788626183
8410128789046
8431618031209
5056617562672
8718951291010
8594008047676
5063249298961
5000393184290
5000393184283
5020133137409
5020133135375
5020133133128
7615400791217
7615400791170
6937643569042
5059001015778
96032435
6937643569448
6937643568830
6937643568069
5063249298923
4009900546546
5059944014111
5063249299333
5063249299371
5027733000676
5063249299005
5029788207079
5059944014296
5000116127740
8720608036752
5900259128966
3574660518948
8723400827887
5025509004491
80136194
5053307067783
7622202032998
7622202013522
7622202008696
5016451334293
5016451593850
9421901669713
5010084703297
5201054017036
5201054024515
5059944007069
5059944007083
5060072994800
7622210724687
90448768
5014379026252
5060558350601
5035230000235
5035230000242
5020379178785
5410228316565
5410228316619
5020379178242
5020379178266
5000112674910
5014201701630
4000177030769
5201054024546
4025500287443
5010266428017
5010305061373
5010305061175
6937643568038
6937643568656
6937643568076
6937643568908
6937643568892
3574661705248
5020379175142
5020628003707
7622202051913
5410228272472
5020379177962
5063249298749
8445290941619
5030481985461
5020379173414
5056617562689
5059944010625
5000237204184
5000394122550
4009900546522
5010052114292
8005110551215
12000800191
3574660325492
5060066943838
8691484801171
842595115970
5018156005522
5018156005485
5059944013794
5053307067806
5026309551246
5032608070616
5026309551222
5060464668524
5902431565125
5056518804963
5410316966726
5025547004606
5010438022043
5025547004309
5025547004316
32134210420
5011157996790
5060129816611
8051708009545
5059944011646
5059944013879
5000112664010
64829913
5449000080806
5063249299357
8410076801487
5020379179737
5056267002375
2016457973321
5056357913284
5000159553858
5056740200090
850040427561
5010791881035
5054563111579
9002490271169
5057753923655
5060066942527
5020379177986
5024951002048
8051708006599
7622201730475
5098715004852
5059944014692
5010338103767
4025500287405
5059944014432
5013919002183
5063249299319
5053249239101
8006540458563
5031390117448
5059944010786
5053249255989
5000168201115
1210002200004
8719964036018
5000116127719
8710502260025
5059944014777
5020379179751
5060072652366
7622202396175
5060104867126
5019312089646
5063249298800
7622202030550
5000393182654
5013478137715
5053249240688
5056175905904
5056103407142
5027738010809
5410316960151
5020379175128
5063249298909
5059944014272
9311822092540
5029788196359
8711327536982
810116123704
5000393167392
8002594000048
4005808856695
5410853051657
5060072652373
5063249299296
5033747054604
5010044002347
819458
8412765961533
5017764004040
8000500247167
5000185113002
5053249243931
5000185113019
5037787000645
5056357912706
5050028163909
5449000307583
5056357912683
5056357912539
5056357999707
5439697996351
5031390117370
5016504000779
5000159552004
5019312089622
5060318662470
8717847067142
8003340806532
5000347007309
5031390117219
5010123730642
9800003624
3574661433790
5011309036015
5099556025532
5059944013596
5012145000628
8445290518910
5029788195482
7322542027752
5410438045910
7622201460853
8801073113947
8445290044891
5060751994756
5010115802364
5059944010762
8720181072857
8719189419108
89008492
89008485
5053307067868
5013922061672
8901071701938
8901071701945
8901071704335
8901071701952
5033747054505
5056079900272
7322542268988
5010153872305
5025820007324
8445290934864
8003938009017
8003938009574
8720182780829
5014379025057
5034124007626
5034124007664
5000237204146
7427116482095
5060953335173
5060953335388
5020379179775
5020379179799
7340001800470
5016325851475
3291810193656
3291810273341
5000342000459
5060154692303
5022977009232
8002210134287
5060139430364
5060139430647
5000354924637
3500610134623
5024993862303
5014201701715
5020379179102
7312040350209
8051708009729
49000550849
5000289933445
5016061910832
5026309551253
90426278
90426223
8700216213028
8700216212953
5060078181181
5900649084391
4012927164228
5060608748075
5900649084339
5060335634153
5000157143037
5060778070099
7622100601791
4792192847285
5029376609988
5015862570221
5410531546635
5098715005873
5059944010649
5035766064954
5025547004521
5000116128198
5025547004507
5055281001869
5060082945205
5010478319899
5013919005344
5059944012018
5059944013732
5012128598036
7613287811202
7613287811448
8690632532899
7613287811622
96189269
5031390117431
8412765995385
8412765869433
5010134919227
5056709013167
5056617537625
5035139219196
5031390117509
4012927164464
5060151090911
5059944010809
5000342000275
5011417567500
8445290998767
7622201681241
5000159554992
3664346343367
5059944005089
7622201461201
1007268
6937643568977
5013922051116
5012145015295
8002210134430
5000342000244
5063249299272
5010478700246
5012427660502
5011597092595
5060267761941
5020379176996
5059944014753
5020379179874
5000159551670
9800007448
5038539900060
5011187122176
5410126017007
5060267762191
5000328022611
5059944008752
5020580198923
8711327622869
5000205047904
8720618181749
4007415018640
5059944014319
5059944014456
5056103408071
8714789844282
5011187122275
5099823013231
5000159555302
8445290934468
4028491401515
5033747004401
6975788626190
5060184080859
5013919005610
3014260319519
5059944008738
5060040119501
84197399
5000157140470
5000157140562
5098715005941
5057624853449
5054267013292
3014260796914
5059944014371
7622202010828
6937643567987
5036034406469
5000326010832
5060129816581
5410531546567
5056617537816
5050360001365
5060129816079
4028491401508
8051708010879
5059362535779
5059362535793
5059362535748
5059362535755
5059362446013
5059362446075
5059362535762
5059362446105
7622201394196
8051708006612
8001841032504
5031390117462
5900259130785
8718951412057
5059944009452
5063249299630
7622100806332
5021827109542
5000159562881
5056617537717
5014379026641
5020628003851
5060971860725
3023290037577
5060362071198
5060362071204
8711327623057
34000485208
5060751995364
5060751995371
5061013944656
5016325852298
5449000227553
85000015810
4251097420257
5063249299395
5063249299418
7622201680978
4060800308399
28400017244
8593893789920
8720618181732
5000208001576
120000090123
101000090123
8412765937088
5011013940950
8718951540002
8720181204067
5059944014098
1210002009911
5010478479142
8445290863997
8445290934802
3574661187709
5060006360299
7622201495411
5059944014739
5012023000887
5060151180773
5054267014510
5906747312138
6941976231798
5099823013316
648436101276
5060113919359
7427244274494
5410076926046
4779056910187
1210002009973
5059944013756
5010338301507
5014379023152
5010102340480
5031390117479
5063249298763
59092407
5099823013255
5026469674069
5060409361497
5099823013194
5031390117516
5011597093370
8720182531056
8006540494622
5000232018700
5060778070075
5011309419917
8717847141798
8445291036062
8051708011890
5020354181014
5059944013718
5000237128138
8410261642437
8410261642444
5059697996054
5000116128181
810093450633
8006540952160
3574660418439
5016096127953
5060184081443
5059944014678
5059944010823
5000237131763
1010000901238
101000090123800
5000382126263
1420448047952
5410438047952
5060705220702
5053307067882
5000208001415
5000168002125
5000354920516
5010459290216
8002594001229
5000354925191
5903870006279
5060705220733
5099823013156
5012035986049
5059944014234
5000185115044
5012023000177
5059944010663
7622201389017
5000237131435
5050360015737
5059944014074
5020379170628
3178530424751
5410438046245
8713354050653
5011187122213
5059944008776
5020379170642
5054563100832
5057624879432
5000101512759
4000177036983
5000382126225
3178530424720
5059944011622
5060751995388
5000328025858
5000328025797
8410803000084
5019312082050
5010485220195
5011309418019
5000157140326
96103975
7622202024603
8711327637696
5098715005927
8720181209444
5055566990062
5011597092618
5010394003834
5020379176019
7622202024627
5055566908364
5000168002149
8801073211063
5099823012548
5011417568743
8901810008243
5000116128716
5010314311223
5060409360810
4060800308948
5020379179072
1210002009942
5059319032719
5059319032771
5012035986506
5010153873135
5056025479913
7622201712228
5060005420994
5060005421007
5038794000550
5056138202002
5056138202668
5010003069985
8711327626638
5000208001439
5060088700501
5000159550277
5054267014503
90456831
5449000059727
85000024973
9300727041654
7794450000781
3029440008688
5063249299616
8691484553001
5038483683248
5060267762344
9421025023620
9300727041647
5063249299852
5099823013330
5900699109235
5099823013217
5099823013033
5060081116705
5063249299838
5010052114834
5010071900975
4017100892790
5000328025827
5060628820669
5017400108682
5054563018915
5000393043443
5013668434648
5020379180030
9828854638955
5020379181204
8410076901101
6937080522587
5031396087820
8711327612372
8436031763089
8436031757200
8436031763201
8436031758436
5010305061182
59092483
5000237204207
5059944014715
5060267762443
8051708013832
5070000594729
5900259127730
5000382122357
9828854638931
8714789417066
7622201391676
8437001799688
5010478430822
3608580782063
4009900550307
5060715420093
5060715420116
5099823012708
5012145004800
5000382121763
5060065305392
5059944010748
5011417581599
5023139215201
5011309011418
5000237131787
50166374
5000354924460
5000354924453
4002359019357
5010287471276
4017100902987
8720182756060
7612100808443
6923456789883
5013967020627
5000157140579
5000116128693
5012035986094
5053307068377
5053307067950
42429104
7622210669315
5000157140487
8005221109695
5026109000258
3415582823126
16000122222
5027324003697
6975788620358
6970925912396
5011898007328
8436031757354
5060715420482
8006540868010
5010105001760
5060104862190
5010663818046
5059944013831
5000116128204
7393714895073
7321011986736
6941976265014
7393714898524
8720181200793
4005900804389
5010052115633
5060360507637
5060104862169
5060360507477
5056357905692
5099823012562
5099823012661
5010511481316
4014400935387
12546011440
12546011471
5032678013056
5000157152558
5000157152572
5000157152589
5023751000247
8000320030086
96619702480
41420020285
24354201982
8000500407059
5000101512650
5039303006391
5020379178501
5000159559959
5031390117585
78000037975
5099823013279
5031390117493
4009900549561
4002359019371
5016873013097
5000394135901
5020379180788
5056709013327
7393714896186
5060065305989
5907582650102
5060267760586
8700216004640
8423915012616
7393714898586
5060360507491
8711327609082
5059319032801
5059319031149
8445291117198
5060360507590
5060136251719
5036589255970
8445290886750
5000159551205
5900951313103
5020628003387
5020628003684
5099417010646
5740900404540
4025500278304
8719200269743
4251097419244
5010228005287
615357752603
5449000239662
7393714898654
5035766051947
5060386621058
5060386621065
5010003065307
5000108033196
5011451103863
5011451103948
5017974012491
5010102341609
4060800309792
5060760140120
5060760140182
5014379026603
80686000433
5013967019874
5013967021242
3178530409543
5050360001808
5391527000167
5059944010700
8002594001304
5419980104328
5050360000368
737633193976
8412765675973
8700216332095
8700216341936
5050933248883
5013803801502
5060066942954
5419980104304
5900699107576
737633194027
5011157997254
5010438020735
5060926501208
5012030992212
8445291060098
5013803801601
5410126006377
5060221245104
5060444980820
5900259125880
5000158067172
5061031410133
8006540159446
5059944014630
90456985
5059944014173
5099823013132
5010029230017
8719189419054
5059944010724
5070000594767
8901808007715
5059001017147
8691484557009
8412765700545
8412765869341
8423915010483
5023751000322
5060082934339
5056740200472
5031390117592
7393714896193
8714789276311
5023751000308
5060082934971
3664346343602
8001841489704
5010478091337
810116123544
5059944000817
5053307068384
5056079900470
3415582007021
8720181478321
7622201520441
5011166057031
5000354920509
8711327622678
3073781159950
8004260001984
5000168040097
5056709809753
5056709810025
5060104862183
8412765991875
8412765912207
8001585010103
5000112667509
5056709809845
5056709809890
5056709809791
5020379180801
5010791932010
5012213229142
8006540249444
5056709809432
5056709809296
5056709809388
5056709809562
5056709809333
5037808001002
5037808001033
39045040290
5000237128237
5000328018942
5010605295966
6947593018095
8715700125763
5059697995262
5011061162205
7702018263813
7702018551866
8003440927373
5024993732446
5065008887003
5024993732453
5024993732460
7622201729592
8801073211216
6952581467410
3800020492673
5020379181778
5059319032689
5059319032740
7322542295151
5010038486559
5060253702620
5060253702637
5038862005005
8720181483547
8720181483561
7340131603484
5056138202545
5056138202569
5019503047554
5019503047615
5010718318316
5010718421023
5024271112694
4025500292089
5011357001232
700461103196
740781770586
5017840008610
5017840008641
5010003066953
9556001312990
8410076460882
8711000545300
8711000852736
7322542386552
5391532124216
8712561669825
9002490272593
5059944014357
5059944010687
3600521602638
3600523822652
5020379181754
5741000229392
5054267014824
5054073090425
5017400108248
5056192409171
4791034072137
5011417575307
5020379176972
5000342001296
5099823012685
810116125005
5000328027098
5034934613949
737633194010
5905927000988
5060482555448
5010663818060
5056141816395
5056267005130
8445291256415
8700216316057
5010663818022
8935330219490
5054073082444
4084500739253
5063249298985
5054073085100
5054073089481
5411178001549
5035766065074
5063249299975
5000328025469
9322214011414
8935330219506
5998001792923
5031390117615
5014379025200
6952581467328
40144450
5014379025064
8001090364104
5054563023803
7610900229420
5000204315530
810116124015
7311100447606
5054073090142
150104590072
7622210999368
4009900549875
5063249299593
5013668437212
4011309671040
5012389675040
5010038493755
5056192409201
5054073090388
5900951314537
5063249299562
5012145013635
5010029226133
8711252189222
5000394169326
5020379181815
5059697996634
5014379028126
3574661028262
5059697998256
5000393181459
5054267000483
5019087045908
5065019829009
96199183
5020379181792
5017400107463
5060082952456
5059319031088
7622201098452
5099823012647
6931722301011
8720181303166
5099823013781
5054267014268
5054267002715
5060221247177
5000382126300
1420448045910
8410793002204
68697520537938
8445291337404
3800020453490
8445290541963
8006540525647
9800007608
7622201447281
5029053569239
5054073087487
850003560991
5056036508688
5026109006441
8076809583039
5032860040471
716053273086
96125700
8445291194595
5035766048411
5056138202583
5031390117660
3574669909211
3178530422030
8720181287831
8445291337695
5021827094503
6920354824845
8051708013856
5013803801403
5013635482207
8410036801236
0898999010380
7312040553327
4779056911030
5054073090401
5020379178624
5010663818084
5031390117561
5059320001179
5012171000074
8008440146137
5391533970195
5031390117653
5010067306019
8713627144256
5029788194621
5054563063885
7322542424285
4025700001962
5010459000914
5037808007356
5010459000884
7869812219337
8717644331811
5032860020091
5013919005573
78000038828
5032860010498
5056175976638
5020379170604
5056709010067
6937080522563
8006540950937
5010038493892
8412765674860
8801901091522
7622202027772
5410976508014
5022822226197
5000328014715
5038862004022
5038862004039
5060406461831
5060406461848
3178530424706
8718166064812
5038794000185
5038794000598
5038862005524
5038862005586
740781770883
740781770982
8720182865434
5029053569925
5010478464674
5010478843165
8410031132519
8445291139435
4009900549523
4009900549714
810116123186
3500610083198
7622202026546
5711953179594
5000232219015
7622202219504
8002210134652
5032860040464
5023751000933
5053249267883
5056518805984
5060267761484
5020379180238
5032860020084
5032860040495
5391527000617
50129119
5900699106289
5056550700155
5060129817014
5031390117639
5000143930115
31200001412
5000354914461
5050565696755
5011566025609
5017375034726
5025135118272
5063249299937
4015600366636
8445290348494
8720181287879
5010327307039
5099823013170
7622202209758
5059944013473
5025301152000
91585021139
5000226931947
7622202211171
5012035998356
48415000260
5000168002163
5018095013176
5060358091056
3329770062542
5060082956805
5031390117684
5035139219639
3046920021920
3046921021769
3046920021753
6942417210570
5060082945267
5021797000528
5060060384460
5060184081603
5000354927416
4008400836423
51000640
5054073093853
70970475443
70970475450
4000539397745
5060060384484
5903870006262
8410076491190
7622202209819
4002359020094
5000382126287
5013804001215
https://tw94.st4.ch/XUiFzVQxe-z0
8051708018776
5054073096717
8004260422352
5035139219622
5010663818107
8445291423251
8711000703366
5056357909836
5060016800280
5060336503267
5000159556873
75031602
5056192409232
5060926947280
5012389674111
96186886
5000168003108
5000237132258
5000168003979
8003440927502
5054073089467
5060267761880
5035766065418
5010067371130
5020379182508
4002359019760
5032678013322
4000177031513
1010090123800
10100901800
5013804001222
7615400806683
5054073096755
5055945402643
5065013943824
5060360507514
5060360507538
3329770073241
5711953184871
8445291255197
8445291261891
5010038493854
5056138201760
8445291499911
5010123714383
5010123730222
5000159561624
8410793002228
7610900863594
7610900863617
8720182811578
5000185113835
5029053583105
7622202227745
4009900549691
34000152575
3800020492529
8445291423978
9310297651870
5012136414045
6962356126640
7622201142742
5018297011895
5011166062950
5060461265191
5060926947297
5050565791252
5000382121992
70970475498
70970475481
8445291422612
59095934
5020379181532
8445291255975
4002652080610
7622202210624
7393714898661
5017840008542
5020379182522
5000157140449
5060066944361
5000354922374
5055945402681
8801073144484
5019124160052
5050360013658
5056086500311
4549526603259
12000231315
6937080553826
5060343700307
7622201393717
6937080564747
8691484559003
3800020492826
5056267005444
5010259196510
5063249300428
5056036508732
5029788209530
5019490311393
5056267005178
5000185113767
4085800006021
5053307071612
8445291346826
5060188692676
8445291014756
8002270396885
5031390117738
7393714898623
5061021926835
5038104493331
5000185117291
5063249300695
737633194089
5900951310379
5056267005994
5010287483552
5032227008366
5000204359145
8004260014526
5013804001208
0898999000022
6000480126201
5000382126201
5010998993111
8008440546029
8445291264892
31200001252
5709152018011
8934563220143
5032535001899
5000168201139
7622202225192
5063249300671
5740900404519
5000112673647
5000221503439
850057068061
850057068023
850057068047
850057068009
7622201125721
7622201522360
7622210544926
7622201098575
7622201098483
7622210030597
7622210454362
6942417210594
90454752
5053249255927
8001480718906
5099823013293
1230000039505
5024293000603
5000226944961
5000226600966
5410853064534
8436031757170
5099823013118
850035474082
5000143931013
5020379182157
3800020492819
7622201389642
8700216287746
5011417576984
5020379182133
8693323565916
5060578130238
54013766
5902431565088
12000183669
5397005027794
5060926947372
5024993732989
5031390117790
5060005730208
8001841536873
5012035998271
4017100166099
8425849106713
12000203107
5010035000888
5000159566391
8593893787964
9322214017072
9322214017096
5000226012899
5000226000377
5060337220149
5060337220415
5000328028156
5000328028170
80830542
5000159562034
3608580005469
5038862004046
5055281002170
5055281002194
5053990177653
5053990177684
5012035971663
9002490264963
9002490271992
4016241050779
3228020481426
5000108033271
8002210134614
4002359020247
5011166081357
5011166081364
48415000390
5010494510300
8800402635
4002359020261
4002359019531
8445291311923
7622202235542
25014379012873
5000328028194
5065012314113
5019312089677
5031390117707
5031390117783
7622202234811
5060705220801
5060397380371
5060066944200
5054073082383
5020379181570
5031390117806
5031390117714
5998001792947
8719200284357
96196601
5000168002057
34000217595
5056357912348
5060082958168
5707577131360
5707577131322
4009900550918
4030700124023
716165177401
4009900550949
850035474051
850035474037
850035474006
5063249300602
7393714895318
5027785817420
8697530200011
8700216185813
6221134010558
6971260170090
6971260170151
5211397026817
5211397026800
5027785817048
5410531546710
5410531546666
8690632712468
5012035986636
810116122813
5012145015318
8445291290280
5054073082420
3800020492925
8445290643407
8422885100392
5060152096295
5056617599128
5056617599074
8719964035912
8719964035967
57038889
5011417589809
1010900901800
5012035986650
10190900901800
5060082934490
5014379027723
5059697994937
5010478562172
8001090707307
5011417588727
8710847921773
8720181445545
8720181445552
8700216403658
8700216552110
8001841232003
5054073096731
5010103948166
5000143945416
5000362010254
3664346339995
5056175991495
5063249299791
6003770009086
5060104860233
5022977003377
5011597093219
5017375036942
4017100902932
4017100892691
5000237204894
5024993733016
34000471652
8700216475358
10190956781800
10190976545781800
5056267006205
5000237204870
5900535022988
5029788191774
5056175990801
7622202235641
3046920021234
5059944013671
5031390117677
5010026519832
5063249299951
5024293000009
5063249300244
5099823008299
5013922070469
5013912909328
5027906011645
4025500293062
5020379182546
5410853064527
7622201522100
5059697996290
8690632712260
5031390117745
5039303003789
5063249301067
8413178275156
5025509171230
5000143923322
5017375033743
5025509171254
5011251112317
5000382122944
810116124039
5056267005017
5025509172862
7622202204173
5011555041665
7622201758387
5022977003360
8445291486447
5065013943879
5035766052111
5025820215361
5060406461855
5063249299715
5063249299739
4025500267346
4025500283926
5019312094411
8000300430349
8445291390478
3023290082034
5060426813375
7394376620713
8711327611931
5010478622548
5063249301029
5060999170417
5035766052135
5063249300756
8445291253650
7610400100335
5449000330949
5000382115045
5000168003818
5024879006494
5000221608653
5063249300947
9505579228233
5056357906316
5029788195406
7622201389444
5031390117813
5011308701525
5059319032627
5031390117776
5050565707499
5060147112702
7622202235627
5060425283674
7622202240225
5010478971332
5013912900110
5010478251106
99999999999998
8003340801827
5056175992386
3800020441749
7804320756820
3046920021227
5038104494437
5000175413310
5010338104023
7622202211713
5056709010036
8076809573252
5056519400126
5025509172879
5025453000082
5941300010229
5000221607946
5025453000426
4025500286934
8425849106706
8691484550000
7622201391836
7622201392291
7622202399176
7622201392017
5000116129140
8690632712154
5059944005553
4025500286712
5031390117905
5059697996238
8000300430882
5020379179232
5061006981576
5000232001689
5056357914212
5998749108574
96195659
5000232825230
7622210999412
7622202235405
87368222
7622202235429
7622202224317
5063249299524
5025509172886
60735260138
5024293000207
7622202239199
31200002303
5021827110623
7622202239977
5016096125539
5063249300541
8000300430967
5056518805908
5059944000954
5063249301081
5000237204856
5000221608585
810116126477
4012927184721
8904063200136
8437023708521
5037787000010
9310297050307
5410133831610
5410133831726
5061006981606
5010186019272
5032678013360
59531000027
8888056705559
5060042643363
716165303442
5010745051569
5000168041384
5060283763004
5060283763011
7622202032219
8445291253889
4000539769207
850040427592
7613287956675
5021932023627
5010035070058
765807345278
22222222
5060281650375
7393714897916
5060110220106
5060110223404
5060110223374
5063249299753
5025509172893
5017306008321
8886467049453
5000101510793
5063249299548
5029788210260
5025572051347
8000300431148
96186893
6937080589207
5060066943876
5029788209417
5027863609329
5039303002386
5011053026713
5023751112155
4010142026253
5000232037466
5029788209509
5029788206287
5029788206294
4006424022372
5060042642052
7426757797728
8002210134454
5053990178551
5000168000794
5020379181631
5056025482012
5038862003438
5038862003445
5011581072589
8445291528222
5020628003981
6736
4005808113460
5013912910249
5034124007725
5000187134920
5000168181332
7622202235573
5054267014534
5054267014572
90457449
5024879006517
5000221607953
5000221608691
5055945402667
5060113919502
8720181197253
8720181197772
4062139017355
5010102343269
4062139017560
4062139017591
5060926501758
5061064440022
5061064440114
5061064440091
5060926947303
5061064440121
5061064440053
5060926947273
5060926947266
4770608266035
5410133831733
5410133832686
4770608265908
5061064440084
5060926947334
5061064440060
5061064440008
5060926947341
5054073094652
7426757797803
8413178025836
7622202240010
5012389672117
5056175960521
7622202398650
7622201728915
6942417220494
3664346345491
7426757797735
7426757797834
9421025020223
5010494508307
5060705220856
7622202019265
5059001016157
5059001018779
5011417569993
5059001016140
5010353319372
5010353329654
8445291265158
5999571051984
8720182704009
7426757797742
8445291156845
5010035001090
5026230000547
7622202240348
10582275
3049197110762
8436031751840
8000300430752
644536226413
8445291528284
4009900550741
67000012754
5070002486701
5060926501826
7622210830043
5013668438882
67000011061
7622210442086
5053307073920
5031390117868
7622202245688
1210002011945
5000237203521
5000431000773
7622202236020
5031390117769
5022313849942
5063249299913
6873
5017400108187
8445291491137
5000237205488
5028763011083
5014721157610
7622202240324
5031390117851
5010791774047
7622202239915
24354202019
7622202234637
5063249300404
5060674507361
5060674508481
5060674507378
5063249301128
5025970023342
850035474068
4025500295486
7622202240287
6928804011456
72417332388
5056617537663
8410087366166
7622202240201
5010663817902
4017100936753
5908310286488
5063249300770
5060078181426
5000232878274
5016325853509
1210002009867
5020628003837
5000295080836
5060136255915
8720181511325
5014379026214
8720039762732
8712000061982
5014379028089
5020379175357
5023110912075
8000300430929
6928804010800
8904245400163
5029872021826
5000234054492
5900259130792
5011251809002
7622300335809
7622202049743
5025509173098
3046920021197
5010035001250
5025509173074
5063546000007
8720181478338
8700216548571
5900951310546
5013668437502
5025509173067
5038104494444
5021932024280
8445291527904
5010038489130
5000227001250
5011053026942
8445291157736
5000354919084
5060267762603
5000267197609
7622202239359
5025509173029
5063249300503
5012035986759
6930140200067
5063249299876
5025509172992
8721201917332
9066085112800
3664346347433
5902310012818
6221134000108
8004260014533
5000325054370
5010511481941
5000328030340
5054073087869
5063249304044
5011335005481
4796007551879
6928804011586
8445291528345
5010663817926
5055552409325
5025509173012
5011157630373
3415581103922
5060412580236
5063249301142
8711000366509
8711000381663
8711000381779
8711000503645
5063249300732
5025509173036
5038539900091
101349708020204
8051708020540
5060751990918
7622202240096
8002980000317
8002980000669
8594010421617
5059319032597
5060962500104
8720181532795
5056267006274
5056267007035
753854584188
5063249304020
5020379194846
5020379194822
8801073116467
5060041779209
4000539397882
5011053026690
8410013010712
12000231346
8594010421518
50166398
5011251829246
5016346519439
5031390117820
5031390117929
5031390117936
5031390117608
5031390117943
5063249300466
5060453885352
5063249300862
5000159568487
5060337221986
5060337222143
5060495118050
5060495118074
5027342006687
8720181502484
8445291683303
72417332364
8412176002511
4005808730315
8005415062850
5060360507873
5060360507897
5021427912757
5021427913723
5060337222877
5060337222884
5029617002561
5029617002578
5061013961271
5061013961363
5060925290752
5060925290899
90457920
5000116129270
5088722227054
8002210134638
5449000242419
5021932023948
5021932023986
3245990290490
5063249300183
5060201032731
8445291420410
5012035998745
4791034074360
5010102002265
5010102001978
8720182704054
8001841536903
7622202240072
6932570105172
6932570105042
6937080553789
8003440927489
8445291456716
5054073095987
31200467768
5011251829215
8413178390613
5999571051977
4014400930634
5031390117912
5054073091026
5060380239891
5011251829093
6932570105097
5060926947327
5061064440138
5011417592397
8594010428326
8445291081970
5063249300442
5060336502963
5000382123200
4030300573313
5410133831658
5410133832662
5410133831672
5000204320718
5013919001575
5060760301521
5060778850530
5060778850523
5060778850509
3415583007921
8594010421594
8723400828242
8000300430943
8413178312066
5050028164104
8711327640450
8711327640306
7615400818075
5056357911372
5000382123415
5031390117721
8423915015655
6928804019414
5449000124487
5000221608813
5449000222510
5060453892060
5056175992379
5029788208939
8445291374010
716165307563
10700519528
34000702077
842595134957
613008719524
5060060212077
70847898146
70847892656
613008735418
613008720209
192699000352
8801073114685
5063249300657
8801073114333
8801073113404
655956008084
655956009227
655956009234
41420084744
5000204362633
5000168006611
7622202240263
5060412580274
8721201917486
5000221608806
5012171000364
5031390117950
5029617002684
5057545651520
5000328032528
5201704064236
5060578130221
70847027249
7622202240058
5410316966252
5201704064243
5012035999605
5056267006250
8445291331358
5056709009962
5060868951116
34000455263
5410531548592
7393714896209
842595134964
8720181617386
5031390117967
6932570106773
6932570106759
6974532321398
8594010421631
5010134922296
5711953193996
5000328542546
5010718316510
5010718318217
5024271112861
5016935000584
5012035999612
8720182728838
5000237205587
5031390117882
8000300430776
8690146182269
5901356072473
5010134922289
8445291692763
8411030050095
5000342001531
5010102344204
5059362534666
5060453900437
8711327667174
8445291354395
5010478222557
810030517665
5000157154910
5031390118018
5000328027685
4021700805005
8051708023152
8711327667525
5391527000723
7804320750200
5034467000216
5060412580915
7622202278617
5391527001010
5063249300589
5000159554671
5017375036720
5000159554657
5056357906774
5011302112303
8690146182283
3800020401323
8690146182276
8445291528260
5060464500008
7622202254901
5022822172173
8445291527881
5063249300565
5029788209479
5000208001521
5410673003720
5063249299814
7622202276088
5031390117899
4002359019364
7622202268953
5017400108538
7622202024375
8000300430394
5056569901840
8720181617393
5027863609367
5000171058485
5056357914861
5000232037657
5410126926026
8711000590492
7622202261602
5010478585577
5035139219684
5025820008086
5449000334251
5060396520006
5031390117875
7622202214837
5056357912102
5025509009991
5025572206853
3664346347419
7622202276361
5901888026661
1210002009263
7622202276200
5000168006147
5900951321054
7622202235887
7622202278495
7622202276415
5031390117981
7093489904641
5000168005737
5000168006246
6221134013733
7622202276170
6221134013801
5056267005659
7622202276262
4009900552110
811130033178
6221134010718
7622202240300
65633205291
5060412580427
7622202268311
745760800681
8423915015631
8423915015617
5000159571562
5900951321078
8600114011590
57038902
5000108982272
7622202268984
5000328031729
5000328031750
3800020441732
6194010413098
3664346339612
3664346346979
5000159568685
7622202233852
5000159569057
5056357914045
5033665208905
5033665213923
5033747003510
3800020441725
5000382124047
5711953184864
5711953194597
7622202276026
5000328031484
753854584201
5060337222907
5060337223041
5055945402742
7610900864324
5022313000688
1210002009782
5021546482612
8445291528307
5900951313240
5000221605140
5000221609193
8716101072694
8716101072717
8445291583344
8006540299128
7622202276477
6221134013696
5060078183079
5056784900451
8445291528321
7622202276347
5013967021587
5056192405050
5025547129958
1210002009287
7622202278570
5010314312312
78895710922
8413178270274
5000116128471
6221134010619
7622202261534
8003440927465
7622202278754
7622202262289
5018095189499
96207826
5000393186966
5000159571883
5000204325515
8000500448038
5063249299890
4000539398261
5059321006227
5449000331168
5711953184888
8700216185752
5410531546697
6932570105134
8719200300606
5031390117974
7622201680886
5015302202705
5900951321108
8682966800621
5031390117837
5000328027807
5029788208946
1210002009249
7622202278556
7622202278532
4017100903298
5020379184250
5391527001003
5000159571746
8904245400248
8719200300576
3057640602528
5000328028941
5900951314575
8719200300743
5060578130191
5000168006758
7622202262258
5060201182047
5000232878458
5063249303825
5901359074481
8723400797708
5056175976683
9243178601513
5000168006086
8711327661509
7393714898357
70847892625
5060317321798
5000159571807
8413178268349
7622201391652
5010084903659
810116125258
7622202275647
5020379184298
5449000336606
5998749146743
5000168006109
8901725132866
5063249300787
8711327663961
5031390117998
3664346347440
4009900552653
4005808130078
3057640600128
8720181631276
5000168006161
5010511481958
3057640602283
8000555300947
5012389005205
8445291401266
5201704060023
5000382123828
5031390118032
8594010420023
5055959200143
5000159571678
5060041779148
8002371007666
5900259137920
7622202294105
8413178368476
5063249300121
5031390118148
5012607005369
5055200349799
5900562521300
8445290622600
5024993733030
5010103947725
8697428020400
6928804010916
7622210999597
5060705220900
8904415402102
3086123379671
80785392
3259426039867
5037787000003
5000289938365
8445291384941
3800020492833
8001090227911
8710908678615
5000157149640
5000159571715
5000382123477
5017375036713
5000159571784
3057640602863
4009900551991
5011251829154
80818724
5000159571692
5060342471482
8711327663695
8711327665873
5411188127697
5000168022383
5000328034683
8410793002433
5060005421090
5711953192760
5010003070127
5000295157422
5000295157446
5000205050584
5000205050591
5000168006598
3800020492840
8445291688766
5061064441340
3800020492864
8445291318823
5063249300800
4062139018383
4062139018413
8594010431012
5056357914083
5000159569200
3664346346290
8000500326527
7622202278471
6932570105035
8002371008045
4062139018321
5031390117844
8412766031532
8000500444955
5000159571203
8680244923116
8051708023398
5000237204832
5037448800119
5449000330888
5000159571906
5000159571012
5000168005881
4000417670915
8445291607439
5016840126201
5449000334244
5000159571104
8423915015358
5052516114462
5014379030037
7622202278518
5014379030006
7622202268724
5010102345454
5031390118025
761885947964
5060224801130
5000382121138
5904917031827
8710522820445
5000159568807
8445291401242
5000159568593
5000221609315
8719964063243
5031396087943
5033747004715
5000204325492
5000221609322
5061030770276
5061030770290
5061030770337
5061030770252
6937080564808
5010326115727
5029788161258
7622202276453
5000232216014
5060188693246
5060188693239
5060925291582
5000168006673
5029396003094
5056357914069
5000159553674
5031390118001
5063249300220
5054563050311
5031390118049
8410087363004
8445291403215
5010737002210
8445291349292
5063249300145
8445291130982
6937080583960
5012035999933
5410358000549
5000159571043
4008429166754
9325040021701
7622202215537
8719200300415
5010605401862
7322542439531
5201704001637
5063249300480
899772000987
737633193983
7622202268335
7622202275432
8412600019931
5060188693710
8711327664340
5000232037220
5060979770347
5059944014654
5060412580557
5065012314151
5088888352232
5000204362787
5904917031292
4010198024630
7622202276996
8003340801803
8003340807409
5000168006529
5020379184274
72417332371
8000500448052
5012427672208
5000328027838
5032227008199
5011187122947
5022463200914
5701920504740
5000382123392
8606018618439
5000157144362
899772000970
4009900552059
5014379029772
8719200300545
8711327326750
5060281650580
8436615681204
8711327626942
1210002200264
90474583
5014749011031
5060342471505
5998749146545
5060281650573
5060281650566
5065012314168
7622202258480
5056709009719
5012145015431
5063249303986
8719200300712
5000157147530
5414029716319
6161115860157
5000168009230
5060301180660
5000159570992
5060104861834
31200001337
5000168006703
5000168006727
7310361163386
5000281078250
5000289937689
5010038497203
7393714895844
5000159565721
5060362071181
5029617002585
4251097421643
5031532023569
8000500384664
5000205050546
5391527000624
5391527000631
8711327667358
5010003070134
8000500416976
8000500416983
7542
90457890
8410136030765
8445291384934
7622202257940
7622202257964
7622202275470
5054267015272
5000382123729
5000382123743
8005415063819
5014201702354
5035766066385
8594010431036
5035766066439
5035766063377
5010102344235
5010103948630
5060065306146
5060065306269
8850999025315
5024879005794
5012008722100
5061064441371
5061064441357
5061064441647
5061064441593
7622202275456
5059319036953
8445291373990
5059319037011
5061064441555
5061064441623
5061064441531
627265001469
4100060033713
78000040654
5050565674012
5010238022939
5060082938511
5010038497067
5038862132602
8906181780316
8906181780439
8906181782549
8906181780361
5063249300206
6942417284861
6942417285004
6942417284946
5010153872619
5012035972844
5060760305574
7622202216084
5060301180394
6932570128126
5012035972745
5060301180783
5060301180097
5031390118087
54014176
5098715006146
6942417210587
5060578130214
54031470
7622202275357
5000159571821
6971635577738
5012035972790
7622202276514
643843802068
5032860040488
5099556026447
5099556026249
5013185001910
7622202278594
5060518920783
5900951321184
8682054121775
5012035998752
5038862102308
5056518805878
5000382124023
5018297011529
5059319036922
9322214017157
8445291194687
4009900552684
5029396003087
8801073142312
3245990598206
5060104861889
5099556026140
5020379178662
5000325051355
5010026521019
5035766185239
8410066144075
5391527000945
5900130030692
7393714895332
8691484554008
5060461260721
5016765102908
3168930176862
5018605007466
5060925291568
5000168001197
5059001016720
5900951321191
5000328032153
5010102347342
5056518805021
5056518801054
5060104860752
8711327667020
2345678987654345678
5011501000005
8902433005794
8902433003134
4009900547710
5052516111584
4062400649001
5099556026560
6942417285158
7622202275494
6942417285066
6942417284977
6971135071910
6942417284953
5099556026201
5010478715486
8594010421648
5022030000985
5012035999773
5098715006160
8714789823775
5011157997278
5000157075017
5010789950125
5032227440012
5391537514227
5037808007172
5060925290837
5060041779131
8700216650762
3259426039874
5038673301099
5055136525212
5061006983228
5020379184915
5000159571869
5410228330493
8711000373248
5000116129157
5013967020658
8411030024737
5020379184892
5900951312250
8690146134664
96201411
5056709009702
5027342006021
3263280127141
3263280127134
3263280125598
8423915014894
5060254750132
5054267011243
5000328031996
8700216667616
3574661722962
5020628003974
4009900580137
80844921
4009900580281
4009900552806
8000500434123
5022822194984
5022822125001
3057067199502
3057067249504
3057067089247
6932570128164
5012004105648
5000237202319
8720181681127
5054267014671
5391537514210
5391537514234
5020628004056
8001665705066
5060558351325
5060558351332
8720181638480
8720181638503
5012035973063
5054267014596
5054267014756
7311100450705
5060587580055
5060587580062
5060198643156
5060198644238
8001665730815
8001665730839
5010718213710
5012035972646
5020379184878
5410126696363
8001665723466
5056784900307
5000112684506
5010718319313
5036589254270
5036589253471
5000159571401
8002793005370
8002793006797
5010038495360
7622202268656
5063249301265
8000300430905
7622202275517
90474606
6430056289595
6430056289601
8720039764392
5000221608943
5000205050669
5000205050676
8718951684386
5052910805478
9311471890603
9311471890610
5010134922371
5011932013728
8009620838248
5053526773410
7622202275531
5059319036809
5000112693560
5000112693621
5000159571159
5010038494561
8410655011238
8559216163
5900595013537
7640175746254
5099556026461
8000500385098
4062400648806
5012035972653
5029788194614
5018811001340
5998749120712
5011187123289
84460592
8711327634886
8690146127536
5060104861858
5011053026355
8017172106333
5060453900352
80830979
5014379030518
5014379028805
5000382123866
5024576220100
5013967022386
5601012837896
6932570128119
5000382123842
5998749119020
5000237205525
5000328035789
5056192413963
5000328035765
8690146181675
5000159571647
8886467064357
8904245400415
5059319037042
8720182823397
5010478591400
5032678015999
5010478502406
5010102347298
5060628820812
5032860020077
8001618991560
5907471412033
5060232813552
5012035999957
8711327669321
8684568302121
5061052490565
8684568302398
634240351587
3263280124737
8717644012208
5060078182898
8720181617409
5022822123908
5060010430599
5022822158696
8051708022865
6942417284878
7610900293049
7610900309672
5033747027318
8001841872322
5000159397384
5056357913369
8690146180548
5012035973094
5054073095307
8051708024340
5099556026485
5000237205044
5037808007219
5037808007202
65060735260123
5060461260714
5000237204795
5026469674076
8904234401683
5033747023907
8594010422942
5033747000618
4009900580014
8445291552975
5056267005598
8723400829485
80830986
5056267007653
3384126080038
8413178163347
5060188693222
5020628003226
5061030770214
7622202276293
5031390118056
6939495512962
6932570128492
6942417284915
6942417284922
6942417285127
6942417284960
6942417284939
6942417284908
6942417285097
6942417285028
6942417284991
88536927
8690997092373
6931722304708
6034000005134
5011229100018
7622201388683
6221134004984
6932570128218
5901356072732
6932570128485
8719964058706
4009900580076
5012035999902
4002359019067
87108675
5010478781405
6936329003757
5000237205976
12138100
5059697998270
8901810004405
6942417232633
5050028163848
8437001799060
4062139019076
5905187125513
4018077012204
4018077010941
5031390118209
7622202249747
5024993733085
8003340807812
8437001799114
5060628820829
25012389673732
5011053027178
7622202313400
5063249304662
5063249304709
5011581072565
6932570129222
7804320156903
8712561228985
5012035999971
8720181638602
5000168006123
8437011503060
5056267006793
5000168205526
6932570153616
6932570105011
6932570105004
5025453000365
5000232037916
5020379184311
7622202234736
5201704064526
5031390118094
7311100447620
5060041778974
7622202276491
5055028387713
5010238022984
5059697995491
5060943210497
5025453000105
5054267015616
5012035997700
6942417234637
5063249303122
6932570153685
8410525276040
5027342006007
3168930176923
5449000272003
8410525276057
7622202276231
5010038491799
5056796856463
5060412580304
5063249301302
5904917032435
7427818935288
5391527000952
716165281337
7622202278686
6221134004953
8051369005344
5060066943890
5410438047358
8717953155849
5053307074620
5025453000402
5031396095139
7622202275623
5056796857149
123456789012
5020628003905
5000112673982
5065014519035
5709152015904
5055945402704
5000328035277
6942417285073
5065014519004
6942417285769
5031396088827
5061064441883
7622202276118
5012035999964
5011053026324
7393714895745
5029617002660
5000328035338
3500610166174
3500610166181
5060587581120
5060587581137
5031532023934
90486234
5060386624301
5060386624349
5060444850093
5060444850802
3023290083291
3023290083321
8720665000086
5056784905463
4000539398247
5011335005542
5010718318811
5010718318910
5036589256991
5060406461701
5060406461718
5038862100304
5038862130783
8000500425183
8000500384718
7622202275579
7622202257988
7622202258121
8445291607415
8445291508644
5056784900901
5061013961431
6430056289670
6430056289694
5014379031393
8008440512031
5024993733108
5060065306368
5013967022324
5013967022355
5063249300060
8437001799077
5900562565502
5063249300084
7622202275555
9311471890627
5010134923552
5060078183536
5060148620794
1230000131025
1230000131070
5099556026584
1230000131018
5099556026164
5063249302125
5060628820850
5013668700262
5029788209561
4251097421872
5029788603246
5033747027202
6942417284984
6942417285042
6932570153548
6932570112316
6932570153777
6932570153722
6932570153524
5020379184854
4009900580052
6932570147240
5000328036144
6932570153784
6932570153579
5060391628585
5060045053121
8901810000162
1230000131056
5010511481965
5000295147829
5000159571760
5011053027260
5063249301289
5018156012742
5000168005751
4062139019045
80686000310
5060796190038
7613039779309
5000328036717
5012035997687
3800020401477
5011335005535
4009900580229
5060760305147
8720181336157
5000159572149
7332531063418
5000328036618
5056796858627
6942417285059
5449000341358
7622202298967
5059697996740
5012145015462
5060054130134
5055579130783
5056357914533
8001090555120
5000204349092
5065014519028
5000328028651
5029291602491
5018156012711
5027863609381
5904917032299
6932570153661
8700216775502
5017375036706
5011053027239
8423915015389
816427
816422
813676
797002
796937
4009900580243
5060045589835
5060412580458
4009900580113
5000382122128
7861000000147
5010314314729
5031390118070
5050360015355
5063249303962
5061064442200
6932570129147
5061064442293
5061064442262
5061064442101
5061064442156
5061064441739
5061064441906
5061064441845
5061064441944
5061064441708
6932570147202
5000328037424
5061064442002
5061064442217
5061064442163
5061064442071
5061064441784
6942417285011
5065014519059
1210002009089
7310361163379
5010459000952
6942836725990
8411030052006
6932570105073
8051708026313
8051708022698
5031390117752
4251097421902
5024133189031
6942417284885
5020379187589
6931571047290
5020379181518
5000382124948
5000291027903
8721098931534
5056796858559
5061064441746
5063249303146
8700216738545
7610113030844
5000112676815
7610113030974
6932570129048
5022822226111
5063249300169
5065014519011
6970895715492
6970895717786
5056235402299
5060811386507
5449000337917
5010067330205
5010038489024
5000159572125
5200701003316
4009900580205
8411030039304
5020379184335
5391520430268
5201704064748
5060811386569
5711953193019
7804320762678
5010287314559
5000289938402
6932570153562
5000112684384
42299806
4009900580267
604565923295
8721201909078
8721201909085
5000289937702
5060735734569
5060735734712
5032824026114
5032824026121
8720608039623
5060811386484
5060811386521
5028235017445
5028235017469
8001665725149
8001665725156
5000168007090
5000168007113
5029617002677
5010238021994
5010238022038
7340001804447
7340001804751
7622202275678
5000328037332
1230000131742
5010478702417
5024996806494
5024996705829
5022822122307
5055136598230
5024996806472
3800020401231
7393714898494
5010314314712
7501035011649
5010103948258
5012136012579
5012136013934
9310415019582
5011932012806
5449000336149
5060041779384
8445291527867
5099556026263
5013804001598
3178530427424
5000168006994
8700216592468
5000267196510
5032824026138
5032824026145
5010238022076
5010238022113
7340001804942
8721201909092
8410036009090
8723400799351
5017375071059
5019939002806
5063249300107
5056267009732
5016346518852
8445291693869
5011335005566
5010134924221
279265
284980
279270
5035288103711
3086123742444
5023997111202
5050565436238
5050565439130
5050565511232
5050565583611
5050565583635
5050565594860
5050565643674
5050565774460
5050565797674
5027908227396
5050565797698
5050565797704
5050565797728
5050565797735
5050565797759
5050565807946
5050565808004
5050565808707
5050565811950
5050565814135
5050565814142
3838952011082
3838952026390
4009900580298
4009900580090
3838952023221
3838952026383
3838952011761
5010743890047
5063249304723
7311100452709
4009900585446
8445290621184
5050565798497
5010743890054
5010743890023
5010743890030
5010743400161
5010743400239
5010743550019
7622202233166
5010743890320
5010743880055
5000289938389
5060215335439
8003440927939
5037787000027
5010743880031
5060064701478
5055552409233
5055552409653
5060044510021
5060044510519
5060044511349
5020379132596
5020379132626
8410076471208
5000118001024
96122976
5011417567890
5055028381940
5055028381964
5000213029855
7622202815225
5056267006816
6936756256009
4013090000009
8888449110557
8720181263026
96033180
5020229800934
5000185117284
5055490628994
5011417547687
5000204885996
5000175408002
5010115911653
5050375050327
8717163536476
5011044000302
0037600431057
5410438044692
5411188112709
5411188511137
5000328014845
5010052114223
5028763002036
5010743032201
50137480625326
5022453016495
5028181076153
5028181076238
5060026001776
50237876
5000328027715
5060026001769
5060026001790
5000129327618
5011417561973
5060215331356
5053249245577
5014697051318
5010052114148
5038862011754
5711953145957
5060215333770
https://merlinmagic.biz/carex/
5000159604017
8445291934061
8004800002426
5016451864240
5056267002627
5054073097448
3065890123892
4000539740008
5010998993227
3663701042952
5060657342903
4796007551862
5410316945899
5414150410735
1422228233320
142222823332023
14222282333202113
7610900296668
42110187
72417330025
5010975010022
5010282013501
5000168124858
5000168008509
5000168006482
5010975040029
7622201500061
5029788200735
5029788182802
5000354926556
50197682
5025820008475
5059320001148
7332531063388
8445290801654
5000362010308
8000500461242
5900699103950
5013635330010
5013635378883
0034000446612
4009900549899
0615357000483
7613038309460
5000362256546
5900951354991
5013668436932
8901808007722
8000300439786
5000128943475
8715700124537
5010084908579
5012389670762
5000354924316
0031200001313
5000354922893
5016805003219
5010105001845
024000124962
8720865190976
8594403704990
4000417701008
5000171047960
024000124948
8410076491176
7613036912990
5000128884525
5000354915338
90321059
96107775
5011417547755
4000417025005
5010115924752
5000128804387
4000417011008
736815
78416
5027870156007
5025820008550
8005221304342
5000354160899
5032619240008
8801073210776
7622202343131
5013668700439
7622202342370
5010314150006
7622210808981
8888056603008
3023010003592
7622202341663
5010038496947
5035766066378
http://www.nescafe.com
7622202341724
5010186019067
1230000210027
7622202341687
085000005866
7622202341694
7804320753454
5010038461433
5000166157377
8445291037830
5011335005528
5010394004718
4062139024278
5000382125969
04060800168917
7622202341960
5000382129332
5000382123989
5000382123903
5000382129608
5013668700910
5060464503689
5000129304022
5015818129206
5056267003822
5010622017947
5000237206577
5059001012821
8700216297080
8720181106194
5000166001069
8004800002556
5029788203835
5410316961530
8004800002600
8006540827307
5034444102438
5035766052548
5014379030662
5000168006338
5035766040149
5054267015623
4000417707000
7613034043870
5059321006289
1019381006197
6001108075901
9322214012107
5010134921206
5010134918756
9325040002427
8410302982966
9414024678861
5029788203323
5056267004225
8006540836194
8715000029723
8445290022158
5010134919333
5060215330021
5020379174411
8712000050115
5000221506720
7630486402949
7610211032900
7610113030998
8445290460769
5100066
5059321006074
8720865190952
5059321006197
5060466510296
5013635606108
5000108031840
5000108022152
5000108652304
4001724818908
5000328019185
5000108031826
5000328868394
824368
5000328017402
820471
5010186012907
5000108032281
5000108032274
5000108031857
5000108652137
817473
21194477
4062139018086
5054267013186
5010437021931
5000382109587
5056079901217
4062139018116
5000237139752
5000112673999
5000382121077
90456657
5900562366246
5000328017921
1172003
8445290622686
1172005
5000143951714
850035474105
9311220005661
4062139017911
4060800310040
5740900404502
5036383003173
5000246728732
5711953150388
5017600519387
5000187134937
21220576
4017100257223
4062139017737
5711953150425
810451
5411188079996
4060800304315
439983
439950
5010238017782
5060149980026
5060149980217
5060149980040
5060811380901
5000226201859
5000181030907
813188
5014379021806
810447
5000168039794
5054267014541
5059001021762
4060800309884
5010438007095
5010438019227
20195398
820386
4017100264771
4060800309815
5056267007073
5011053025617
5000328017891
64340013
5032678013261
5054267013179
5000237139479
5000325053069
5000328017471
7610900296682
5016840164708
3049197110861
618995271611
8000920200025
5019996031368
5019996031344
5901041003003
80686961079
5010438005008
5016840101192
5900951305597
5016840001119
5019996031405
3049197110854
3049197110830
5011308001700
5000325052604
0048256219456
5000435010839
0048256297164
5000328376165
5060947545816
5010238022410
811391
811390
811389
5000328022826
7622202235900
5000237139899
5054073085520
8720181331923
821605
7622202234880
801428
5000328030999
5017726432270
8720181331961
5021546482605
8690146154877
33214
5000237203583
5000168039282
5000325054011
8410024711097
7311100440423
5010327208107
8711327575646
5060072652250
8606018611164
4009900522083
7622210470126
5000234049795
5000234047296
8682213102461
823154
823152
57030807
5000393364906
821548
818654
5000382121824
815221
815220
815219
4018077773228
683052
372424
5023751102125
7501064193194
823863
822832
8008440149312
822490
822489
822422
5000116128747
821370
8445291246027
8445290999108
5056357912027
820854
817436
5410126137002
0072417203374
7613037225013
7613037227543
5000168041773
5020628000867
8445291388253
5000168029382
9322214011124
0085000028896
5011335005504
5011335005511
5000112669640
5000112549324
812370
812362
9310415017915
5011309026917
5901359074191
5017726170196
5017726170202
5017726169312
85000028896
5017726135393
5010038490716
5704420042972
7311250042959
823346
823344
812363
796961
9310415017892
5449000133724
5012035958626
5017726175665
5053249249599
1234567890123
1234567890125
123456789017
5704420043023
5410853032861
5000112674026
5060029910600
5060029910587
5017726108298
5000112673968
9876542223
4002359640667
8722700479475
24000027584
5000354800993
50232413
50126064
0072417198212
9300770043551
5000325022140
64909712
5034660021445
122122121
121212
11111111112
142234563282
142234563282333
142234282333
14222282333
14222282333222
8720665000031
5010431600286
8000353000292
5900685005244
9781234567897
2940851310546
3800205877325
1212121212
https://www.cadbury.co.uk/about/impact/sustainability/recycling
5000328698823
5000328740102
5000328201801
5010115926404
54491069
8721201964107
http://b.qrmars.com/1ba01
5027785811190
5010346000003
5000183501108
5010115902064
5060336500020
50115105
96081280
8445291746060
7622202342837
5010284011413
8445291868472
50939886
8001110016372
5034444102445
5391516873093
5000382127321
8714100536186
5000382127345
5063249301784
5063249301906
5060215332841
5010677890106
5011417583210
5028763008557
5000394141827
8700216037990
5035766185550
5000382115908
5055028388222
5011792009336
1716488369599
5024576195507
3254474027163
5011417588314
5000354924446
5060026001783
5060811386934
5000289110105
5012144822771
4062139015139
5000168215792
5000394141988
5010478230415
8720181442575
5099514002742
5020379187749
0070177248529
0070177264574
5000354924330
4103040895677
0070177067779
5056338396549
5053249226897
5053249257655
10011171
1072019931001
1117981
2000200021995
2000200028154
2000200028192
2000200028222
2000200057048
2000200057116
2000200057123
2000200057154
2000200057178
2000200057192
2000200057215
2000200057253
2000200057260
2000200105510
2000200140726
2000200170907
5000157150882
5000157150769
5000221604099
5000168041520
5056267005970
7622202342455
8410525261091
5000354924484
5000354924538
5000354921353
5000393167361
5010052114261
5010029229226
5010034013735
5010034013674
5010034013681
5010437021993
5010438020995
0070177115227
5013922059334
5013922060194
5013922060491
5013922065045
5014379023190
5016873010652
5016873010928
5016873013066
5016873013653
5016873016395
5016873020040
5016873020057
5016873022358
5016873022365
5016873022419
5017403028659
5017403041931
5017403044345
5017403494010
5017403641025
5017403641209
5060592009459
5060592007899
6003770008775
6942417201332
6942417206115
72417203374
7312040323081
7322542036730
0072417203367
7630486402956
8445290805652
8410076491114
5904405590362
8714100535301
9333527425478
8901810001015
5903760246112
5904405590355
7622202240379
8445291337374
820201
816253
5060947549081
760086
5019312089448
5011053026805
5060592007875
5000143958621
5060336504073
5000112669688
5099556025617
5011308001922
8445290622624
7622202209796
5998749145616
5028763005068
816840
713704
8992741906876
85000007839
1234567893282
1234563282
5023997999077
5027908873227
5023997025028
5060114660021
745178738705
5060114669598
5060114669611
5026874000118
5060043670368
5026874000125
5060043670269
5060043670832
5060043670870
5060043671921
5060043671778
5060043670863
745178738675
745178738699
5060114660113
5060201030218
5060201030935
5060201031475
5060201030317
5060201030294
5027908008551
5012035971991
5060615797004
5053249236452
5060615799367
5053249225296
5053249225265
5053249225258
5050375088436
5053249207971
5050375047976
5017534900039
5060615796786
5050375057876
5028181097201
5028181097102
5038673720609
5028181108259
5038673721095
5038673720241
5038673721552
5038673720500
5038673720258
5050375026285
5050375009394
5000399001812
4026700434965
4026700440911
5050375108134
5060066940059
5013748000060
3760046387660
5010305062325
5010305061731
5060066940073
5060066940134
5060615799350
5060066940097
15050375115863
15053249003761
5010305054009
3086126100302
70330129665
70330129627
70330129634
3086122300065
5410133831665
716165177364
716165174226
716165177586
716165173670
716165250326
8412765984143
8412765997327
9506797527856
3574661143347
3574661075792
5000158415706
5000158415690
5011309011524
5011309014020
5017353103123
5017353107909
5024071290011
5024071290028
5011417807118
NET-231
5000309131264
7848622859100
5000469045210
5000158415027
5000158422797
5000158420786
5000158414518
5000469070946
5000469070915
25010605400487
25010605402283
5011321365360
5017848902590
16001106226609
1.05038483867204e+34
1.05038483682937e+34
1.05038483683255e+34
5000469033637
5024996704518
5024996704525
5055203803786
5055203809382
55055136598353
5024996831030
5022822195615
5055203800617
5055203807968
5024996830507
5024996812541
5024996811933
5060010432777
5022822134874
5022822134881
5022822173675
5022822202344
5022822201613
5022822202313
5022822201590
5022822202290
5022822202320
5022822207158
5022822201606
5022822202306
5022822219823
5022822219861
5022822219786
5022822219809
5022822201637
5022822202337
5022822207189
5022822210325
5022822210349
5022822223882
5022822202252
502282220158
5022822202283
5022822201576
5022822202276
5055203801966
5055203802208
5022822198678
5055203804134
5022822198692
5022822143500
50228221435170
5060010431732
5022822184497
5022822193598
5022822197671
6932111166105
5051743103195
5051743103201
105036200132932
105036200132949
6938851187066
8002297190121
105036200132925
105036200133236
105036200133359
105036200565471
105036200345301
105036200565488
5038673210537
5053249240329
5053249230863
CMK-334
5036200349682
5053249214078
5010508071278
5036200349064
5000204795387
5000204146837
5000204648379
5050375099296
5036200349620
5000204146912
5060066940639
5053249256825
5053249228228
5053249228143
5053249228167
5053249228181
5053249228204
5053249218465
5053249217635
5053249217673
5053249217611
5011417774151
5011417780572
5011417791608
5056267000036
5056267002658
5056267002634
5056267002696
5060066940301
5060066941667
5060066942688
5060066942695
5060066942701
5060066942718
5060066942725
5060066942732
5060066942749
5060066942756
5060066942763
5060066942770
GSDBAC-380
5060066941643
5060066941742
5060066941766
5053249230214
5050375118881
4015400784500
4015400784470
5053249217659
5060066940653
8001841000374
8001841392134
5059001500205
5059001500229
GAFRVB-394
5000204649468
5000204894158
GAFSC-398
5010508190375
5010508190399
5010508189690
5028748108012
5010508189812
5010508189737
5028748107992
5028748108005
5011417792087
15201347172296
5701092415462
5000204589474
5000204589443
5000204589504
5010508184831
5059001505071
5000204689129
5000204689181
5000204689068
5000204689150
5050375030312
8904234405537
8904234405575
8904234400051
8904234405377
8904234405513
8904234402482
8904234405476
8904234402505
5011417790342
5000204957310
5011417797518
8904234405698
8904234402529
8904234405674
8904234400198
8904234405452
8904234405650
8904234402567
8904234400679
8904234401690
8904234405070
8904234405711
8904234401416
8904234405414
8904234405636
8904234405490
8904234405599
8906074792297
8906074791351
8906033076918
8906033074280
8906033074426
8906033077168
8906033078547
8906033077069
8906033078561
8906033078585
8906033077045
8906033074211
8906033077205
8906033074174
8906033074327
8906033074099
8906033074204
5056267003440
5056267003402
5056267003389
5000204845679
5000185028740
5000185028788
5000185114139
8712561784108
5053249202242
5053249245256
5053249244884
5053249238920
5025416998791
5011417789735
5011417789742
5011417783047
5011417783078
5011417774700
5060033826881
5000204716658
8001090227898
4015400853169
5056267003365
8006540362969
8006540362938
8006540362907
4084500074644
4015600441456
4084500074606
4084500074675
8006540017623
5059001510617
48256010312
55060060212706
48256097160
48256091069
55060060210931
55060060210900
8710847994197
8710847994173
8001841009919
8001090329677
65060060211614
65060060211607
8717163931714
8717163931691
8711700514170
55060060210542
55060060212317
55060060212324
55060060212300
55060060212232
55060060211839
55060060212454
8710447376546
8710447376843
5053249244600
5000325054387
5000325022478
5000325022454
5000325047891
5000325049451
5032227445796
5032227449251
5032227449145
5032227449176
5032227443051
5010287771253
5010287875258
5000185034604
5000185034680
5000185034659
5000185034567
5000185034673
5000185034697
5000185034581
8700216095716
8700216134040
8700216100052
8700216103695
8720181106507
8006540953433
8006540973493
8006540899007
8720181245770
8001090704757
8001090671561
8720181106347
8710522917664
8710522917640
501141779087812
55060060210740
6009900497167
27891035040317
8001841307008
8001841459561
5053249237497
5011417790502
5011417772478
CFCBS-570
CFCP-571
5000185034529
5000185034512
5000185034550
5000185034543
5000185036271
5013085000211
5013085000327
5025416331024
5025416331192
5025416331086
5012616111037
5000158407572
5000158407633
5011309026924
5011309028829
5011309029321
5011309029123
5053249239958
5025416331031
55060060212355
55060060212348
55060060212546
55060060212522
55060060212553
55060060212614
55060060212621
55060060212577
55060060212584
5000185035403
5000185035359
5000185035854
5000185035847
5000101510786
5053249239804
5053249252742
8006540994443
8700216003742
5011417786048
5011417786055
5011417786031
5011417788677
5011309302325
8717644196236
8720182384812
8717644196274
8712561256520
5015818129589
5015818129015
5015818129213
5015818129237
5000204623598
5000204951745
5000204951714
5000204128048
OS-628
5025416777013
5000185034758
5011962400635
4000290168332
5053249260884
15050375089317
15050375038179
5000185035601
55060060212638
5059001505552
5059001505545
5018063351132
5018063351187
5018063351194
5000204503821
50020404503883
5000204539769
55060060211020
5000204205619
5011962310552
5011962224118
5011962754110
5011962324115
5011962034113
5011289000426
5011289002390
5014651410014
5014651410144
5014651410052
5015861000385
5014651000024
5015861000590
5050375124608
5015861000712
5053249226583
3574661728148
3574661463865
3574661463971
3574661449074
3574661449166
3574661443317
3574661448916
3574661442549
3574661443478
3574661442815
3574661443041
5025970100326
5025970100364
5025970109930
4005900009388
4005808173297
6221155046611
5011289001942
5011289002123
5011289001799
5050375058453
0011210006508
16001051000316
16001051000644
28886467038192
8710447275320
8710522386576
8720181349706
8712561481625
8712561479790
8712561483049
8712561485517
28886467040140
28886467040119
8714100596203
8710447233924
8714100597316
8908016224057
8718114338644
28886467059029
8901030806599
8901030806582
28886467059043
15050375107615
15050375107646
5056267004003
5055028347168
5056267003983
5056267004027
8901030601927
8901030541827
8901030669590
8712561858199
8712561858168
8718114621388
8712561858175
8710908068232
8710908068263
4084500303089
5000174557466
4015600729516
4084500015883
4084500015142
4084500015708
8717163636275
8710908183171
8710908183706
8710908183423
8710908183461
8710908183447
8717163636411
5000101505577
5000101505591
5000101185168
5000101505416
5000101968068
5000101968143
5000101506062
5000101508202
5000101968228
5056267000739
5000101503825
5000101963902
5000101186707
5000101186615
5056267001248
5055028383234
5000101501135
5000101506109
5055028383258
5000101506123
5000101501074
5000101504600
5055028301917
5056267001125
5056267001149
8720181336270
8720181336294
8720181336430
8714100086209
8720181336232
6221155046581
6221155046154
5055028301894
8720181079481
8720181079504
8720181010644
8714100474242
0715220029723
8720181079368
8714100473825
8718951117792
3574661384689
3574661384603
8717163762943
8717163762745
5025416031177
5025416131709
5025416998999
5025416031160
8710847932571
5000231051043
5020535011581
5020535012007
5020535008673
5020535008635
5020535011987
5020535008659
5020535019204
5020535019181
5020535019167
5020535019143
5055028300545
3014260678401
3086129528882
5013405650478
7702018264247
5010189197205
7702018980222
7702018980246
7702018980154
7702018980178
7702018979165
7702018979134
7702018015672
7702018015016
8717163762981
5010159555509
5055028388109
5055028331549
5055028388116
5055028388093
5000231060847
5000231060861
5000231008818
5000231008788
5000231008849
5055028362086
5055028362093
5000297625226
5026445001988
5014697023216
5026445003241
5410373291618
8711700634984
8712561803854
8710447353639
8710447353714
8710447353486
8717163084243
8720181072949
5028748108289
5028748108296
5028748108272
5028748102966
502874800558
5028748007971
5028748005540
5000101778971
5000101779015
8717163020500
8718114233017
8717644367513
14600104041867
8710447249161
8710908790157
8710908770319
8710908799747
HWBG1
5028748108265
8711600350083
8710908400025
8710908293283
8710908333415
8717163621349
8710447273142
8717644324080
8717644321171
8717644319895
8717644319871
8717644587034
8717644316801
8710908559143
8710908383618
8711600797192
8720181255687
8717644318898
01040379002282302000101CRN2P
6920354837005
16920354812535
6001067521457
6281001101192
16920354824859
8718951302952
5056267000821
5056267000845
6001076003135
6001076319250
8934839126902
8934839126919
8934839126896
15054563088915
7198330012206
5054563088611
5054563033567
8001841141329
8413300418406
5011309895926
4103330217134
5055028349186
8718114259048
3574661594637
3574660635249
3574661107523
3574661253619
3574660666182
8714100901724
8001090132024
5000469054304
5000469054236
5020535010157
5020535010058
8714789863573
6001067522553
8714789823782
8718951412620
6001067524304
6001067523772
6001067890010
6001067580393
8693495048033
6001067517337
9.18073530910317e+21
8886467070099
8901571005383
3574660482546
5060066941865
5060066941841
5011597302991
5011597302977
5011597302984
8000700071005
8720181218422
8714789698908
8714789698939
5000101083037
5000101230646
5011417763872
8901030910050
8714789726205
MCS12
BXPPL25MM
8901030528576
8999999162467
18886467049214
5011451310599
3574661642871
5011451306752
5055028301443
5055028301412
18886467064408
5060263840022
18886467000598
8714789645841
8718951328198
8714789054940
5056267001088
8718951328167
8718951240094
5025416200016
5025416991228
5025416991280
5025416032112
8999999565138
8999999565121
5011417770566
5011417770573
8712561736718
8712561736770
8712561736756
5055028385436
5055028385405
5055028310476
5055028320208
5000101506802
5000101506789
5011451311619
5000101506529
5000101506543
5900998056018
5000101055935
5011417768808
8717644460696
8717644461273
5000101032950
5055028301009
5060110220335
5060110220328
5060110220359
5060110220342
4015400731610
8001090899156
8006540584064
4015400326243
8006540584002
4015400689867
8006540584163
4015400680598
5010081062007
8700216037983
8700216048620
5060110227471
5060110227488
5029054659694
5029054221174
5029054659571
8001841078441
5031413915792
5060066940530
5060066940516
5031413902846
5031413910773
5031413951158
5031413944969
5031413943559
5031413943542
5031413994353
5031413936841
5031413900408
5031413953152
5031413923704
5031413923674
3574661638980
3574661464923
5060114669512
5060114669505
5060920925109
5011597018281
5011597302861
5011597302854
5011597302915
5011597302939
5011597081414
5011597012128
8692361016398
5011597302731
4015600789398
5011597001009
5000204300680
5011597031457
5011597529107
5011597081254
5011597081247
5011597011886
5011597310330
5011597528797
5051743129249
5051743129225
5051743129843
6967887656680
5011597529565
5011597021441
5011597535160
5011597070494
5011597534132
5011597038012
5011597312907
5011597018298
5011597022196
5011597302953
50601146695430
50601146695362
8691458225811
8697409845565
8697409840287
5060615794898
6000201620285
5051743126040
5060110227259
5060110227266
5060110227242
5060110227228
5060110227235
5060110227211
5060110227204
5060110223992
5060110227549
5060403261274
5000101836480
15900627074304
5029054225097
5038673630281
5038673630274
5038673630526
5038673630533
5038673630434
5038673630441
5055490642174
5038673631592
5038673630632
5028181096808
5053249206530
6972507373397
5012145999335
5012145999328
5010326849790
9555211201445
9555211201452
6933265512060
15050375042541
15050375043050
15050375043135
15053249012503
5050373016721
5053249224985
5060615796939
60615797936
TP4-1116
15050375048789
6923456784598
6923456784581
6923456784574
5038673590080
BPL40-1122
5038673590066
BPL25-1124
5055490661984
5055203804356
5060010432890
5038673591384
5038673182704
5053249003573
5055490638238
5060615794652
5060615794669
5050375053137
5033298005797
8682655100100
8693010210228
8693011210227
8696287303518
8693011310224
8693011410221
8693010510229
53249256573
7426962217783
7426962217776
7426962217769
5060195620020
5038673183473
5038673183664
8681873024816
8681873024823
7426935084725
5060403261335
8681873025028
8681873025035
5033298013341
8681873025011
3282554138645
8696565630001
3282556138490
5055490641917
BXPPL20MM
5051743106424
5010326850178
6416479002225
5010326850161
6416479002256
5060403261090
8691899052847
5060114669666
5056557856237
8691444195814
8691444195821
3282553138462
8691444195838
3282553138479
8691444195845
3282553138448
8435428163402
5060103203871
5060743590997
5056557806546
5033298011583
5060103201228
5028181053009
89041023102310500
1OZSCC-1198
3282554138638
4OZSCC-1200
604738531142
604738531128
15056518804403
5060743591703
41594200636
41594205068
41594205075
41594261293
41594261316
5038673720456
5038673720463
5038673720470
5038673720487
5060066941292
GSDNC-1218
3838952026406
3838952026376
5053249229317
5053249220185
5053249220208
5053249220161
5053249220130
5053249218489
5050375107144
5053249248295
5053249248356
5053249218793
5053249248332
5053249203638
5000204957648
5053249202327
5053249202310
5053249202341
5053249202334
AWPSD-1238
5011417765258
5059001505392
8001090953919
5053249213934
8710847940156
8720181372421
5011417790878
5011417794890
8006540120613
8006540867518
8006540094235
5413149980617
5055028346222
8720181079467
3574661384641
8712561229135
8717163057995
5054563042125
5050375107175
4015400850403
5054563033529
8001841041384
8001841041353
5053249247656
5053249247670
5053249239057
5053249239071
5060114669659
3282554138652
CG25-1270
8712561241731
8904109488511
3574660635287
3574661197364
5031413927245
8006540822456
WS-1276
50278636044544
5050028164302
5050028174639
5050028012047
5050028028819
CSGO-1299
5000101127779
8710447233948
5410076229475
8718951302990
5060103200801
604738531104
8691444211552
8691444195722
745178738590
745178738569
5050028164340
5050028164401
5050028164364
5050028028833
5050028028826
5050028028802
5050028164289
5050028164326
5060201031246
5028181107757
5038673720197
5038673720180
8904234405278
8904234405612
8904234405353
8906074792198
8906074793102
5060743590478
5060743590485
5051743101269
8697641781744
5060151091109
5056557806034
5056557806041
8681873024427
5060743590232
5060743591000
5060743591024
5060743591611
5029054212301
5029054212295
7702018980208
5053249243696
5053249236438
5053249252322
5053249250649
5053249250663
5053249250687
5053249250816
5053249203768
5053249202297
5053249224725
5053249224718
5053249238272
5053249244631
5053249241708
8720181106620
5060743590492
8720181106323
8720182146571
8711600339781
8711700734783
8711700734721
8720181336973
6001067524441
5053249249223
5053249204413
15050375043302
DED-1351
15050375043074
15053249013159
5060010430384
5053249238968
5060508031215
5060110227464
5060110227457
5060110227273
5027908227716
5000431008960
5011417790359
5900017304007
4000388176966
8711700927680
8711700927604
8712561645775
6001067517733
8901030528552
5024951012467
5024951012450
5010326849783
5060103200849
745178738620
745178738637
745178738651
3574660542592
604565400208
5056338324894
5038673811857
5038673811864
8006540909225
5038673410746
5038673630618
604565400185
5038673240619
5038673570037
48256019452
55060060210214
48256093216
48256096187
48256099553
55060060211822
55060060211778
55060060212072
55060060212249
55060060212461
55060060212294
55060060212287
55060060212270
5056557806164
15056518804380
5038673720074
5038673232492
5056557806409
5051743106080
5060743590942
5060743591017
5051743106219
5056557806447
5060010432487
5010508189751
6921001715042
6921001715035
6921001715028
5060743590218
5060114660083
8697409845299
50278636044612
5060114669925
5060114669918
5060114669901
7426962216953
5060114669895
5060114669888
5010743380104
60887930946804
13AF-1475
NSC250-1469
DMCHC75-1460
7702018979103
18886467060851
18886467060868
18886467064361
LSP-1465
18886467064385
18886467035279
18886467035286
5010508072916
5033298008033
5060026001813
5060026001844
5000158417243
5033298013273
5000204810240
5000204951332
5000158450059
4365126566073
5026974002883
GSB-3011
5055380902197
5031413916140
5031413950410
5031413972320
5050375118638
5031413979947
5031413979916
5031413991208
5031413982329
5011597302878
18437014661603
18437014661634
18437014661627
5031413965513
5015911101178
15053249249527
15053249249015
15053249249497
15053249248988
716165252979
5060066942084
15053249241729
5053249237206
5053249250793
5053249230221
5050375093171
5010508184817
15056518805752
5031413923780
5031413922325
5031413914443
5031413982206
5031413918540
5031413918571
5031413919981
5031413927726
5031413927665
5031413918519
5031413921816
5031413915112
5031413915143
5031413915174
8445291875883
716165251316
8006540616055
5060013945427
8691444216830
8691444216847
5012145999960
5056557856121
5000325052567
4030700129851
4030700129820
7899481202248
870861000019
3567812359710
5050375097704
15056518805776
5070002115410
5028181074202
5055028358430
5033298012726
8001841417455
5000101504815
5055028386860
5055028386884
5055028387720
14600104041904
14600104041898
8710447497500
8712561614030
14600104041928
8720181336317
5000101509155
7891024137895
5028748008503
5028748008497
5000101500176
5000101152658
8720181079528
5060110224968
5900998056032
5000101093357
5000231070129
8710847950322
8710908656248
15056518805769
5060110228171
5060195620044
5056518805755
5028748008619
5011597302892
5011597302885
8001090953995
60887930946798
5055028301078
5011417777855
8001841357249
5017007602019
8001090862983
5027908874217
5027908874057
5027908874323
5027908874255
5027908874156
5060201032199
5038673131337
15053249239702
5060066942145
505521890031
5020535011925
5010743550040
5059001500649
5059001500656
15053249203758
8720181012112
8720181157257
8720181157233
8001841231990
8001841232027
8001841934266
5055028388130
5055028394087
103014260742195
8714789329390
8006540387597
5056267000906
8720181442605
8714789436098
8714789114026
8718951440418
5055028300668
5055028300620
5055028301689
5055028301726
5055028301702
5055028388307
8720181245756
5055521890055
5031413923308
SBNC12
5031413925272
5055028382879
5060082940811
5060082934209
5060082952586
5060082941801
5060082932083
5060082932212
5060082939471
5060082934216
5060082934223
5060082952524
5060082936029
5060082936036
5060082958649
5060082942655
5060082942631
5022822201569
8712561023252
5060026001691
5011417788653
5060066941827
5060082936623
5059001511683
15053249009473
5053249009476
6920190404003
8920158244359
A4NB-4092
A5NB-4093
3574661386447
8693011510228
5053249252780
5053249252766
8720182158048
5054563084125
5050375047600
15053249239245
4005805004099
6920754444988
8718951442672
8717644461532
8718951442689
5410373293612
8717163962015
5055586603249
5017353104939
50281810973002
SHBP
5060082932106
5060082945427
5060082945434
5060082944413
5060082944376
5022822219274
5022822202993
5060082943539
5060082944406
5060082944369
5060082932182
5060082954719
5060082943713
5060082932076
5060082945441
5060082934360
5060082932779
5060082932953
5060082932830
5060615794591
5060347970126
5060066941889
5060066941902
8700216103541
5000186696108
8001090288936
8720182114631
8720182114716
8720182114754
8710908375637
JCMHWS-5043
LAF1500-5044
8697404111092
8697409840454
5051743106240
5038673130835
4902580444877
4902580444860
5038673570051
5060066940257
5028181053405
5028181056307
5028181056208
5060103205578
5060103205585
5028181107559
7426962216977
16920354880534
5011417790885
5059001500618
5059001501783
8720181094712
8710447398241
8710447398227
5022822202269
5022822220263
5022822219212
5022822207134
5022822219199
5022822219762
5022822219311
5022822202979
5022822207165
5022822219236
5031413955064
5000101503801
15050375014685
5059001506924
5010287814509
8720182200266
8710522848821
5060082954078
5060082954177
5060082954221
5060082954191
5060082954214
5011417780619
5060082954160
5055203810401
5060082932168
5023997061910
5060082954207
5060082954184
5036200127891
5036200128287
5036200128263
5036200127174
105036200136770
15050375050379
105036200136787
5036200121486
105036200131621
<(01)05036200561299
105036200560933
(01)05036200130921
105036200565389
5036200349057
<(01)05036200561329
105036200561350
105036200130617
8697722501186
5010508072855
5000185035458
5023997999114
5060297460166
5053249206219
5000204545180
14600104038041
5011597535184
5060615794751
5056338382733
5060103202164
5056557856817
15056518804397
5011417782422
5028181106750
5060615794737
505174310620212
5056557830060
5013965953361
8001841141381
5011417791301
18801051109969
5060615797554
5060615797547
8710908064449
8710908764868
4015600414849
5060195620037
5060195620013
5056557812004
5056557830053
5060201031468
5000228999099
48901030207097
18901030496827
6001067502005
8691444216915
8691444216922
5060033820230
5060033820216
5027908227983
8006540918159
5011501003907
5011501000555
5010743890337
8001841971483
8001841971216
8001841971032
6923456806122
8700216048996
5010146006878
5000101508950
5000101505690
8001841971940
5011417778272
4015400259268
5056518801238
8001090240538
55060060212690
55060060212737
8006540530474
5000101082238
5000101505676
5029054224021
8710908799686
4064666410760
4064666410302
4064666410166
6910021100020
5029054587928
5029054212288
5055028358447
5056267000449
5055028358454
5010743890474
5053249229331
15050375050331
5020535015473
5020535015572
5020535015459
5023997999060
5413149267466
5011501016174
5011501003884
5055203807951
8693010310225
8693010110221
5051743101719
5060743591031
5056557820153
6923456781009
6923456792296
6923456797499
5028181097652
5028181097355
923456810129
5055028358461
5060082932250
8412300801072
5060114669604
5060114669628
8720181218385
5023997026070
4PCL
28886467049259
5023997061118
8720181079405
5028763004436
8697409841321
5010743890481
5010232037113
5010232037120
8696021236202
5060082932472
5060082945359
5060082932502
15036770126734
5050747018818
VSGM
VSGXL
6970245751705
8714789299426
5060615799039
ad15
ad16
8691444216823
8006540213803
5060114660304
5023997111226
5060082955334
5060636115429
5055028397361
5055028388086
8700216037969
5000204004328
8006540909164
5059001511614
8720181263088
5053249251974
5055521890314
8412765676161
5022822220256
5055203803076
5055203807050
5060010430346
5024996811698
5022822193192
5022822201620
5055490661915
5055490661908
BB10SQ
5060082958632
CFLB
5038673720968
4030969805138
8904234405551
8904234402604
8904234402468
8906074793263
8906074792457
8906074792259
8906074792334
8906074793225
8906074792419
8906074793423
8906074792518
8906074792150
8906074792037
8906074792433
8906074793812
8906074793027
8906074796202
5059001500946
5011417790335
5011417784839
5053249248318
105036200560940
4015600958817
5036200340269
5013655001525
5011417778265
15053249232406
5014353091696
5000185028771
5000185028764
15053249255405
5000185034505
15053249224548
5052578042000
5050577594117
5050577594124
8717644196250
506061579466
5050375057395
5038673183374
15053249008544
5000204205503
8006540810941
15053249246144
15029219000627
5060066942596
5060066942534
5060066942541
8720181079320
8901030561719
8717644321157
5000297625233
8717163545331
8717644721452
3574660649901
5010123821807
3574661684437
3574660635324
3574661684451
5055028348943
8710447495575
5055028331310
49000033953
5050375050815
5050375127975
15053249226986
15053249241750
5031413958317
5031413965483
8001841271590
8714789762890
8714789762869
4005808163953
5000101510748
5000101510120
5023997042360
5023997025073
5023997042551
5410076498666
5410076230006
6972940816031
5010699525581
5031413982176
5011784080695
5011784004271
8717163931738
3574660635263
3574661684413
15900627054368
3086128385219
5060110227563
SCTT3PK
5055218903389
5000185034574
5000185034628
KSPB
5055490664794
5055490664800
5055490664817
5055490664824
5056557830367
5056557830374
5056557820306
5024996809459
5022822177246
5022822171466
5022822163478
5022822193581
5056557809028
5023997061316
5060082932243
5060066943159
5060103205561
5060103205592
5055661208567
5000204300543
5055028358485
5017353110879
5017353106605
5017353110701
5024996923377
5024996812084
5024996923407
OTL100
3574661730875
8714789365138
5027908878345
5000101512742
5000101510823
5011417786086
5056557806584
5022822198685
5740600989330
5449000054678
5449000152268
12000078279
4062139001286
8594008040288
9002490100094
5900497023436
8594008040202
8594008045610
3502110109675
1100661880708120000
1100661880708810000
1100661880708670000
1100661880708290000
1100661880709040000
49000030754
49000067750
49000030761
8712561880091
49000030747
49000030730
5017726153281
5017726180416
5449000297181
3502110124173
5449000089137
3502110124159
3502110123633
18850389106317
18850389112882
18850389116767
18850389111380
18850389111854
18850389111366
18850389108458
18850389108182
18850389108175
4062139005277
8695188000151
8695188004005
TRS9
55060060210634
5033298008255
8691444195623
5060043670948
5055136593686
8720181336997
5024996923551
5024996923520
8720181263040
8720181263064
5059001508089
49000093285
78000152166
78000082166
78000052169
5038673140254
5038673140247
5038673140735
8710908790096
12000802843
5740700987977
78000098167
5000204113266
5037741980013
5055490626914
5028181097706
12
PTS
5053249251714
5053249256641
5051743103867
5056557830398
5056557830404
5060615796977
5055521880339
5055521880346
5055521880278
5055521880285
5010743380050
LRDL
5055521899829
4902580444884
490258044488411
5051743106349
5011417753910
4005805255361
5012616111204
4084500998698
8001090604743
5032227445482
5032227444942
5032227446045
5000101511509
5011962067111
5011962066114
8717163727478
5000101511561
5000101509377
5000101506680
4895151854437
5011417793886
5027908010516
5025802002101
23042701030277006g
5025802001609
5017353108586
8681873024601
5060743590881
5060743590874
5056557856831
5056557856848
745178738606
745178738729
6920354833434
8718951302983
7702018419609
5017353111807
8006540810811
BHWS25
5029054222676
5028181065002
8681873025042
5055028348875
8006540938690
8710847900891
8720181442629
5060403261199
5024996705959
5060110223824
5060110221950
5060110222438
5060110223800
5060110222469
5060110221929
5060110221981
5024996704440
5056557853304
5056557809011
5060615797981
5056557856374
5056557806430
5056557806256
BHRRL100
5051743106202
BHTSW100
5056557856114
5056557806652
5056557806645
8001841271385
6941976203535
6975207753292
CF600
L600
EB600
8886467067044
5000146084938
16001106298446
5000146084945
5023997000032
5027097091174
FMI
5060403261076
5060403260994
5060403261052
5060403261014
5060082955273
6001076001025
5025802002149
5025802002125
5000101213762
5000101213847
5000185028757
5017726180485
3502110124210
8437001799091
8691216082649
8691216098954
8691216042209
8691216042100
12000037849
3502110116574
3168930159872
3168930159841
78000011821
78000033496
779033974461
779033974454
5025802001647
5056557806195
5056557806621
7426962216939
5056557806669
5056557820887
5050375947832
5050375947856
5053249259963
5053249204802
5053249204840
5053249261140
5050375097728
5053249255996
5053249238944
5053249260044
5053249003900
5053249003948
9002490254636
5053249250533
5018063351156
5000101506505
5052197025996
5052197026023
5052197025965
5056557809356
5056557809332
8720181336355
DF3000
5053249255101
727156662783
5060508030768
5060508030782
50114293177801
5017353104694
8717644011812
5011962600059
5038673130934
5011289001577
3574661422398
5056557830435
5056557851003
5011309057621
5011309076127
5011309079227
5011309075724
5038673630113
8412766123480
8412766013293
8412766131638
4084500410084
8717163762684
5029054236352
5029054072318
5029054223529
3574661684390
3574660635348
18886467064583
8714789726113
15997321782949
8717644359419
5000101508103
8714789763453
8718951431836
8714789762838
8720181079344
8412765641060
5056267002344
5056267002368
4084500303058
5000101505744
8717163762660
8720181332241
8720181332166
8720181332326
8412765761119
8412766142764
8412766131720
15949031390150
5000158407589
5000204502794
5000204035193
4005900265654
8714100012642
8700216048910
5056267002429
8720181336379
8720181336454
8720181336393
8720181336478
8700216048958
5031413923018
5060615800148
5060615800124
5060615800131
5056709009351
5056267002870
5056267002917
5056267002931
5056267002979
8691444195630
8006540867570
8006540898840
5033298007746
8720181268120
5031413979978
5031413935226
5031413935196
5060508030706
5060082931970
5060082937057
25060201032735
15060201032738
5060082952517
5056557856107
3574661730813
5060615794140
5024996941913
5024996913217
5032227007222
5038673720166
5056557853441
8708720181126000
8720181126147
8717163965023
5011417749944
15201347172302
55060060212973
8001841729695
8006540078594
5413149462649
4015600958718
5413149462618
4015400931331
55060060212942
8720181114106
8720181434808
8006540994306
5056267003181
18850389108434
18850389113490
18850389108168
18850389115371
18850389106294
18850389111861
8901751397406
8901751397420
8901751397581
8901751405514
8901751397680
8901751397444
8901751446623
8901751397567
8901751446647
8901751446661
8901751446685
8901751405453
8901751397628
5011251828409
8720181224034
8720181224157
5060066943746
5060066943685
5056557831456
5000158419339
5000158419360
5011417789674
5056557820375
5060636115405
5060082930096
9325196003996
5060082930133
5056557830077
5056557831166
5056557801633
5055028358478
5014697027993
5014697028051
5014697028013
5014697028037
5000228991338
8717644321195
8710908318306
8710447242544
8711700715027
5000158418677
5011417802908
5000158422643
5010437010676
5010438007910
8714800003490
5017726180621
5017726132774
5010102232778
5010102235625
5010102120198
5010102120303
5017726155605
5017726432614
15060319440005
8006540801550
8006540801598
8006540801581
8006540801529
8006540989043
8710908789670
8710908790225
5056557830763
5056557830756
5060743590065
5060743590089
5060743590041
5011784004295
5015911101475
8717644331767
5025970124131
4005805231129
8412766097521
8412766097576
8412766097552
8412765894947
8412765984082
8412766114280
8412766091307
8412766129949
8412765606212
8412766091260
8412766129659
8412766150974
8412766151162
8412766142719
8412766153067
8412766153005
8412766029553
8412766151209
8412766151100
8412766029560
8412766142740
GNC12
8412766153043
8412766142702
8412766131690
84127656063731
5056482602275
8412766011794
8412766124845
8412766124852
8412766127167
8412766127846
8412766030283
8412766031280
8594008045214
3502110106438
5449000302441
5449000314994
5449000027351
5056267000883
90331701
3502110124135
78000037616
78000054163
8710908678639
8711600323544
8935236000710
5060743590256
5000204315554
5000204315523
5000204315585
5010232048164
5010232048171
8001841413549
15053249230730
6970905250395
6971610360010
5010232037106
5060508031246
50605080303552
5060508031222
50605080312151
71817033291
78000040524
5060386510215
5011429317780
CBWEL
CBBEL
5011962999351
8718951498761
8886467068836
8718951504271
7615400106233
5055949608904
5060743591222
5060743590102
5055521807817
3057067406501
3057067080503
3057067309505
3057067623502
3057067291503
3057067424321
3057067514329
3057067337324
3057067331322
3057067626329
810093450510
810093450619
810093450121
5000226000681
5011417784778
5056267003082
5056267003105
5011417750414
5011417750445
5056267000869
8718951608054
5059001503985
8006540899151
8001090731753
18886467049474
8886467049460
18886467049450
5060110228256
5000101512643
5000101512360
5000101511936
5000101510847
5000101512728
5000101512384
5000101514777
5011417774717
5449000227836
5449000151261
5449000166838
8908017994973
8906062531037
8906062531044
5060743591741
5060743590058
5060743590027
5060743590966
17350087736676
5000167813500
17350087736836
5000477723087
5010605831003
5011025083003
8904442800049
5000167801651
5010287845169
4005802042773
4005802237520
5012242096906
5054563009845
5000158400689
8006540358634
8006540358689
5012131743010
5028763004474
5017007601319
5010455064378
5010455037389
5034660016182
5010455064132
7622210413260
5034660011842
5034660011859
5010455064149
5011289000600
5011289001614
5012616116766
5050028164180
5050028164449
5050028164425
5050028164463
5410853062509
5410853062516
5050028026105
5050028026044
5050028026013
5050028095248
5050028017158
5050028097327
5050028026075
5050028164166
5060615797936
5060615794645
5038483234204
16295120050498
1.05038483580332e+34
8904442800056
8908016224330
8908016224712
8908016224347
8908016224682
10859581006539
10859581006546
18993560000605
4015400731528
8720181000409
4005805238661
5025970122465
5025970118291
5025970114385
5025970120522
4005805230818
5025970124124
5025970122472
8901030907258
5000174990232
8901571010998
8901571011124
836801000174
8001090192615
5053249251813
5053249251516
5028181065156
5060743591727
5060743591734
5060082930232
5060082930249
5060082944437
5056709017974
5060082934193
5060082959608
5060082959813
5060082959615
5060082959820
5060082959639
5060082959622
15050375116709
5053249247496
5022822220492
5053249247472
5050375116740
5053249240695
5038673720098
5022822143135
5022822212046
5056557811922
5031413924251
5053249262901
5060172859016
5025802001173
5027908221257
5011962793898
5011962983244
5011962100818
78000035551
5011962972699
5011962100306
5011962700209
5010743890214
5010743890665
8712561481632
8720181351020
18886467064415
8714100481431
8717163659236
8720181351044
28901030841105
8717644460870
8693010610226
8681371354613
8681371354514
8693011110220
5000101077067
5000101189753
5000101189340
9511919223
5011417794142
5066113001001
5066113001094
5066113001070
5066113001025
5000158423534
8006540822333
8006540822180
810093450657
810093450459
4005805006253
5012583502135
501253105220
56012583508120
5053249252384
7702018382514
5011309043129
716165254393
716165179900
716165255468
GBNC12
716165254362
716165254300
716165177784
3574669906470
5032227444102
3574661463834
5060110228386
8710847901157
8710908483363
5053249261614
5060066943951
5060066943982
5060066943999
5060066944125
5060066944095
5060066944132
5017353105585
WBB
5028181021008
5028181022203
5028181021404
5028181021602
5029054067505
5053249255972
8998100013223
8901491101820
9870001110080
9014911005314
8998100013056
8998100013230
9870001110070
9014916774239
9014911366224
8901491504782
9870001110130
4005808158683
7622300774752
5020535011949
8998100013285
5060735260112
5053249241142
5053249212609
5053249212647
5053249212661
5000185035533
5000185035519
5051743106097
5056557856893
5000185035618
5056557815135
5056557815128
5740600980597
9870001110050
5740800880369
12000040535
8998100013247
5740800880796
6928804011562
6928804010886
6928804013191
6928804019247
6928804024494
6928804011449
6928804011555
6928804024586
5449000264718
5060297460180
BBWB
BBWSPQ
50603865102151
9811040795846
9811040795853
6952394000545
6952394000552
9811040911574
12000045271
12000802805
12000804144
12000800443
8901764021787
8901764051104
8901764776519
12345678158
8901764036583
12000809989
12000028656
12000204975
5060166699161
12000211720
78000031768
12000203114
78000118162
5449000083296
5449000211965
8006540500934
5011962308122
5413149600881
8700216003933
5011417774793
5056267001262
8700216203227
8006540547618
8006540547588
8001841522470
8720181414862
8720182644176
8001090132017
8717644315514
8720182644220
5056267003525
8720182514318
8720182514233
5056267003549
5053249255934
5000209100513
15053249227457
5020535012021
5060743590195
15053249227396
5010326848625
5010326848595
15053249227426
15053249227334
15053249227365
15053249227273
15053249227303
5053249263762
5053249263748
BSG12
5020535012335
55060060212928
55060060212843
55060060212850
55060060212751
55060060212248
5060060212480
55060060212379
55060060212652
5060060212336
55060060212874
55060060212775
55060060212560
55060060212676
5060060212626
8006540584750
5000101093371
5000469080686
55060060212911
55060060212935
55060060213253
55060060213246
65060060212321
55060060213239
65060060212727
55060060212867
8006540822630
5022822201521
5022822147881
5022822153677
55060060213284
5011417807088
5059001505057
5059001505019
55060060213314
5060743590133
5033298005124
8720181218446
5060743590126
5060082943799
BHUSHD
8412766100764
5900951243530
8710800955807
8710800955845
4009900001823
4009900547727
4009900477406
4009900426046
6971486420108
5900951247026
8000500047873
5410133833911
25010605402238
5410133832693
5011417807156
3057067766322
3057067763505
5011417807101
5000167819359
5011417802694
5011417787397
8682655100513
5033298003359
5033298003311
10070970491334
10010700702309
8720181079382
5000469061845
8717163707609
8717163707623
3574660533620
3574660665277
103574661183626
8712561691338
8712561691314
5050375062276
5053249251776
5053249251677
5053249248394
5020535019365
5020535019402
5020535019327
5020535019303
5020535012632
5020535012878
5020535013493
20535019716
5060743591581
15050375050393
5060066942572
8901751405439
8901751397789
5028748108340
5023997025004
6970905250913
5410076230198
5060066942442
810093450466
5060384341408
8904234404653
8904234401393
8720181399770
8720181399763
8720181442797
5011417774694
4005808123841
4005808130092
4005808130122
4005808130580
5000158429000
5056557831470
8694732002016
5000185038091
5000185038084
5056557831418
5000204249842
5000204275520
5000204297393
5413149865662
55060060213529
55060060213512
55060060211600
55060060211617
55060060213048
55060060213185
5056709009368
5060082945366
55060060213192
55060060213178
8017331085653
5060082933981
5060082935183
5060082935176
5060082938825
5060082932519
5060082932878
5000204619645
5032227445970
5000185029280
5056518814399
5060082931673
5060082934049
55060060213307
55060060213291
4009900413077
4009900368384
4009900480192
4009900458047
8000500168028
8723400755432
8710800955555
5000201322609
4005500534617
8410031136012
34000151349
5000159462136
5000159436878
5010933093647
15060072652202
5010933092626
18013399181815
15060072652189
15060072652172
5010933092657
4009900497497
5020535015497
5017353100511
5017353103987
810093450640
8720181442643
8710908182846
8720181442667
4005805017839
5025970113524
5011417781531
4987072171868
5055028302327
8710505995641
8710505995573
8001090888709
5000101514753
5000101512681
5000101512346
5000101511912
7622300743666
8000500418178
8000500418093
5000201191694
7613035358447
8000500418253
7613032324674
25060057801097
4009900536714
4009900544573
4009900537292
28400062114
5025802000268
38801051127219
5056557806003
5000394803909
5000394803886
5000394803923
4005808163946
8710908777400
8710908862915
4000388563964
5060066944590
5060066944613
5060066944552
5060066944583
5060066944606
5060066944576
5060066944569
5060082930041
5060066941698
5060066941704
5056518800804
5902815440352
5902815440154
5902815440222
5000204625011
5056267002672
5060384341415
5056557804085
5060384340678
5011417789773
5011289002710
5011501016112
5011501016143
5011501003860
5056603400056
5017007601500
5000101227110
5000101227035
5000101501098
5000101501104
HWBSR1
HWBSG1
SWBSB1
5011417777480
5051743109166
5011417788790
5011417801673
5011417788769
5011417777466
4084500205871
5413149003019
50590015116141
5011417788462
5000101502651
5000101508189
8714789952147
5029054234846
5011417760505
5056557815197
5060743590188
8901314200044
5056557804092
010333787582213820011054X707
010333787561940020201054x62x
5410133834291
5410133832846
5410133833331
5410133834017
5410133833614
5410133831504
5410133832839
5000226960213
5060615794676
5060082939037
5056557830473
50554906619841
810093450664
810093450671
8904245400231
8901810001374
8901810017344
8901810001213
8901810014763
8901810001398
8901810001466
8901810001039
8901810011908
8901810016231
8901810001459
5056518812609
5056518812593
5056518803591
5029054237540
5029054227671
8901427000326
8901427000135
8901427000098
8901427000043
16920354880527
5054563068569
8902433000225
8902433003127
8902433005787
5000159550062
15060380690880
8901071703864
5056086500014
FPL
5028181092206
5028181092008
5028181092404
5056267001279
6001067525936
5010743890092
5010743890238
8010059017517
8010059017579
8901751359121
8010059017500
8010059017654
8010059017203
8010059017234
8901751359268
8901751361070
8901751363739
8901751363692
8901751369540
8901751357868
8901751363432
8901751357752
8901751368543
8901751359244
8901751359701
8901751369069
8901751359220
8901751359206
8901751432909
8901751368666
8901751357783
8901751370003
123123123
8901751368604
8901751359145
8901751434170
8901751384079
8901751406542
5060114669529
5000185034765
5000185114061
5000185106813
5000185114054
5000325051539
5029054236567
76171102829
76171101556
76171101051
5056518804772
7869811141424
7869811141387
5056518808541
5029054070536
5056518808251
5022822134584
8700216212991
5029054228760
5029054237632
5000174529159
5000174434613
3574661504223
8006540938720
5000325050242
7615400832835
7615400832873
7615400832897
5000325051584
5060120176554
5000325050266
5060120161796
5018063345537
5018063840360
5018063345551
5018063345582
3574661724249
5060082933127
5060082932663
5056709011194
5056709011217
5060082935046
5060082935039
5060082961991
5060082939778
5056709008521
5060082934070
8901751357790
8901751357806
8901751363531
8901751363272
3800020488652
4008400200217
5900951297205
5000159542876
5000159561679
5000159503273
3800020416341
5900951310980
7622210001788
5900951213502
5000201160744
7614500340028
5900951312281
5000159551069
3574661087313
3574661724409
3574661724270
5056557831425
5902815440284
5902815440291
5056557831432
5060615794515
5056557806607
8901427000159
5056518814115
8901427000142
8901427000180
8901427000166
8901427000173
5024996962215
5024996854978
FB1
5000394803961
5000394803985
5053249209012
15050375120546
8901427000111
15053249248995
5056338371614
5056338342485
5056338326300
5056338371584
5056338326263
5056338326317
5056338382801
5056338326133
5039164378613
5039164330628
5039164330550
5039164340610
5039164330543
5056338325655
5056338325143
5039164341570
5039164330512
5039164330895
5056338383914
5039164330567
5039164378620
5056338326232
5056338383624
5056338306258
5039164305169
5056338356895
6925867305300
5056338358127
5056338359445
5056338357014
5056338358950
5056338358974
5056338358998
8009890011143
5056338359001
5056338359018
5056338359193
5056338359407
5056338357489
5056338357571
5056338358028
5056338357823
5056338357465
5056338360144
5056338357892
5056338373533
5056338359926
5056338358929
5056338358851
5056338358615
5056338359889
5056338356970
5056338358899
5056338357250
5056338357441
5056338356987
5056338358837
5056338359902
5056338357403
5056338357946
5039164360243
5056338359872
5056338356604
5056338358806
5056338358783
5056338341594
5056338341969
5056338341617
5056338341600
5056338342140
5039164358554
5060066943845
7892512312114
105036200560759
5056557815180
8901427000029
5056557830190
5056557821679
5051743101283
7899481225117
5410133831160
8901427000319
5060066943937
3057067060703
5060066944118
5053249241784
5060066944026
5060066944002
5060066943968
5056338341501
5056338397072
5056338342065
5056338341556
5056338342102
5056338392749
5039164392824
5056338347718
5056338336521
5056338371591
5056338342539
5056338333483
5056338336514
5056338326126
5056338348319
5056338360021
5056338383471
5056338342157
5056338378637
5056338357281
5056338325020
5056518816133
5056338348333
5056338382573
5039164310811
5039164310828
5039164310835
5039164310842
5024996923582
5024996923612
5056557804498
5017353104458
8697641781812
5056557831883
8720181079283
5000101508660
5056267004096
5056267004119
8720181351327
8720181369612
8720181268144
8720181268168
8720181425813
8720182655950
5056557830664
5059001001375
5000204070248
8720181274435
4064666410609
15949152130499
7638900988956
8700216185653
8700216185622
8001841477695
5060615794744
FCEL10
42164104
8711600535749
8720181295638
8720181294594
8720181294518
8720181294426
60887930425576
5056557804108
5056338373649
5056338360212
5056338306081
5056338306111
5056338339645
5056338306050
5056338306029
5056338305183
5056338373793
5056338305060
5056338339638
5056338306197
5056338306098
5039164306166
5039164306173
5039164306180
5039164305992
5056338306326
5056338306302
5056338333452
5056338306012
5056338371508
5056338336507
5056338356864
5056338357496
5056338341549
5056338310712
5056338325679
5056338357076
5056338310699
5056338310538
5056338358240
5056338358059
5056338359377
5056338359414
5056338359421
5056338356642
5056338310286
5056338337504
5056338342492
5056338359384
5056338342096
5056338357144
5056338360328
5056338360311
5039164310767
5056338324603
5056338324887
5056338373786
5056338310064
5056338356703
5056338356680
5056338356673
5056338357366
5056338310118
5056338330604
5056338356659
5056338342225
5056338342089
5056338359988
5056338356598
5056338357151
5000159558044
5038483130933
6972518491035
6972518491042
5056338325488
5056338325464
8412766131454
8412766131447
8711700841269
5056518817437
5056518813736
5056518813729
6973083109028
5056557804139
5056557804078
7426962216434
7426962216458
8711600076068
5056338366955
5056557830862
5060066944019
5060114660250
9555192501299
4009900436076
4009900545150
4009900538190
4009900478236
8720181274077
8700216475341
8009890011129
8720182865441
8700216316064
8700216315890
5000204247558
8000500024591
5060615793068
5056338359391
5056338322845
5056338330642
5056338337528
5056557856329
5056557830886
5056338330543
5056557830893
5056338360304
5056338360335
5056338360045
5056338358684
5056557831555
5056557831562
5056557831616
5056557831579
5056557831548
15053249263776
5022822215627
5060010430421
5050375037830
5053249256719
5056141805979
5056338359353
5056338357632
5056338391742
5056338360014
5056338360281
5056338323088
5056338310729
5056338323071
5056338340641
5056338340634
5056338310088
5060615793051
5056338326294
5056709018179
5056338326140
5056557830640
5039164326270
5056338356888
5056338357519
5056338305022
5056338383440
5056557830916
5056338339713
5056518805830
SC16OZ20
SCL12OZ16OZ
5060082932847
4009900527071
7622300743567
4009900509985
8445290551658
3800020488423
5900951311512
5056709014157
5060082939761
5053249212623
8697404115373
PQVBES
6974391600023
5056518805762
4064666410685
5056518808565
5028181106668
5053249264066
70462062496
10070462002024
10070462011323
70462083767
10070462001058
5060066942046
4030700123996
3057067172109
8712561480192
5000226000292
5000226000278
7613287948977
8445290466150
7613287910783
7613287756619
4009900522113
4009900522076
4009900522243
4009900522090
7613039869130
5000159460293
5000159556811
7622210995988
5000159562270
5900951247880
7610100555558
7622210808974
7613039174937
5000159557320
5000159557016
5034660043010
5020411121175
34000109401
7613036446778
753854500133
753854500058
7622210785145
6290360597690
6291108736524
6290360597706
6291108736500
6290360597652
6290360597645
6290360597676
5054563180254
5054563180193
5000204021417
5000204131901
5000204170153
8000500317006
8000500273562
5053249258232
5050375046030
6291108736401
5022822223455
5022822213104
5060114669994
5056557830237
5060615794706
8720181468155
8720181469022
28901030841099
5025416031030
5020535012045
5025416999057
5028748108210
5028748108234
5056557820221
5056557820214
5056557820290
5000159381161
8404458
5060082930294
5011962534118
5010287745223
8720181373541
5056557809363
5038673310862
1000028243204
5056557815142
5024996861495
5024996869781
5022822198654
2402352045148
15053249246878
15053249246847
4005900756169
5056709011200
5056557820139
5053249265216
5053249265179
604738531258
8720181006494
5028181062100
5060615794584
5000185034888
5056338356871
5039164360199
5056338357304
5056338356956
5056338360267
5056338306043
7895896214128
2402210108879
6935430656180
5056338357311
5011417801307
5060615799480
5011417786109
5017353106285
5056557852765
5025802001777
5011962213822
8412765561450
4902580133443
4902580133474
5056557830770
8714789893945
8700216185806
8714789893976
8700216186094
5900017050201
8714789894003
5060347970102
5000309131271
5060114669987
5024996100518
5024996869804
5024996707793
5024996862621
5011417740309
5059001511881
1 50 56518 81307 8
5053249239897
5056338322517
5391534088806
5060201031345
8720182788573
8720182788658
5060082932618
5060082940941
5060615794478
5056557804412
5056557804870
5056557804474
5056557820177
5000226001367
9811040799882
5000297635270
5056518816102
8710908183157
6297000323060
8710908183812
8710908705748
8710908705540
5011417784785
5055028388161
5056518804734
5023997043022
5053249219219
8904234405254
16001051000293
16001019909811
8999999110321
8999999110307
8001090179241
8001090179319
5056267005062
29300701247618
29310054993995
5000101508837
5020072079594
8904442800308
8904442800285
8904442800292
8904442800216
8904442800858
5000394127036
5000394127302
5024996961744
5024996961768
5060706100140
5024996704969
8904442800094
8904442800087
8904442800063
8904442800582
8006540948347
5000101511783
8000500044674
4009900454681
4009900407106
4009900482394
5011597533753
8904442800742
8904442800735
8904442800728
5056557804146
5060066942558
5060615794904
8697641781522
5056709008453
5060082932151
5056709015796
5056709016250
5011417750131
8683206510737
6957264910375
9325196003989
5011352112506
5011289002185
5056557831289
5056557831296
5056557870103
5056557812080
5056557812042
5056557812233
5056557812240
8697641781010
5056557812059
5011417750148
5059001508096
5410076498772
8717163762929
8720181492686
8717163762967
5025802001678
5056709009306
5056709009313
5055028358492
8720181106446
8700216475211
8720181511493
8720181520181
8720181520525
8710847930003
4009900496230
4009900484213
4009900458061
5055521806483
7622201098438
7622210999313
7622201125707
7622210999375
7622210030641
7622210999702
7622210999177
7622201098469
7622210371690
7622210999146
7622210759122
7622210830050
7622210544155
7622210812414
7622210749222
5011501000012
5011501000395
5055028358508
5017353108807
5011417799567
5017353110978
5017353100788
8720181349348
5000477672125
5000477671104
5000477673108
4015400850434
4015600414931
5000357102551
5000357104029
5000357101011
5000357100984
5000357100977
5000394030435
SBRA13012345
8723400785040
8723400797029
4009900482783
10001583100167200
5056557852772
5053249254647
5020535015435
5053249256948
5053249270432
5053249271866
5050375097964
5056557820160
5056557832040
6937518700211
5060384340692
5060384340296
5060384340418
5060384340500
5056338357328
5056338347749
5039164342409
5039164342416
5039164342423
5039164342362
5039164342379
5056338358585
5056338358691
5056338358707
5056338357557
5056338357564
5056338358653
5039164958594
5039164958600
5039164958679
5039164958648
5039164958624
5039164958631
5056338391063
5056338391070
5056338391087
5056338391094
5056338391100
5060082932601
5056709014805
5060066944545
5060066944521
5060066940738
5060066940776
5011597011251
5056709020837
5000159561396
5054563216458
5060464503283
8006540475867
8006540475898
5000101514654
5000101510984
8006540838990
8006540944530
8717644163993
8008970237138
8008970237114
8008970237121
5000158422148
8720181272202
8712561374491
5032227008502
5032227008373
5032227008540
8006540475980
8006540476345
7426847787736
5056557832149
5056557832132
5056557830381
5039164342294
5039164342300
5039164342317
5039164342348
5039164342355
5039164342324
5039164342331
5056338374141
5056338374158
5056338383402
5056338383082
5056338342478
5056338342461
5056338360090
5056338357243
5056338342119
5056338341723
5056338342232
5056338347916
5056338357687
5017353108876
5056267002726
5060066940509
6971802090114
6971481220017
6972830530085
6033215185532
2306090105785
2403090105729
6971145620016
8547216595200
707670001398
6972530820011
6938564200304
2402110109211
690577962520
690577962513
5000158419056
5011417808795
5060464502026
4030300002967
4030300812276
5017848902163
5000101514678
5000101514418
5000101514395
5056338391056
5056338357908
5056338342515
5039164342393
5039164342386
5056338359964
5056338326614
5056338310637
5056557830220
5056557830213
6962356126169
5056338310620
5056338310644
5056338310323
5056338306210
5056338378583
5056338310743
5039164300638
5060103206094
5039164340627
5056338396624
5056338396617
5056338396600
5036200121790
105036200133335
105036200133342
105036200132819
5056338398017
5056338398000
5055521890307
5056709019954
5060082958175
5060082958182
5060082932649
5060082932632
5060082932670
5056709014812
5060082932625
5060082945496
5056709008705
5056709014201
5056709016243
5060082941771
5060082934629
5056709021346
5056709021360
5024996923223
5024996978827
5060082930171
5410853065951
5410076930432
5060743591598
5056338340665
5031413939095
8718951364387
8718951218499
8718951218482
8718951319110
505775941188
5056518818434
5056338396532
5056338340689
5056338340672
8684396080048
5056557830336
48991389139590
5000394013926
4005805183916
8714789894034
28901030841136
5056518813750
7869811033255
5000204316056
5000204316087
6902834000116
8696287301231
5028763009042
5056557806454
BXPPL70MM
BXPPL60MM
BXPPL50MM
6935446504635
6935446504642
6935446504666
6920241612197
TYPB100
65060735260138
6822081022511
6822081022528
6930459251774
8605066700141
6920241612111
FPL1
6822081022566
6822081022573
7891024233771
6822081022535
6822081022542
6822081022559
5056338383136
5056338360397
5056338360403
6920241107006
6920241107037
6992685846544
6992685846537
DRCBS8
DRCBM10
DRCBL12
5056557831333
6973083109011
5039164339713
5028181076152
5028181076237
5028181072871
6900000058268
6946357192446
6975265678555
6944768280301
6930459251088
6938786356124
6946357130707
6927236680063
6946357114684
6969000330101
6959013600070
6900000058206
6900000058121
6925150265205
6934346320222
6966025468994
OCPL(23-28mm)
BXPPL38MM
69000000600251
6900000060025
6920241107099
69000000600252
BXPPL63MM
6998526480014
6992685846520
OCPD4 (23-28mm)
6935205318107
6925282216168
6902130210202
PPL
5056518810155
5056518813859
5056518801429
6905013108108
6905013108092
6905013108085
5028882007783
6902021009205
6972554330039
6018715318826
SMS7PK
KCR20MTR
6900000087596
KTP12
6920240033160
6931348418858
6921363002224
6969000330118
6952060210155
6900000058305
6900000058275
6900000058374
FBBQG
9667201287077
6924565913251
6924565913275
6927157033610
6927768506039
6949802500049
5037409303086
6953231019676
6989877718772
6959013600018
6957951702818
6954971882162
6954971881110
6970205630132
6954971887341
69304592517741
KTBH
BXPPL75mm
BXPPL32MM
6927157033634
6927157033641
3574661728025
9555002106089
19555002106096
8720181406676
8720181406690
8720181406713
8194270135202
6905697015211
693441631469
KWBS
5026445002022
8720181533235
8720181533211
6936367300023
5060743591987
5000469090968
5000469090937
5000469090944
4005805231075
4005805231105
4005805231082
8717644397763
8720181272288
8717163715215
8720181192173
5000394127333
5000394127067
8718951226708
6946357115520
5010123821814
550600602117781
5029054236420
8720181469107
8720181468605
8720181469084
5011417788783
5011417788776
5011417809884
6952405201015
8720181436802
5060110228812
8710908458682
ZPBMB10
PKMB100
6921339500013
5000101844942
5000101508004
5011417808672
5011417808641
8901810011618
8712561531306
8712561538411
8710908015502
5000101512926
5022822212626
9667201287060
5053249268569
5032227449183
8006540968871
8700216297066
7638900052022
5413149290846
7615400828920
7615400828968
8006540555378
8006540977491
5060066944170
5060066944149
5060066943975
5056267002573
5056267002597
5056267004034
8720181605697
5038673630151
5038673630090
5060114668898
5060114669970
8435495849865
54490703
5054267000704
54491496
5000382018452
5010102345515
5449000124999
5449000131805
5000382124702
5000382124726
5449000125002
4062139018536
5010102345423
5000382124801
5010102340312
5000112684315
54492493
5010102340015
5000382018414
5054267013025
5010438020544
5000382018476
5054267000612
5010102106901
5023603333318
5023603333332
5010102342477
87170788
5054267006102
5000112666946
4062139015894
5000112677621
4060800172396
5000382124740
5000382114840
5449000125026
5000112684483
5000382124542
5000112673630
96120668
5054267013018
5017726137526
50412242
5010102344266
5010438020551
4060800302984
5023603333325
5054267002340
5010102244948
5023603333349
6430056289816
5000112676204
5000382115960
5023603333301
5000382124481
5000382115595
5000382124443
5000382124764
5000382115984
6430056289809
6430056289793
5000382124504
5010438022197
87170795
50411887
5054267014701
5000112677669
5000382124689
50595389
04060800171375
50595402
4062139007752
5054267001374
5010324027312
5000382115250
0753854500065
5054267015562
5000382112365
4062139007783
5000382123613
9002490279554
5061013949613
09002490210403
90474095
5000382123637
90474040
5000382122739
4060800307750
5000382123651
5032678001015
5000382124122
5056079900937
5012389002037
5000382124146
8423915016034
5010438022531
90457999
5000177499039
5000177498537
5012389672452
5000177498575
8445291547322
0034000446636
5060947545632
5054267012943
5012389002006
5056079901163
5000382124917
5060517885144
5054267013797
5056079900944
6009694636537
4060800307774
5000382124160
5056569901635
0034000252183
5060608747665
40608143
5000382125129
5000382123576
6009694631068
5060335632777
5054267014589
5056569902298
4062139019168
4060800310200
90456923
90456602
5060947545908
4062139016235
87170146
6009694635783
90433115
6009694631099
90456633
5029578000019
5061013949880
5999571051991
4060800308986
5000112680140
5000112669404
4062139015160
4062139018024
5449000011527
5000382124382
5449000121028
5000382122029
5010102100015
5000382124207
5449000120960
5000382124580
50107049
87171259
5000112673883
5000382122043
5000382124344
5010102244962
5000382124566
5029578000101
0615357000438
5000382124313
5010438020643
5000382124405
5000112670837
5010102244412
5000382124641
5000382124245
5010102118706
5000177499015
5000382125068
5000382115885
05060065301103
5000382124269
5029578000729
05017726192501
04060800169754
05017726192549
0034000937820
5000382124320
5054267015081
5010102346345
5017726442903
5010102243125
5000382115847
4062139017850
05060065302018
5060065300649
5010438018916
5010102244801
05010102324305
5060065300533
5000232036278
5060065300519
3092719700514
5000232036773
5060299910607
5000232036759
3092718626396
3092719700095
5000382122289
5060065300632
3092714422008
5060299910485
3092719700545
5060065300496
5010102103634
3092719700484
3092719501340
3092719700309
5000193640989
5000193940966
05017726157623
5060108450003
3217690016441
5061016151396
3217690036944
05017726163891
50413911
612511171607
5060108450164
5060299913943
5060299910546
0076537013226
5060299910508
05017726157579
612511277507
50413881
5032678004979
5449000133441
5000128681513
05010102324664
5000128027298
5060108450126
5032678003620
05017726163938
50413898
05010102324688
5032678008182
50303847
5032678003262
5032678005037
50413935
5032678012660
50413942
05010102324800
05017726157593
5060108453196
5032678012684
5010102324763
50413874
05017726163907
5032678011304
96179772
96199008
05010102231764
96181195
05010102231757
05010102342187
05010102324701
4062139020515
05060108451680
5060360506241
5000112557329
5449000028921
5000128670210
5000382124009
4062139020874
4060800310033
4062139020669
5013668436567
5013668436529
5013668436604
4062139020638
4062139015344
5013668436581
5000128519212
5000128008792
5023603333257
5023603333288
5000177438359
5000112684544
5023603333271
6291108736456
5000112684933
5010437022013
4060800302014
3057640409998
3057640494383
5019490500902
5010459120025
5026109011001
5000128581004
5019490500568
7613035281783
5026109011018
5026109009374
5026109000913
5000128941839
5026109000531
6290360597737
8445290273895
5000112684643
5026109005789
5026109000364
3057640319723
0810116127672
0810116127689
5000128580922
0810116128709
5015552000151
5019490500803
5013668436666
5000128430791
5013668435935
5000177427704
5013668437908
5000232036797
5013668439599
5013668435874
5013668439575
5011064013313
50248414
5013668437601
5013668437588
5000232037534
5010663810019
5010102004399
5011064004373
5017726440855
5060113201096
5010102004368
5000128442688
5060113201133
5010102349612
5449000276018
5999571051335
5019685007209
5013668425479
5013668440267
5011302321255
5060113200051
5010102004429
5019685007100
5010663807347
5019685206701
5011302119104
5000128946520
5000128946674
5000128932431
5013668439704
5011302115304
5013668439858
5013668440359
5013668439513
5019685007605
5013668440328
5013668641916
5013668434617
5000128945646
5013668439766
5011581065819
366309
5013668403286
5011417575888
5013668405464
5050028025795
7638900227543
5013668440465
5011302116257
5017974010886
5013668440526
5013668440557
5017974004090
5000128930529
5013668440496
5410853062493
5410853062486
5000394019171
5013668432538
5017974011241
5013668437724
5000204795370
5065000499266
5050028163893
743987
5050028163831
8711412030357
5017974003208
5050028163916
5017974002034
5011581068551
5010508014084
5053249231235
5023849100002
4501224501220
5010373039250
5013668432804
5027785808787
4501454501458
4501164501168
5022000210901
5011581070523
5023377007453
5010373019931
5011581070547
5021885702228
4501804501800
5028181072901
05025572475044
085592140358
5410316959308
5011013404278
5010677802062
5011166080022
4067700011015
5099873089798
5013668394577
5010314313357
5000387909014
5010103915403
17312040017680
0811538013031
5010478110878
5016840164197
5016840164333
5010677714006
5010103916738
5032678013537
7610594252148
17312040060709
5013668394218
5000289937207
5011166069850
5410316959223
5016840604167
3035540001740
5010327755014
5011166069898
5060361960011
5010103999991
8004747005535
5011013100156
5000289931717
5016840008811
5011007028008
5016840200178
5016840125327
5060926501796
5000281035338
7610113028148
5410316982429
5021932024044
5010314020002
5021932023801
5032678000018
4750021000393
085000019559
087000653122
5016840801481
5000289932417
5000291027224
8004747009588
721733000739
17312040040701
383558
5011007028022
5099873028032
3035542004206
048415000390
5032678000056
5410316442930
5010658307319
3800032006165
5011166082934
5012523232009
4016683023027
5013668068799
05010677017800
5011166082774
5000329002193
5021932023344
5060926501215
5000281060941
5010327407272
8004747009564
7630040409100
4062400157001
5024576010008
5060926500577
0813497006215
8004747006754
17312040017352
5032678001992
5060327910043
4901777020320
5410316966955
5010327207377
0501366802760
5000289932240
5010677850711
080244009984
5901867816641
5021932023962
5021932024020
5011013100040
5390683100018
3245990250302
3384126720217
5000281040899
5000289937276
5013668394690
5010677924009
1210000103888
70491100091
5060731200006
5016840000211
5021932023702
5000289934800
5032678002715
8000353006751
5011166069799
5011166080046
28501110080433
085000003763
8004160660304
5011166080176
5000159603843
8004747008864
5410316966139
5011166081371
5010677012270
5011166080169
0818844023266
5011166069997
5099873028230
5099873008522
793618103170
5000281020761
5010677914000
5010327207117
1210000100207
5024993732750
5016840000815
88004144739
8004747007508
5013668394829
5010696004171
5011166069881
17312040180704
5035766044611
5000281038018
5010494560282
5010658317837
5060436740876
5021932023726
5099873088654
8004747007591
42490852
5000289932509
5000299618240
5013668394942
5024993732743
5032678011724
4067700030870
5016840168379
5021932022088
5032678015319
5013668395000
5065020479002
5099873028001
5010103917087
40677552
7312040552528
087000652286
4067700034472
10048415520673
5032678011700
4016683021085
5021932024792
8414476142652
4016683027292
5021932024730
070491524040
5021932023382
8004747007607
5010284010515
5032678011236
4016683022709
42213277
8413425014569
5021932024006
5055807400596
5000289110808
8001110589500
5024993732767
5060657660052
5011166080718
8410024711165
5032678013735
8712436133291
8000353006881
7503023613217
3163937184049
070491523043
5010327655581
8004747009069
0070491544048
7640175742522
00855926163
5065020479033
5021932024143
5031992900011
3049197800090
7622210575036
7640175744168
085592121081
080432402825
070491576049
4016683027315
5065020479040
6412700572703
5060657660038
070491533042
8710625527258
5010284114213
5010327000404
5900343010146
5060657660021
5391515831292
5060731200020
5060361960004
070491103047
5060361960622
070491112049
8004747009403
8000040007009
5050565564764
070491111042
070491565043
070491808959
0048415541251
5021932024754
5021932024815
5016840168386
8004747008178
5010658303144
5010677870207
8004747007560
3219820001990
075496331075
8000570048022
5010677360074
7393714009401
5000281036762
082000765585
0853222006394
5021932019927
5032678011250
5060075960192
5060657660007
5010327655505
5060577610007
5000299618394
5013668027079
1210000100719
070491573048
8004747009861
5060045581563
5010296005691
88004042677
5060075961021
736983298072
080686816072
5060733490108
7640175743642
88004042660
5060733490122
88004042691
5050565806963
0849113016535
7501008660034
5060733490146
7460855202104
5010658318148
5010103932967
5390424120428
7640175712150
5021932024167
5060731200228
5010327325712
5033931604455
5060733251013
5011166069379
5000277002450
7360400110642
5021932022903
4067700024329
5000159603676
5010327705866
8711566013701
5060577610052
5000299608005
3219820002140
8000353004764
8414476143000
0853222006226
5391515831216
5065020479118
5061047160107
3460410527868
070491104099
4750021007767
5013668027055
5000291021628
5060436740258
5425035390325
5060436740012
8901725101374
3155930006015
5070000369709
5010038493779
5014218794540
5014379030716
5060657661097
5065018220098
5010314084202
5014218797732
7501064193248
5010038493816
5060657660045
5070000369716
5024993732637
5010017109745
5010153872633
5010153872909
5000213014912
5000213027714
5410316992060
5010017109714
5014379030549
5035766064299
5010038444252
5014379030600
5022496121507
5035766066286
5014379029918
5035766048114
5010038484050
5024583000016
5032678012912
5060257214105
05000213025277
5010153872787
7393714518903
5010038493830
5035766065548
5000213028513
5035766061533
8712000053116
5032678016156
5014379026221
8712000027490
5010153872664
50213030
5010153873272
5032678012936
5024993732538
5035766062578
5449000322982
5010017109769
5060926501680
8720039763265
5010153872817
5032678014213
5010017060220
5000289936194
5010153872367
5032678013797
5010038443330
5024993733276
5032678013810
5031283000017
05014379026900
5010153771677
5010038442807
5099873022245
5017011030501
5032678016101
5010153872237
5010153871322
5016840821069
5410263931525
5024993733290
5032678013469
5024993732866
5011166068983
5032678007512
5449000332905
5032678015807
5410228292081
5060257214426
8006890388831
42071945
5032678013575
5032678014275
5410316967846
5010153872244
5024993732644
5032678012561
5010038453957
44393155
5010153872220
5016325848666
5032678014312
5032678012608
7610113007792
5032678012950
5035766065623
5010038497593
5411718912809
5014379029833
8594403707670
5035766060468
5032678015791
5900490270202
5035766185604
9316920000084
5011166069430
5410263931495
7610113007761
5010144001349
5410263931471
5024993732651
5032678016088
5032678012547
4016683026776
5011166081326
5060750580349
50105377160
5010548005486
5032678012974
5032678012776
5024993732705
5035766065753
5011166069102
5032678012752
5010153872855
5011166081692
5060065304371
5010549303963
5017011090505
5060064741818
5010038442746
7640175744267
05032678012806
7610113022405
5011348013695
7610113027455
5065018220005
8710625902543
5010144000922
5060064740026
4016683027261
5032678015272
5017011040500
5010038464946
5065018220104
5010038484029
5449000193650
8710625902550
5010038454848
7610113018217
5060064741443
5060065306665
5060065301660
8714800003384
8008863030310
018341751062
5060260551525
5060657660434
5010186015595
5010186019081
5010186019371
7798039590342
5010186015588
5010186019395
5060657660991
085000021095
9322214015962
5060215330083
5010186020070
5010186017179
018341751109
9312088411892
5060078180375
8000555901083
5010134922500
5010186019043
3018334100003
085000025239
9311043051661
5010134916721
5010658315192
8412176010011
5010186017896
5010658315178
5000234046862
9311043009228
5060215330830
7804320131344
7798039599123
5010134919876
5010134919210
9311220004343
5010658316830
8005890278180
85000031926
9311218007240
085000005033
9311220005517
4008005900345
8005890100252
40696164
9311220006057
9311220010566
085000021569
085000022924
9311218007264
7622201729431
0764253003705
9315743501181
9311220005685
5010186019814
5010134922265
5060078181242
085000002872
5010658311439
5010658312696
085000009840
7798039599192
8000555301074
9415305000784
7808765768219
5010658316854
7808765768226
5018970094450
5010134916714
5018970091718
0764253500204
9300770043605
0764253505186
5060260550115
8906014765251
5010186014536
5060078180108
8410302952228
5060078180146
5060078181068
4008005900307
085000023594
29300727488279
5018970094443
9312088006999
5010658317615
5018970091725
8410302983314
5018970091732
5060260551327
8411718170428
5060078180160
5010134921992
5010134922531
9311220010184
5018970094467
3052853078443
3185370061503
5010186014567
8410302981242
5010134918312
8005890299185
4001744072823
5060215333695
5015063202037
5010134921008
8009495203752
9312088007019
4008005900338
8007531115724
9311220011013
9310297036486
5010658315505
8008863039405
5060260550160
05035766061014
8005890022011
5010186019234
8005890050069
05035766048312
05035766050124
8410113562326
5010038464922
366078
673404
08712000022365
366350
366294
05035766721130
368230
764077
366288
366396
366373
397493
5060926501277
07393714005106
5060471500145
446038
488401
5065003233362
05060031050202
05035766641643
5020628003431
5060471500107
7622201754259
5020628002427
50100556084082
5410228301110
496104
8711406010136
5997523315559
8719189124354
801591
5020628002021
8711406018309
729819
5035766048770
5013668440823
685686
5013668436246
5012136014030
7393714515902
5012136002709
7393714367747
5035766052586
7311100450422
7393714367846
5391520443053
5035766052494
5013668440786
5012136013750
5060034160045
5013668436284
5035766051183
7393714367938
5020628000775
5013668436260
5391516877251
5014201701760
5035766049487
5020628002403
5391516871143
5020628001970
5027342005949
5035766049081
5020628003622
5022896032519
7311100447323
5035766049500
7311100437508
5014201800654
5020628001475
5054267014220
8008863004502
3500610120015
50412037
5054267014725
5000382018438
5000112674033
50412709
5000112677324
5000112664027
5054267013124
5000112684438
5061013949972
7622201754280
5000382112327
5032678008168
5054267013117
5010102346758
5010438022548
5010102003439
5000382115311
5000232036735
90474064
5000112684452
5000435011409
5000143944020
5023603333240
5010388803549
5010459005216
5099483007656
41990050019
5010102324749
7622201754303
5056784900093
5000112684346
05060108451772
5019490500582
5013668434907
8720400046133
5000143908930
8710568058284
5000435011553
5000435011508
8720400433902
8720400434381
8720400438860
5060592005895
5060592005420
5060592004966
5000393184252
5000143630220
5012974105006
5060592007912
8720400433209
5060592009824
5000143513219
5000143282207
8412765674853
5010891010434
5000143073287
50226672
5000393167347
5060066940240
5000143677041
50226627
0716165177401
50226665
5000226705838
50226658
5000226001015
23423424324
5000393184832
716165177579
50226467
5000143854190
5000143207064
5000393184160
5060096612483
3014117
3057067103011
30110496
5000393178442
5000393021526
5000393184863
8723900103535
5000393179500
5707294194044
5000393043719
5000143962024
5710840158629
5707294194167
5000393184221
5000143955125
5000226001961
5000226000308
3057068153909
50226856
5060162780061
8437023708705
3057067765325
3057068154838
5000226000322
3574660435221
5000226000599
5010891064215
5000158065420
5000309007774
5000158100589
5060464503184
5010123727703
3574660534887
5051562019608
8413385020518
3574661353357
5052197025958
5000158106185
5011501040018
5011417583227
5000158064089
5000158104303
8720665000000
5055028381735
5017353506078
5053249257679
5017353503558
5056267003747
5054805039807
8710908181283
5054805039814
5012254060070
5012254060223
8720182513755
5031468214512
8720181605666
7622202209734
7622202342493
7622202342554
8720181079177
0103146000085
5056267003952
5000231039508
5056267001569
3574669908092
5056267008315
800070000005
5011451103931
5000128732895
8004260452649
5013668440700
5029054238127
8000700000050
5000128678148
5013668440687
5013668440663
5060409361596
5013668440649
59095712
5017289002538
5056267001583
8720181079153
5056267005314
8720181079184
5031468213812
5012583200680
5000129307917
5012583200789
8717644367209
5056267003136
5054563180209
5054563180179
5055028388239
5029053550329
3574669908252
3574669908535
5011302113300
8700216038003
8720181351310
59095361
5012008753203
8711600323520
3574669907873
5055028348882
5012008753005
5010527585169
5056267000852
5000128796453
5025135111327
5060131885445
4027800079520
4027800079025
5000128766432
96097274
50158089
5056267003198
5025135118050
5000128973526
5000128973502
7322541048857
5000128973540
5013668434587
5013668439537
5013668437441
8445291845756
5011302114109
4005800042782
5013668439735
5013668439797
5013668437403
5023139851201
5013668438745
5011302116202
5999571054640
5410853032809
5050028164050
5000128945592
5010373894965
5028181072802
5000394018457
5017974009033
5000394019089
5010507113528
5014721154787
5017974010909
3047100090316
5017974003369
0070330129665
5050028163978
4501684501686
5022896614524
5022896032502
5000289110600
7501008660027
5000281075037
5027785801306
8410024711134
5000289937238
7610113026021
8001110016303
5010677012324
5410853032830
5000159603645
5099873027912
8002230000302
5060078180122
5017974013221
5000128930659
5013668438691
05011581008816
5011581004108
0070330129627
5017974004014
5021419100186
5410316959285
5410316959360
4016683027018
5012523231965
5099873028209
5000281075006
3245990043300
5099873027998
5011166069867
8410024710427
5000387908987
9322214011797
7610113007518
7610113008744
5099873089613
8004747007461
5000289111003
5410316671118
5016840001218
8437004142115
5000281074955
5056204200178
5060045580863
5013668437922
5013668436642
50248407
5000128431156
5011064001631
0818844023761
5036034406414
5011007003005
5900343011853
8004027034491
5000299605950
5021932023023
5011166082927
5010103939881
9322214010646
5010134921077
5010103926393
7503023613200
40608006
5011166056584
5013668394089
8710625170003
5010375441082
5021932024853
5410316965385
5021932022101
8712436102792
5099873028018
0085000022924
5021932024839
5032678010574
5010327445540
5011166069133
5010852041651
5900471010261
3057770000508
5014271796161
5011166069836
5021932023368
42456070
5011166082941
5010103937146
5032678001602
5021932023641
5099873015490
4067700034465
5060045591333
5010391100703
50251001
5000299212936
6412709021776
5060436740067
5012461007776
5010677012478
1210000101877
085246342978
5032678006393
5021932023764
5011007003814
5065020479026
5021932023740
8000353000056
8004747007775
5010677012232
087000650398
5010658319985
5021932023689
8004747008352
5000387905535
5010658319961
5010327405971
5010262070074
5011166080725
5012523231972
5000281005416
8004747008611
5060327910777
17312040090706
070491569041
5010327307244
5010327405544
5013668394706
5010327105215
8410221110150
3152900051204
5033566034597
5024993732774
5010314054304
5013668026379
7312040552726
8000353001954
5010677105651
5099873060704
5000328026138
5024993732798
5010103945950
8414476143017
5011166080145
8414476142638
5021932022743
0070491513044
5060731200112
6412700561738
9013100053303
8004747008406
5000267014203
5000281033273
5024576600100
3334751007009
627040411438
5013668017285
0853222006042
5000281045627
5099873038758
7312040050703
3334751007498
0070491515048
8716000967237
42186465
5060045591357
1210000101914
5060045585271
0793591681795
5099873024461
5021932024129
8414476142645
5011166080701
5012523231989
5060392230008
5011166067795
5011166052753
5011166080695
8413425005758
8710625510779
88004042653
5060183132115
5055966820037
5000281036953
5390424121845
3035551511009
7640171033730
5060577610076
5060733250917
5060733490184
5010677860208
7640175743284
5010296001020
5391515831230
5061047160114
070491120099
3460410524423
0793591681788
5011019100037
5010284100056
5902573003271
5033931602130
0850035474105
5060436740548
5600267173032
4750021005091
5010153870899
5010038484098
5014379030631
5032678012875
5024993733269
5035766185253
5035766185567
7501064193040
5014379005103
5410316967860
5060926500331
5035766063919
8008440512420
5035766065425
0850035474006
7501064193101
5014379004533
5014379026870
5000112674583
5014379013061
50213085
5010153872893
5014379029802
5010038484067
5035766065401
5014379026825
8008440112712
5035766062530
8008440214065
5000281078229
5410316967884
5035766641858
5410316967907
5010153872800
5449000168481
5024993732347
5016325802323
5010038492000
5014379023503
398399
5056025440487
5014379010800
8410793022837
5035766066118
5011348016238
7640175742461
5060031050240
5032678013346
5024993732323
5010153872992
5035766066330
5010153738472
5010549016542
5056025434516
5035766062356
15012461002631
5060257214389
7312040340118
5032678016187
5010038490020
5010153872145
8720039764361
5035766185581
5014379017137
5032678016194
501134801209
8410793286536
5015759000725
0850035474068
5010103947411
5000196000148
5010103947435
8716700019403
5032678000216
5032678016163
5032678015784
5032678016200
5032678013308
4002103248248
5010153872732
5011348022871
8410793282965
5000264012776
5060926501611
5410263931297
5032678015241
1210000102201
5032678014350
5410263931310
5032678015814
5010548001549
5060926501635
5410263931273
5032678012738
5010038487969
7640175743338
15012461005052
5010153873715
7610113022603
5010103932592
5060657660977
5010548002171
5060065306764
8804374131344
8712000022136
5032678015296
75001629
5010549302157
5010186019715
5010186015601
69414024524252
7804320303178
7804320746173
9315743503031
085000014448
7804320760520
3666140010872
5000382114604
9311043066863
5060078181655
5010134919203
9322214009961
5010134916868
5010134912310
5010134008693
5010134912471
7804320985633
5013668440885
5010134008709
7804320746401
9312088012761
5602418004639
5010134921985
8410302106300
29300727008644
8008863252835
9311789002026
9312088415944
8000555301050
8000555301067
5000328026282
3185370000335
9322214011360
7804320510187
7804320760773
5010134922555
8000555301081
5010658316878
5010134916707
5010658315215
5010186014574
8005890299284
9315743502867
5010134916677
9312088201974
9312088012747
8712436132980
5010867801004
5010277010164
7808765768233
5010277013165
8410005421052
9310297036479
5010228005782
9311220011112
9322214007806
5601012009255
9415305000777
3049614083891
3185370001233
0764253505452
3076820005188
5603081100420
5010186017902
4001744072748
9311220012447
9311218119493
29300727008521
5010186012969
085000022207
9300770044886
85000620304
5014379012866
8410302122850
0085000031384
9322214010608
5010186014529
5010867801141
5060260551532
9311218004478
5010658308156
9311220005180
5010057000156
5010186012921
9311220010979
085000023587
4001744072809
3258431000008
366338
05035766720409
05035766060574
9415305000807
605980
08712000023133
3049614003417
9312088011399
4009900454087
3043700103814
3052853075909
50100387009212
710290
740224
366259
716633
05014379027860
383506
5065003233003
5010153872688
8712000022662
5032678012998
5035766063445
5060471500138
5065003233027
5035766050001
8719325257786
5060926501192
50100380488492
707020
727872
7311100450026
20221515
5013668436222
5012136014016
5035766051626
5035766048800
5012136012616
5035766049623
5010388202441
7393714898753
7311100422702
7311100423006
5035766047223
5012136008503
5035766049098
5035766052357
7804659740767
5027342005963
05056225900019
5027342005925
8445291701113
5000166157681
5027342005901
5013668436253
5014201701845
5000112674590
5011007027254
5013668439186
5000166158817
5013668437359
8445290938725
8445291268821
5900951303135
8445290936356
8445291014626
3065890155145
8445290698186
5011792008469
8445290697103
8445291267114
8445291268807
5000166158824
4008429037948
4008429155833
4008429156137
5000128921527
4008429070426
5011792008438
50045426
5013668440205
5000129360851
5000129361162
4008429155901
5013668440182
5000166157490
4008429155864
4770608255084
5000128998505
5013668440229
5000166157438
5998749122228
4008429037894
8445291010413
4770608264932
3065890155046
4770608253967
4770608253981
5000166157476
4008429166747
5000129362534
5000166157414
4770608263430
8445291258372
4008429156243
5011335005498
8445291338135
5010394003766
5011792008377
5000128769983
5000128769969
4009900550802
8445290638847
5000166032223
5010394003780
5010394001038
5012144004269
5012144907607
5998749104392
3065890148017
5000128847469
5000166061643
5012144907775
5012144907645
5000129362879
5012144907621
5013668440144
4008429167720
5010228005812
0085000014448
8445290698124
7613032717629
8445290980939
4008429138157
4008429138232
8445291314153
5000128847445
3065890123915
5010394998185
7613036288606
5998749131688
5998749139615
4008429138362
5998749125601
7613287161543
5998749140727
5010394004688
5013668440120
8445291314832
5000166123747
5010394003537
4009900549912
3065890123939
5054267015289
5000161004232
5900951277917
7613032717841
5011792007530
4062139015498
5000166073820
4008429168284
4008429167652
5000112674842
5010438020599
50412716
54491472
5000193034559
54492790
5054267014244
4062139015924
5000112673944
4062139018505
4000177031834
5054267014527
5010102343290
5054267013100
5054267013193
50412044
5010102345577
4062139015313
5010438020612
5000382114505
87170801
5017726442934
5010438021817
5000382124863
5054267014732
6430056289823
5010438020605
5054267015555
5038512002446
5054267002319
5000382124528
5000382124849
5054267013032
4060800167064
50412723
40822938
5449000131836
5010102221055
5010102345287
5010102346284
5038512002750
5038512002538
50595358
04060800133014
5010438022203
5061013949644
4060800302960
5056784900000
5056784900154
90474576
4000177022665
5056784900420
5061013949828
4060800307767
90474057
90474033
90474026
90456640
5060947546172
5056079901743
5010438023118
90457968
5000177498858
5054267012950
5061013942393
5000177499695
5000177498551
5056079901170
5060466510531
5061013960274
5056784900215
5056784900338
9002490271695
4060800310231
5056079901231
5060517882976
5056569900652
5056569900638
5056079901637
5056569901307
5056569901628
5056079901248
5000112674897
5000112674965
5449000335319
5000112673845
5000112673869
5000112684476
5000112677614
5056079901194
5056079901620
5060166696795
5060947545601
5000382123880
5449000006004
5000382115298
5010438020636
5000382125044
5000382121800
5000112684605
5000382124627
5449000006509
87170856
5000382124221
5000382124184
5000382121978
5000382123927
5010102113497
5029578000736
5010102343238
4062139015078
5000382115335
5000232036216
05060065302025
04060800169778
04060800169785
05017726192563
5010102244818
05060065301127
5060065300540
05060065301134
5010438018930
3092719700330
3092719700125
5060108450843
5449000133373
5000112557336
5060108450089
05017726157708
5017726189228
50411122
4009900536721
3092719700453
5060299910492
5000193240974
05017726157685
50414024
5032678016354
5000128158862
5032678006577
5032678003118
5032678010475
5000128681117
50414000
5060108450515
50413928
5032678004986
5060108450348
05010102324725
5010102343160
05010102231788
5000382021056
5000382114703
5054267013056
86947510
05010102324787
0501010223179
5000382021094
5054267013070
5000382114680
5054267014473
4062139020577
4062139020607
5010438023064
5000382123248
5023603333233
4060800178008
5000382114666
5000177438311
5023603333264
5010438022180
5449000034335
5033022002306
8720400442072
3068320014067
5026109011025
0810116128037
0810116128044
7613039857274
0810116127696
5010459001263
3057640410703
3057640510618
5000128941792
5099483007649
5026109005888
3057640319648
5000128648752
3057640406423
5056079901385
8720400010820
5000435016367
86947503
5000159604246
8000300438383
8712561803274
5000177427667
5000232036254
5013668436680
5013668436628
5060113200099
5060113201119
5449000312778
5449000312792
8720400075249
8710568058376
8720400435425
0716165174028
5060592009855
8720400458806
5410133831153
50226900
5000393085177
5000143658088
8412766060877
5000393085092
5000382105718
5000143314144
5000393041951
0034000939619
4806025971082
54010406
8710732226990
5000226001572
50226924
5000431008984
8412765500190
5000226002623
5410133879285
8412765131004
5000226000902
5000143593167
5000143396249
5000393184719
8412765711572
50226962
3057068215782
3179110001140
5000393085214
6293
5000143967821
5000393179531
5710840016776
5707294194105
5000393184689
5000226000261
4030700129844
50415687
5000226200852
5000226000360
3057068155835
5000166157469
5900951303159
5010605400490
8445290936394
5000477723230
5010123722708
4008429037986
5000166157704
5000166157360
5000309007668
5024071270334
5011309013719
4084500422780
5054563060471
5010123722463
5000158100701
5000158063945
3065890099692
5010123719982
5000158100541
5054563125491
5052197025989
8006540827338
5000347087844
5010605402814
5000347061837
5000158100510
5010123731717
5010724527481
4008429138256
3065890123878
5000112680157
5000101655579
5054805042067
0034000151271
5056267008353
5012583105091
5000101508769
5055028381728
5056267001156
5056267004560
8720181336942
5012144822719
8720181442780
5056267002900
5056267001132
8700216301848
5056267002863
5012254060230
5054267014237
5029053583006
8004260001380
5060324600916
5012583200802
5012583200796
5012583203285
5000128956956
5013668440762
5013668440748
5029053578323
5012583200758
8714789698922
5055028388246
8006540825297
8006540827215
5010123703431
8700216596893
8718114233000
8720181369599
5011417566312
8700216026321
5000128814973
8700216037952
7702018980925
5056267003327
4027800348800
5025135112485
8001090065964
7322542072448
4015400680352
8006540858172
5011309018011
0753854500140
5017375036850
5000328530130
5000168009322
0753854500102
7702018980819
4005800237522
7702018980901
5900951354908
8712561479806
5000159603799
5055028349193
5010654000719
5056267009329
5100022
5000226003859
5068080
5083744
5054349
8445292408240
8410525280177
8901063166059
8901063166066
8690146186502
8423915012296
123456123456
5016860001984
5901888028245
5901888028283
5039303003765
5000354404016
5904917031261
5904917031964
5904917032381
0682430179305
5031396087912
8690632712123
8717163859551
5900951293634
5060360506180
5060360506166
6323
0072417330001
278621
5010394996778
5010394996723
0031200001252
701-43302-011
8000500458181
278618
8000500458204
4012200168615
5016935001598
4035611
5081732
7393714897978
5707196262544
5391516876933
5900699105053
5000232029546
8008440510181
5059944006789
5059944006888
5000328013589
5035766064862
5020379170000
5020379172394
5000328014746
8720181218286
5000237139813
5391516877145
5010035064798
8720181227066
8711000703397
5060648120046
5000157150806
5051404
8410793286123
7410794286123
5016451674214
5900783008222
5010034014114
8000500418208
8410076491183
8720865190914
8720865190877
5059321005985
8690520510190
5059321006852
4002359019579
4002359020285
8445291491151
72417330001
5000354926587
5010035001267
5010035001243
5000168005539
5000168005577
5000354926532
5000232037633
5010035001137
5010035001328
5000232027306
5035766052319
5014201702378
5000168006024
5000168006383
8719964063120
8719964063212
8719964063007
8719964063090
8719964063069
8719964063151
5010029231403
5000382124085
5061064441487
5010029231397
5013668436956
23456789876543
4009900580038
810116127672
810116127689
4009900580151
8719964058799
4002359020278
5054267015609
8719964036360
8719964036353
4062139019595
6932570112279
5024993733283
5059319036748
4062139019533
5035766066507
5901888028269
6932570111814
5059319036984
90486067
5000232879363
5060147116687
5060425288426
7622210575012
6439
5056784906446
5000328036991
5000112685404
5010314314736
5000237206010
5000328037189
5020628004339
5012454063895
5020535020972
5059944005645
5059944005669
5059944005683
5016325852991
5020379181495
7393714898630
5010478634107
5056267001996
5000227000826
3329770051768
59095729
59095781
5010102341449
5035288168963
8719200274365
5010003065642
85000036921
3076820026084
3076820026251
22928351
5035288113109
5050565562029
7622202027734
3086123307513
3086123538474
3270220002727
3270220060963
5025572192668
5025572193108
5025572223522
5035288173011
5050565238337
5050565372437
5050565375667
5050565425942
5050565432001
5050565432049
5050565439161
5050565445100
5050565491916
5050565521477
5050565550637
5050565558374
5050565564658
5050565570321
5050565575630
5050565580931
5050565580962
5050565580979
5050565586391
5050565659873
5050565740304
5050565740595
5050565758200
5050565797711
5050565807977
5011044001378
5020379171939
5025547999773
96133163
5010658316328
5057753181901
5050565375490
1210002011228
1210002011259
1210002110044
5060005421458
5060015002135
5060015002388
5060015570085
4009900550321
5010153872879
8000500417317
5063249300367
8000500417348
5063249300268
5063249300329
1230000039352
1230000039413
1230000039475
1230000039536
3500610147838
5000101513848
5020379181556
5020379181594
5020379181617
8000500416990
8000500417331
8000500426159
604565336927
5391537510670
5060088709436
5000168022338
5020379067638
5060136255519
5000382121169
5000382121176
5010549016115
5011166068013
5056357906156
5056617579243
5056617579250
5056617579267
5063249300305
5063249300343
5063249300282
5063249300381
85000032930
34000473687
5000137528953
5000201478764
5000396056099
5010035069700
5011044001613
5011898062075
5012035985639
5012035986667
5012035986681
5025820007676
5035766065791
5060051271335
7393714312440
1157305
850035248614
850035248638
850035248645
5020379181655
5063249299654
6937080522518
1210000101495
5000237124697
5000237203545
5010134921930
5010218012011
5010218012660
5010867101982
5013967011557
5025148136461
5025148136485
5035288153556
5035288164507
5035766641841
5038635058955
5038635075792
5038635076010
5038635076331
5038635084916
5038635085852
5038635087184
5050565479891
5050565496119
5050565626578
5050565626585
5050565626608
5050565626615
5050565638120
5050565638137
5050565698957
5050565703866
5050565705129
5050565777065
5050565804570
5050565808530
5050565811752
5060152097773
5060267760975
22607225
1230000039444
3664346344890
5000159555630
5000159559829
5000159566780
5000204356687
5000281038094
5000354923159
5011013939633
5012454985654
5012454987825
5012454988471
5025572052610
5025572250511
5034083004117
5034083004124
5034083004148
5035288142222
5037241241843
5037241258728
5037241262749
5037241269304
5037241269335
5037241269489
5037241271161
5037241271192
5037241302933
5037241303046
5037241303107
5050221111493
5050565216878
5050565283894
5050565290915
5050565341327
5050565541895
5050565606839
5050565626813
5050565628749
5050565629425
5050565668875
5050565673565
5050565695338
5050565697554
5050565702982
5050565704450
5050565704481
5050565731920
5050565739568
5050565750419
5050565752505
5050565768575
5050565773784
5050565773814
5050565788054
5050565789716
5050565791597
5050565795656
5050565795786
5050565795793
5050565795922
5050565796004
5050565802224
5055801116400
5055801122036
5056357905128
5056357909263
7311070346916
7321012028114
7321012028152
7321012028176
7321012071356
7321012074135
8445291331730
5000159541855
5000159547895
5000159560030
5000168162829
8052107550416
5000204891690
5027882000077
5027882000091
5056267008148
5027882940809
4000539764424
4009900551021
5011348010090
5011348023632
6937080522525
7622201725402
7622202024801
7622210289308
7622210670892
7638900437645
7638900438147
7393714898500
5055281001234
5012035959678
5063249300626
8720182781741
7622202032738
5000234054683
5022296010179
5050974508212
5050974508298
5038486810016
5038486810023
5038486810030
8720181466434
8720182414137
5000354922831
4025500267087
4025500267148
4009900547680
5013748045375
5000221607922
5011403000035
7613033429026
5016878010664
5063249299432
5000328031033
5000328031187
5059001015938
5000354923234
5000354923586
8720182782960
5000101515347
5000101515361
5000328028699
5010468127008
5060018880020
8710625000089
5012035999117
20603373
5032824026084
5033022000012
5060147117363
5063249299777
5063249300718
5056053305802
5391511420209
5391511420421
5000143916522
5000143935332
5000393184191
3500610156267
4025500293086
1230000131827
7622202233142
5000393185761
31200005571
5000143901122
7622202240119
7622202240164
5011626921230
4062400174305
5000143962321
3574661202655
8720181483554
5900595012752
5010003070042
5000157156044
5012128574696
5012128605833
5012128605864
5012213544580
5012213544597
5015302127152
5015302142094
5015302163730
5015302166069
5015302166090
5015302168148
5015302168179
5015302168612
5015302168643
5015302169282
5063249300909
5038635087658
5010745055680
5060147115246
5707294376327
5012035969875
8410013008313
4062400174404
4062139017416
5000393191168
5000393191199
5000393191267
5000393191298
5000393191380
5000393191441
5022296009043
5031396090141
5031396090165
7622202234798
3090291124773
3341504005748
5018374178381
5012023681239
5012023691238
5038961001359
5038961002844
70177229573
5037531000297
3500610080593
5012128605628
5063249299678
5014008002237
5707294376419
8720182064363
4008577070415
5000181035780
5012179001752
5012179007372
5025547996307
5025547997106
5025547997533
5025547997908
5025547998332
5025547998776
5025547999889
5050222001694
5050222002196
5050222002233
5060055980813
5060072990307
5060072990345
5060072990352
5060072992257
5060161210071
5060161210200
5060161210248
5060161210255
5060161214871
5060551219219
5060551219233
5020535019396
5060608080496
5060953335197
5060953335210
5060953335234
5060953335357
5060953335395
5060953335432
5391516250962
5391516250986
5391516252072
5391516252089
5760466748780
5000328029894
5000328029917
5010003064140
5010003064157
5011295111437
5020379161268
5020379164467
5020379164757
5038635072456
5060018773735
5060088250129
5060088250471
5060088250488
5060088250884
5060088251546
5060147117387
5060147117400
5060147117424
5060760305130
5053249278612
5000159603461
5010153872695
5010605402876
8711327639942
3415583008928
5000281078212
5027324003833
5027324003840
5027324003857
5060088250419
5060088259177
5060453884119
5060453885369
5060453892855
5060453898482
3047100017849
4025500279813
4025500280734
4025500293673
5000159566827
5000201465429
5010292973956
5010292973970
5010292973994
5011013941254
5034467000223
5056357913765
5060072999959
5060971861470
5060971861500
5060971861531
5063249300961
5063249300985
5063249301005
5740900404779
5000232038135
5053990177929
5053990177950
8000300430493
34000005512
5029872022908
5029872023189
5060453898826
5060453898864
192
321
338
1656
3322
3339
3346
3360
4107
4626
4848
4985
5005
5012
5418
5425
5432
5524
5579
5692
5708
8457
21240669
21240720
21240775
22600240
22606075
22611932
22749994
22750136
22761583
50107148
50114474
50168989
50189052
50189533
50189540
50204267
50222087
50222155
50232352
50232406
50337408
50354801
50382156
50427161
50427321
50427598
50513024
50599448
50929498
50974078
50994519
50998432
54490345
59092643
87170382
96184240
31200453334
34000491100
72417197024
79813000118
80686283409
85000004135
85000036938
85000036945
87000006829
87000853966
267980000000
267990000000
268000000000
268010000000
268080000000
530756007454
604565336910
604565534880
604565535061
721107404491
721107404903
731051185476
798130001126
840048218582
1210002009768
3014260288587
3029440000668
3029440003966
3047100056251
3049197100275
3049197105096
3049197110267
3057640105043
3068320012056
3073781159936
3086126691855
3159560700107
3161712866104
3185370019948
3185370036501
3219820001921
3219820002539
3219820002553
3219820002669
3219820003048
3245990131328
3245990589310
3245991515813
3245991653911
3245991694914
3245993021213
3245993405716
3259680007497
3280223101068
3291811141885
3291811187111
3469070000407
3500610073182
3500610090011
3574661648804
3760010530313
4002359014758
4005800237492
4007988035433
4008177124587
4008177124624
4008177157264
4008496059768
4008577060065
4009900538800
4009900539302
4009900544580
4009900546089
4009900546102
4009900546140
4009900546164
4009900546249
4010198023701
4010198030624
4017100207136
4023600003284
4025500243357
4025500276614
4025500278151
4025500278229
4025500278243
4025500295462
4062139016136
5000113001388
5000116033454
5000116128389
5000116128433
5000116128457
5000116128914
5000127700024
5000127730021
5000128003940
5000128243162
5000128333078
5000128333085
5000128495011
5000128541558
5000128541565
5000137864952
5000143919332
5000143940930
5000143976724
5000158060142
5022000120200
5020347001886
5013668432828
5022000260302
5022000110201
5022000120408
5022000120309
5022000110102
5022000110508
5055019708114
5022000310106
5013668432859
5022000260203
5022000210208
5011581009516
5021506011661
5011581040649
5060343701458
5023139266807
5011581063587
5021506011081
6416479014266
5021339298222
5060043326159
11000321807
5060725791398
5011581032101
5060043321857
5011581046375
8413997493267
0727351000113
5021506011357
5011581064829
5029935500114
5060343700109
5023139230501
5011581042223
5011581063501
5055674926793
5021506011166
011929701515
5011581071803
5391516510172
5011581063747
05021506008623
5011792008773
5055674911492
6416479014259
5011581063488
5021506011128
05022458011495
5011581063464
5011581046351
5060462652631
5023139266609
5023139320905
5055674911454
5011581071780
5011581021846
5056156916356
5011302122128
5055202190146
3342690132539
5055141766280
8427950340161
5011581039582
5060170141694
5023139320806
5060170141717
8413997494691
5011581039643
5028181053207
5055202110250
5011929164082
3342690132546
05022458029537
5011581063440
5022000001530
5060483180007
6416479014242
011929505359
50048419985490
5060725790827
5011581032064
05022458029520
5023139230402
5011581032088
434664
5011581063563
052022
5053249010427
5060065362340
05022458012072
5023139704200
5055674913250
05011929309872
729361
5060043327170
5060462652624
5021506011241
5060324600862
5021506011111
5060201030485
5055674916640
5021506011739
5023139245437
5023139213238
5060343701595
5021506011654
50022053398
05011929309889
5021506011227
8001841522487
5023139245536
5055674916206
5055674916565
5060725790810
5413149200166
5055674916589
5023139635009
05011929309896
5023262143334
5055674916626
5413149200111
5021506011289
5023139639106
5060043320720
5055674916541
5060343701571
5060043328979
5055674916602
5013873030802
5023139639007
5060396300066
90419610
http://q-r.to/harCO2
5055674913236
5060343701328
5055674916527
5013332300118
8700216252980
5010038023778
5011807036524
5013332700116
5050328000324
4023103251236
5060474441179
5021506005127
5011807035985
5036383000554
5010699513977
5000204895612
5011251828607
5050328000331
5013332250116
5011807044413
5050328003905
5029935802591
5056267004102
5032767000400
8700216903080
05021506005462
8001841709253
5060200890363
5010232980198
5050576052359
7615400794898
5010699513939
5050328001758
5010699527295
5060060211834
5056603400032
5011251048524
05021506006162
5011807047285
4015600414856
5050328004452
8700216859592
497328
5013332401037
5056267004089
699800
7615400170708
5011251411267
699823
5060321438727
5011807036197
8700216904728
5026326013871
5011251717109
5011251045523
7615400847709
5010699523464
5036383001056
4015600588229
4015600414948
5060190640474
7322540656299
5060190641631
7322540507522
05011251385674
5029935714191
8025906532105
7615400721573
5013332400115
5013668433160
8700216760119
8700216759809
5011807035442
699773
5060391073507
7615400818099
699830
0617395869565
5011251719004
5013332200111
5000237206331
682031
5011251045370
5011251133169
7615400832903
5413149513662
5060190641259
5011251385674
8700216760300
715235749562
5054604697017
8700216782692
471291
5000146048459
5011251003103
5011581063402
5060190641181
5010699523457
699796
7615400720521
05021506006148
0883314176940
5020229100454
5020229103721
026102390832
5011581003323
5020229105459
10883314957201
3800864032875
10883314957416
5020229106685
8693357164734
10883314891895
10026102763992
5011581064423
5060104512125
0026102478042
10883314695110
5020229104971
5060104512354
5020229103929
5020229104995
5020229104414
5020229104490
5011581063334
5020229103769
5055674916831
01282092
5020229229001
10026102424381
5020229100584
5020229106098
5020229102182
5011581003279
5020229104322
4901427940831
5020229105008
5020229286202
5011581066465
10026102763978
5020229103684
0883314630145
5020229102045
5020229101130
026102074817
5011581003262
026102218839
5020229104391
5020229101758
5011581003248
5020229260684
5020229100256
8000070035188
7613033694134
5020229105015
5020229214007
5020229100003
50202229101857
5013668082450
5020229105466
5020229260691
5020229278009
5010652988798
5020229215004
5020229279006
5020229104292
5000208039012
5013668082559
5020229102311
5034660022220
5020229104070
96033197
0615357123595
5060020666100
5060343701670
7613035301429
8445290856296
5020229100928
5020229102090
5013668082498
5034660514671
5020229247517
5030750033466
05010652994782
5020229100546
7613035301405
8445290856272
5020229104162
10883314541325
0615357123755
5060343700550
7613035298989
5020229107460
5020229100294
0501366808250
5060343700024
5021698100327
5060060384026
5024577103044
7613031525478
5024577107950
5034660022190
5020933121912
5020933023896
7613036002455
5034660022237
05034660514459
7613035302884
5060343701694
8711000524220
7613033694158
5010067340150
5010439003331
5000136041743
5060343701991
0011210135826
5010067340358
5000243727592
5024577103020
05034660514411
7613035301641
5060343700499
5060343700673
91132064
5024577103099
3498430007091
5024577103037
5060467581004
5010102114135
05000157104533
7640110700389
5034660026273
5000134041783
5010067340457
8445291246713
5060060387010
5000243727578
7613031525454
5010051017914
5060060383029
5000111014502
5060872360003
5028081002343
5010285100666
5010392000026
5010285105210
5017482001345
5059471000281
5010285100895
5010285107504
5060202771943
5020933013781
5000254502720
05036582001437
05010219602877
5010092879403
5010092879304
5050415047072
5028081002398
05000111614139
5020933016881
5020933130587
5024231000696
5000354203831
5020332728125
5028081002350
5010972101013
5010285104381
5010285100680
5000254502713
5015821125349
5059471000304
5000157015655
659209
5028081002633
5010285100697
5060065301707
5024577103112
5000111014663
5015821125356
5033897100275
5028081002404
8031301880093
5010285107542
5012991000759
5012991000766
5010285105227
50959723
5000157024374
5024577103105
5010285100703
5000354700453
5020933122056
5020933111081
3612645717013
5017506130419
5000354700651
5020933121929
5020933121967
5010067306903
5018010016510
5055674916671
5020933111036
5010115900688
05027675501378
5021507162973
5055674916268
5010115902996
5028820058808
5020933122179
5018010003008
8718951364400
5018010017562
5020933075253
5000254502683
5010115818433
21181447
5017506130013
5020933011978
5000354916786
5020933122087
5021507163017
05028820000197
5010115818471
5029728020027
5000254502676
5020933111098
5010115900633
5055674916244
5000354916762
5020933111029
5020933023902
5000354700675
05000117700485
5010115943494
05028820000210
5055674916220
5028820041336
5018010097687
5055674916275
5027226000176
5020933075277
05027974567105
7311311012631
5010285102387
5013668429804
5020933111067
5017506701022
8712566296255
5020933122100
18012169001247
5021339300222
5021339036251
5010338018337
5021339406085
7613033488146
05027974509105
05000232900319
5012583212713
5000175408040
5000354920714
5020933111074
5000157004000
0011179581122
0011179582259
6291108736357
8003496002048
5020933111104
5020933111128
8712566119271
5021339356229
5020933679895
7613031292646
5013668439476
5027974567174
5013803102265
5020268500239
5027974534107
5000232900302
5021006041014
05010285103049
5021339026252
5010285100802
5010338015183
5013668439452
5027974534176
8718114995427
05010115107742
7613035258822
5060778191435
5010115926992
5019989100668
5010115114429
5010115114436
8005333015013
05010067325348
5021006029074
5060202773367
5010115934621
5010285100819
5000243890807
5039303003772
7613031293674
5060778191459
8718114995762
5000232863836
5021339587227
1903043067636
071475740012
5010115020027
5021339581225
05010115107872
5013635116959
05010652723757
5010115100033
5010115913268
5021339577228
5021339579222
7613035739406
8424793001921
7613035258808
5010115100026
5010115913787
5060778191398
5010024130510
5035660139031
5010105111001
5000354920301
5013635116003
5000175408033
00043647130501
5018027005026
5036582000027
660031
5021339094220
5020332830552
5011273031641
00043647010506
5021698100198
5705550600209
5027974111179
5010398000785
5010398001416
5011251022500
8710581913904
5020933121905
5020933023889
5020332780888
5010652998544
5000168040929
8710581913928
5410126106282
00043647160508
5099869741150
5027974509174
5000401000840
8712566210275
5010745056021
5000354163562
3076820004181
5013803100445
5021698100044
05050083392795
5050083393693
5013803803186
00043647381507
8694187563605
5060016800174
5010398000778
5050083393624
502093307159
5000157071736
5021698100235
5013803107147
5036582000010
50168163
0101200005335
5056267005673
5060051271144
5000241006743
5011044000449
5414150410575
5010652994607
5000354927508
5410438045934
5000316010002
5411188115366
5000316020001
5000128078139
5000354927492
5411188116592
5060201621836
5410438047037
5056357910429
5000128701945
5060201621843
5410438044845
5016860001366
05099869343866
5410438047730
5056357910405
5410438047754
5000128078115
5056357910306
5000328019222
5056357910382
5056357910368
5056357910344
5056357910443
5000328030357
5000328030333
5000328133034
5000328038230
5000328035987
5410438044821
5000328036649
5000168031064
5016860959483
5016860000178
5000328036557
5000237206270
5000237139851
5000328036496
5010052113226
72417337253
5000328149035
5027017267153
5000237205860
5000328014876
5013668700767
5027017250957
5000168039756
5000237206799
5000237206119
5000237206034
5000237206294
5000168039718
5000328037028
5000328037059
5000237206812
5000328037110
5000328033945
5000237206096
4008007017799
5027017267054
5000328014937
5000328373362
5000168039732
5000237060964
5016491124052
5010052114308
5013668700804
5000328028545
5013668700972
5010052114247
5010052114254
5020411121182
5000168040349
5010052114230
5000328036588
5000328037301
5000328036670
5000328036410
5010052114193
5000237206317
5000328019253
5027017267351
5010052114346
5013668700781
5000328034744
5053990177868
5000237060971
5027017267252
5000108034551
5000328019314
5000328037875
64929821
5010052115626
5016491124069
5000328531007
5000328601380
5000328037585
5000237206959
5053990177899
5000237206058
5000328697796
5010052113240
5010052115114
5000328111780
5000328530215
5010052115121
5012005290107
5000328036113
5000129327380
5000129327816
5010052114315
5000328014791
5000237060988
5000168035031
5053990186501
5000328038001
5000237206515
90222536
5010052116067
5000129327373
5000168003061
5000328036236
5000328035482
5000328111940
5000237205945
5010052114209
5000168031026
5000328111865
5000328037967
5010052115077
5000197154239
72417199585
5000137016955
5000237088289
5000168031002
5000237205907
5000237205884
4251097420196
5000328036083
5010052114629
5000328219844
5010052115985
5010052115923
5000168035529
5000168076225
5000237091654
5000328035451
5000328196237
5000328107462
5000237081785
5053990186532
5010052114162
5000328035505
5010052115053
5056267007172
8445291037106
0085000023983
5010052115084
5000328036335
4251097407234
5010052114179
5000129326598
5000232040725
5029788193693
5029788603079
5012583212676
5900951354878
5900951354915
5000237206478
5000328029337
5010052114155
5000168031040
4251097420226
5000328329604
5010052116074
5000168035369
5000328035529
5010052115855
5000328035567
5000328035543
5000237206218
1157301
5000328036908
5010052115060
5000168007694
4251097420431
5000328036328
5000328219769
5000237206171
5000328375373
5000237138700
5016451062196
5016451062134
5000328270548
5053990185887
5012005090202
5000328452579
5106737
5106732
5033060100125
5016451062172
5000237206652
5016451062141
5053990107339
5000237206614
5000328038780
5016451062127
21270081
5053990178469
5000237206751
5000328036939
5000237206676
5053990107353
5053990182985
5000328590929
5000328583839
5000328461755
5000237206232
5060078181624
5000328347790
5060539320746
5000328270715
5000328270630
5000328028873
5033060100156
5016451062158
5016451062110
7622202245480
5413149003026
5033060100149
5018297012724
5000237206775
5053990178520
5018297011871
5056267008308
5016451468226
5000328475905
5016451954224
5000328202464
5000237206638
5016451761136
5000328493435
5000328532905
5000237206256
5000328787251
5000328019345
5016451761112
5000328970103
5000328774800
5033060100224
5033060100132
5000328984100
5000129327915
5000328015941
5000159604277
5000232040138
5012583212614
8445291876316
5016451761129
5000129327878
5000328123301
5070000583556
5000328013602
5053990186075
5000328908137
5000328270890
4031495
5070000583549
5000328877655
5000237139493
5000237135389
5000237138601
5000237135365
5000237138564
5016451162803
5016451761167
5070000583563
5060657343023
5000328202389
5016451062189
5033060100422
5033060100163
5000328034775
5000328015927
5070000583532
5000328025438
5000237127469
5016451125341
5053990185405
5000237203125
5000328013626
5000237206874
5000328210438
5000237133989
5000237202418
5000237204306
5000237138540
5000328375618
5056796881748
5000237206355
5000237204320
5000237206379
50237739
5010052112847
5000328329789
5000328737102
5000328561615
5000328845890
5000328514536
8719214520670
5000237206416
5010052112830
5000328019376
5000237138625
5000328251950
50237043
5000237127445
5000328636702
6936329023922
6936329003870
6936329023878
8719964063182
6941976276768
6932570129086
6936329023823
6937643504425
5056796808967
6936329006192
6936329023915
6936329023991
5056796808509
6936329003740
6936329006185
6936329006093
6936329011646
5056796808998
6936329003696
6932570129468
5056796809094
6936329006147
6936329007328
5056796808370
6936329011684
6942417232626
6942417228919
6936329011813
6936329013954
6932570111715
6932570153814
6942417228926
6936329011639
6936329011776
6936329003702
5056796808974
6936329003849
8719964058676
5056796809001
6942417234583
6936329023786
6936329006055
6936329007335
6932570146953
6932570147158
6932570129628
6932570111685
6936329013961
6936329011912
6936329007274
6932570129109
6936329014210
6942417234576
6936329011783
6936329024004
6942417234668
6936329011905
6936329006178
5056796808387
6932570153760
6932570112217
6932570112200
6932570129444
6932570129598
6932570129505
6932570128249
6932570128478
6942417233081
5060656827951
6942417232602
6936329013978
6936329006048
5060657343030
6942417232619
6932570153739
8719964058737
6936329023908
5060656829153
6937080583939
6936329024011
3800020401668
6932570153692
6932570153494
6932570112255
6932570129857
6932570128133
6932570128232
6932570128256
6936329023779
5061026753481
6932570129611
5060656827944
5000393187086
5056841923355
5060656828019
5060656828026
5055440708875
3254474027194
8719964062970
5056796857071
6932570129574
5061026751630
6932570129178
5056796858634
5060657343047
6942417234552
6932570129970
5056796857279
6932570128157
6937080584035
6936329024455
6942417234620
6942417235993
6941976276751
8719964036346
5060656827982
5056841922877
6936329003672
8719964062857
8719964058768
6942417234569
5056796857309
6942417228933
6942417228902
8719964063038
6932570129994
5060656827968
6932570112323
5060656828033
5000168006062
6937080583915
5056796808417
6932570111807
5060656829085
6942417228896
6932570129482
6932570129055
6942417220425
5000393185976
5056546524567
5056796856265
5060657342804
8719964062918
8719964062949
6942417220432
6932570129062
8719964058645
5056796857255
5056796857033
5056796856319
5000168009209
6932570128263
8719964063274
6932570129499
6942417232640
5056546524680
6942417220678
6932570129888
6942417233074
5056546524581
8682213101785
6937643504463
5060657342828
6932570129215
6932570128270
5060657342873
5056796858696
5056796856241
5056796858689
5061064441395
7622202341908
6937080583977
5056796857217
5000393185822
6936329011615
5060657342835
5056546540864
5056546540888
3663701048596
3663701050254
5056546524666
5056546524604
3663701050018
5056546540857
5056546524628
5056546540895
5056796833921
5056796834003
5000393187680
5061064441654
5056796884305
3663701050537
5000393185914
5000393186003
6937080583984
5000393187710
8719214524456
5056796884480
3663701050063
3663701048497
5056796884428
5056796884398
3663701043386
3663701044376
5056546540871
3663701049807
5056796858603
5056546540833
5000393186935
5000393187659
3663701044925
3663701045793
05056546545821
5060657342842
3663701050131
3663701048275
5056546524703
5000393185945
5056546524727
5056796884220
3663701045175
5056796834058
3663701045441
6942417204739
5000393187864
5060932240474
5060932240573
5000393187208
5060932240566
5056796834126
6942417201400
5056796884343
5060932240542
5060932240627
5060932240467
6942417220555
5000393187239
8445291882454
5060932240535
5000393193193
6942417220654
5060932240412
5060932240603
5060932240429
5060932240481
5060932240504
8719964078971
5060932240641
6932570129529
5061064441364
5060932240559
5000393020659
6942417206139
5000393186034
5060932240443
560932240580
5061064441517
5060932240597
5060658057097
5060932240528
5056796866417
6942417220470
5000393193162
6942417236006
5061026754266
5060932240450
5060932240436
5000393193254
5000393187956
5060657342996
5060657342972
5060657343061
3663701043959
5060657343016
5060517749286
5060657342750
5060657342781
3663701044840
5060657342774
3663701043508
5060657342798
5060657342767
5060657342859
5056406831446
5056406831491
5060657342910
5060658057004
3663701043584
5060657343009
5060658056977
5060517748456
3663701047650
3663701042921
5060657342897
5055521147210
5060657342880
5410126716016
5010975030020
72417329975
72417199707
5000168029962
7622202245503
5000393187055
7622210148483
5010035001274
5000128592277
5000168040837
5000128980579
72417330018
5054073085445
5020628004650
5000168009162
5000168006048
5000168008905
5000168005966
8000500423509
5000168000862
7622201734886
5010035001236
5010035070096
72417337482
72417199578
7622201384487
5000168006444
5000159557177
5000168041506
5000168006000
7622202019463
5000168034225
5024879005206
5010035001304
5000168009025
5000168006505
5000168006468
5000168007236
5000168000527
5010035001281
7622300315283
8000500359358
7622202037528
5000168034270
72417203367
5000128953993
5000168006352
7622202245671
5000168008387
5000168009452
5000168005713
7622202254154
5000168005867
8000500310397
5000168036670
5000168006222
8000500447895
7622202299711
5000128959582
5000128584364
7622202299254
5000354926563
4002359020292
5024879007576
4002359020223
8712566140688
5000128592338
5000147026623
5000354926570
8712566144365
72417198205
4002359019968
5000168214689
4002359019746
7622202341946
5000168008561
5000168034256
5000354926525
5000129357615
5000168009049
5000128816151
5000168040004
5000354203640
5000168003948
5000128827935
7622201499679
5000129303599
7622201499617
4002359019999
5000129304107
5000128721172
5000147025213
5000147026593
8720182703958
5000128602556
7622210464729
4002359020148
3800020472286
5000168091556
5000128742382
4002359019777
5010034002357
5010034597501
5000354922190
4002359019920
5000197156707
8001060042957
5059320001117
5000354922237
5010034594005
4002359640469
5000354922220
5000197156714
5059319036830
5000128657723
5000183505458
5059319036779
5010029228922
5059321006043
0024000024385
5000354203664
8720182728715
5010034592605
5000197156745
8720182742261
5000128890038
4002359019753
5000354922251
7616100055388
5000147025237
5000354926549
8720182713339
5000232819109
5010034592407
50197729
5010034595002
5010034598003
62758336
8445290805867
5000128413800
5000108031833
5000108034483
8445290804860
5000108034513
5060201623205
5000354924286
5059321007262
5059319035864
5000108763291
5000129339819
5000354919688
5060201621805
5000354927461
5060201621812
5060201623168
5059319037103
5060201624042
5060288540754
5000128639262
8445290805706
5900020043023
5000108259671
5000354919671
8445290804891
5000354927522
5059319037073
5059320000011
5010029228182
5010029229172
5010029231618
7613036069830
8711000600177
5000129334555
8711000519141
5000128580595
7613031508808
5000354919695
5013668438905
5000128680721
5000168041544
7622202235528
615357752665
5013668437236
7612100005569
070177067779
8711000600207
8711000600290
5060113919526
0615357000421
8720608036691
5000208002504
070177075101
5000208002535
070177067762
070177103088
5000128680868
8720608036790
8711000600238
8711000519233
8445290860743
5000159603751
8445291282100
8445291929500
7622202235474
5000208014316
5000128833813
5013668436819
5013668436758
8711000600269
0615357000490
8445291683730
5000208002481
8001440135217
5013668436796
5013668436833
5000128833776
70177264581
3017800194881
5013668436857
5000232902184
70177231415
5013668436918
8001440135200
70177264574
5013668436970
5000157151438
5000232877734
5013668436895
5013668436871
5000157150752
5000232028440
5000128240017
5000128583534
5000128598422
0070177093402
0070177103071
5000157024671
5000128731416
5013668437175
5000232901224
5000128583619
8711000519417
5000128439527
5000232028464
5000208002467
5060123602210
5000232901392
5013668436772
5000232035332
5000128833790
5060123602227
5000232034021
5030101031967
5000128053853
5010105131016
5000128673044
5019989101818
5000232875303
50115204
5010105133010
3017800246917
5000354930492
5000354923081
5000128822510
5010105132013
5010084908692
50254460
5000354923968
5000128723664
3017800063521
5012583212553
5000232034007
5000221604051
5010084908548
5020628004414
5093391
8005110005947
50254453
5000128684590
3017800022252
3017800227428
5010024113360
5000354930508
5030101030359
8050444755747
5010084908661
5000128800884
5000354915321
5000254021993
5000128943567
5000128723244
5000128891189
5010084908517
5000354911859
5000354914492
5010084908609
5000128595605
5013668436994
5010024113346
5015821127268
6003770009130
5000318107366
50761142
5056036508374
5000234048286
8720182658241
8715700124551
5013668439360
8714100536148
5000128943611
6003770008140
50761180
31200005632
5000129302677
5039303000825
6003770000519
8714100535516
5010142220902
5000128626613
8722700479451
8714100536209
5000111041836
6003770009178
5013668439353
8712100891779
5021016990999
8711200344130
96168967
8720182661005
96168844
5000129353785
5000129360349
8715700124513
5013668439384
5000234048200
5013668439407
5013668440427
8715700124575
50254484
5000118203695
5000128584586
5000232041616
5997523315535
5000128584753
8720182693402
5000128584579
5000157062475
5000232041593
5000128584425
5000232865106
5000354929007
5000118203664
6003770008782
63211197587
5000354921414
8720182699633
5000157150905
5000157150844
5000157150837
5000118203688
5000128584746
5000111046244
8721201972294
5000157150868
63211197549
5000354924293
63211197532
5039303000849
5997523315511
5000232035714
8721201971952
5000354924309
5037376002333
5000128706278
5000354921407
8720182695505
8720182695734
5000157150912
5000232001528
5000232900265
5000354915550
5016805010309
5010034013827
5010034015975
5000128990004
5037376002654
5000128989947
5000354909924
5013668440106
5010105001807
5010034014152
5013668440083
8721201997396
5000129343373
5000354914294
5000354921087
5000354924392
8721201997471
5000354916625
5010034013698
5000354919602
5000354924323
5019520001508
5010034015098
5000128307376
5016805010255
8721201997464
5010179001406
5016805003158
5000128706254
5000354919565
5010034014299
5010024132774
5000128306232
5010034014282
5010034013995
5000128312813
5037376002326
5037376002524
50171255
5000128247320
5000171010209
5011826117006
5000128591393
50988242
5000171047953
5037376002623
5000232031501
5000129364477
5037376002555
5000128590907
5000171030696
024000001973
5000171050656
5000171058454
5000171058478
5000232031181
8720865190938
5037376002272
5037376002661
5000128591225
5000354915567
5037376002487
5037376002449
50171248
5013668439940
5037376002364
5000171010254
5037376002340
50824991
5037376002548
024000001669
5037376002562
5055319559416
5011826118003
50171231
5000128591218
5000171050434
5054073097462
5000171060181
https://qrco.de/bcbFwB
5000232031525
5000128706124
4002359019784
5060391629438
5000128738248
5000354924477
0024000194521
5013668437014
5000128735698
5000232850416
024000001966
5013668440403
5060391629513
5013668440380
5000354924378
3800020401491
5000128732536
5000232007964
24000024675
5000128737111
8720865190891
024000124023
5000128735711
024000080947
5000354924361
5000128472913
024000025993
5000128735094
5013668440441
8410076471178
8727200501046
5000128631822
5000128742979
5010338000295
5060391629452
024000124955
5000232039026
011210115255
5013668437038
5000197583091
5051594006898
5010338014339
5000128652926
5000218005670
5000197541893
8715035110106
8410076480637
5013668437526
8410076474704
5060107332119
5000354900938
5051594006874
5000128884549
5035660136627
8410076421081
5060391623764
8410076491169
8410076340047
5013668437489
5011826422001
5000378998232
5000111044202
8716900559242
5000354924712
5013668440922
5051594006812
5000128742283
50172511
5010338404307
5000128957687
5060107330016
5011106893057
5000354912696
4062300162884
8445290719942
5000221508748
5000221506713
4062300163003
5000354923098
5051594001954
4062300161481
5000354919732
5060107330368
5000354912542
5000354926440
4062300270411
5000354924521
5011106893040
96169544
5000354770050
5000354929786
5051594006805
5000128848350
5000128210317
5000221508724
5000354929779
5060107332096
5000354770302
5000221506744
5000354919749
96169001
50147311
5000354801365
4062300871410
4062300203419
5000354770005
5000221506751
4062300026049
5000128848312
5000354926488
5000442007617
5000128154390
5013668437274
8717405008433
5019989103119
50128570
8002210500105
05010115802500
5010024103644
5000232003478
5010115924721
5000128006606
5000232033628
5000128628303
5013668437052
5013668437076
5010115927111
8002210501102
5000232040152
5010024103293
5000232040701
5013668437298
5060336500242
5000354924408
50128587
5000128890519
5000128890618
5011106892463
5000232039323
5010067301502
5000442007594
5010115802357
96083291
5010115823734
5010067332186
5010115822362
5010115926831
5010115913329
5013668436505
5000232037572
0041500007229
5010115820795
5060336503540
5010654000757
5000232900609
3017800038390
5000354924545
5060336504622
5010654002003
5012427720404
5000232904928
5000157150790
5010654000085
5000184161165
5000128833738
5010654333329
5012427043503
5012427049802
5012427306202
5010654000771
5000157154996
5000232904973
5012427672307
5010654000801
5000232001627
5060336501287
50184385
5012427672109
037600104029
5010654332223
5000232904911
5010654000092
5000157150776
5000157071613
5012427049703
5000128835763
5060336504080
5000354160912
5000232900722
8004691700371
5000354160882
7622201386573
5000382126188
5012427674509
5000128300919
5000157076021
5000354168253
5010265002836
5010115909483
5010115902941
5000232867971
5000183038031
8001830533012
5000232825353
5000128592352
5000232825377
5000354168246
5010265000801
5000129360448
5000128300810
5000232414700
5000232825391
5011273040698
5000354924491
5000128803106
5010115900701
96199923
5013668700743
5000354700088
5000184161066
96199695
5010115900596
5000234048248
50126033
5000128300711
5000143949025
8710568058222
5060592007844
8710568064377
4030700197423
7613031513093
50973613
5060592007868
5000143961027
5060592007851
54034389
5000226000971
5000393183897
5000226001374
5000143606119
716165174219
5010891011868
5000143749274
4806025971099
716165280972
8412765008504
8412765508905
4006396125361
5000393145253
5000143655094
7311250046964
5704420046949
5000143412017
5010123703745
5000143951035
4030700197485
4030700197546
4030700197638
5704420035226
4030700186212
7311250049088
3057068401727
7311250045967
7311250045981
7311250036026
7311250049095
7311250049071
7311250045943
5704420035196
7311250045974
4030700123989
7311250036033
7311250042942
5704420030887
5013668439438
8001585001101
4030700197515
5704420030917
5013668439643
5050028025610
5013668439674
7638900083590
5410853032779
7638900461428
5000394176645
7638900227550
7638900461336
5013668438721
5013668439827
5013668440298
5050028164036
05011581008809
3086122300096
5022896614555
5055006102062
5000289929417
8410024711226
42070047
5000289939041
7622202343162
7501035042131
5099873032411
5011166080039
5000289939065
0731275894680
1210000104793
5410316986489
7501035042308
28501110080921
5021932025508
5013668700460
5013668700552
5013668700491
5021932025522
5060926502243
5010327256603
5000387909212
5410316961707
5410316961776
5410316961653
5000281080086
1210000100214
70491535046
5099873017623
5016840601029
8712436103386
5000281080109
0810035510104
5099873032015
5099873009505
7622202343018
1210000104809
5000387909182
5000289939010
5900343014694
5000281080055
5000387909250
5410316961622
8710521102139
5000289170604
5013668391729
5000267199825
5000354930485
5010196091886
813497006215
5060045582447
5011166082279
5010677012492
8000353006386
5060926500423
5000267024233
5011166080060
5060045581457
5010196091008
5000289938983
0008500000421
5013668391231
5013668391842
5099873099674
5013668700583
5099873026199
80686043508
5099873228647
5060926500591
3800032007162
5010278107375
5013668388910
5099873001370
5011166082804
5000299296066
0818844028551
5011007028701
5021932025126
080686005971
5013668030307
5013668026409
5013668391590
21259668
8888056603039
4062400027908
5021932025164
4750021000065
7610113032220
8411144000573
5900343014779
5410316961424
5000354930478
5021932025188
5021932025485
8000040500036
008559216163
5013668700521
5060361960028
5021932025140
5010314314682
5021932025102
7350041950103
721733000296
5011166082798
8410024711189
5011166081562
5000291025824
5010019000248
3018300004748
3800032007148
3760176211408
5000299296042
0048415000697
5032678013711
4809015157480
5011166082903
5010278104497
5011166082897
5021932025225
5010677012348
5011166080824
5010296169164
5010327000251
7312040350339
5021932025362
5099873002032
3334751007214
5060045580184
5011026105223
5011166080800
5011166066767
9013100003490
5010494990324
5021932024655
7622202254970
088320005110
5033931607562
48415541251
5021932025348
5011166083948
5060708440244
5060708440015
5060361960196
5021932025287
5065002285218
5060708470043
5391514740007
5060708440053
5060708440251
070491562042
5060708470067
5060361960165
2007049110545
3460410529862
8000040700320
5065020479132
5065020479125
5011166060963
5065020479149
5011166082811
853222006226
5035766065456
5010153873739
5060204343414
5010038499368
5000213024959
5010038493793
5010038497630
5010153873692
5010038497616
5010153873678
5010038498224
5010038490006
5060257214327
5060257214464
5011157620114
5010327717029
5035766066484
5010038483992
5035766185291
0850035474051
5060926500584
5060257214556
5024993733207
5035766065449
5010153873487
5014379031232
5035766062523
5010038453926
5060257214341
0850035474082
5060257214365
5060926502045
5035766066422
5010038497654
5060926502052
5010153873685
5010038499481
5035766066309
5010038497432
5010153873708
5032678017160
5012461002597
5410316960229
5032678016705
5010038442050
7640171034027
5011007027278
5032678016729
5032678016224
5000289939225
5032678016217
5011007027452
5032678016675
5032678017184
8850999111001
5010038494578
5032678017146
7312040323005
5010153873883
5063249306925
5410316970280
5011166086987
5024993733214
5032678016767
1230000210041
5010038462423
5011166086970
1230000210034
5010038441978
5056025454149
5010038499290
1230000210003
5410263932850
5010548005363
9322214006328
9311043055560
3049610004104
50925834
9414024514275
5010134921060
5000382126164
5410316961875
764253950641
8000570005056
7804320763965
764253505186
85000620311
08500020302
7804320746104
764253003705
5012136013286
5010134918343
7804320750552
085000022870
5060078185776
5010658318308
764253500204
764253505452
7622202245442
7804320256900
5060215330007
9322214011520
5010134921053
5010134922562
5060078182317
729854
5060078181846
50100384689682
8410023000031
7804320746807
5014379096552
797740
5410228333685
5010038591055
5060926501260
5010038591468
5032678016781
5035766713661
5035766713647
5056225900125
5035766713623
689049
8410162150062
5036040129000
9311043066887
5035766052074
5012136012500
5035766044635
5035766049395
3500610138546
7311100450217
5013668440809
5013668440861
7393714526007
5012136014009
5035766052340
7311100450613
7311100437423
5020628000317
5012136013996
5035766051022
7393714895813
5013668440847
7804320753065
3666140034564
4008429155994
7613287211552
7393714895783
8445290978950
5900951305740
4770608264734
5900951305733
5998749139547
5011792008780
5000166032230
5011792008452
8445291628786
8445290697349
4008429168260
4008429167614
50412143
5000112687972
40822068
5010478614895
5998749119365
5998749142356
8445290697301
5054267015432
8445290697288
5000166014793
5000112684582
5000112687958
5054267013346
5054267013339
5054267015449
5449000125019
5010102352049
5000112684629
5010102352100
5449000227409
4062139024391
5000112684827
5010102352131
5000328036526
4008429138133
5000112684810
4000177031377
4062139024216
4062139024421
4062139024247
8445291809413
8445290698162
5000112662665
5000112684834
4062139024575
5038512002576
4062139024339
5000112685619
5010102352070
5000382129318
5000382125983
5023603333356
5054267010710
4062139024636
4062139024544
5000382005537
5010102351981
5056784900246
5061013949675
7610400111737
4062139024452
4062139024360
4062139024483
5010102352018
5060947545519
5000382127901
9002490276508
5038512002880
90486456
90457975
5056784908723
90162800
5056784904046
5056569902533
9002490272630
5000382123941
5000382125181
8003340090535
8691707140117
5056267007639
5056079901712
5999571054664
5054267012936
5056784901151
4062139024513
5056569902526
5056569902540
90474088
5000382123965
5060317323570
4062139022106
4062139021147
5449000042101
5000112686982
4062139021109
5060639123001
4062139021161
5000112684537
05449000018892
4062139024902
90493324
90493713
5999571054602
5061013963404
5000112688337
5060317323556
5060751211242
5020055100772
90474774
5060896622514
5056569901314
5060317323532
5060317323594
5000112686999
5000112684773
05449000018915
5449000051578
4062139024988
05449000180704
5000382109815
4062139024933
5000382124306
5449000011718
5000382126539
5010287376526
5000112684490
4062139024698
5000382124429
5000382129561
5010018003165
5000382115861
5449000282040
5449000284235
5060299910522
5010102103627
4060800169723
05017726157586
5017726192570
05017726157616
3092719700279
50413966
5449000133410
96179970
96186879
5010102324640
50303861
05017726190714
5013668700934
7622202341809
5000112684360
90357718
54027657
5010388803532
5449000266880
5013668700873
4060800178015
5026109010998
5013668700859
5019490500544
5000382121879
5000382115373
4062139024780
5013668700897
5000382127604
4062139024810
5000112684612
53993748
5000382126720
4062139024759
4062139024728
810116127696
5060042350063
5060042350025
5060042350018
810116128037
5000382126706
5026109010981
5000177427674
5011064000009
0810116128839
5013668434921
5013668701030
5013668701016
5000232036919
5056204200246
5010102340107
5013668435959
50925827
5013668700637
05060042351053
5013668700613
5010102340138
5999571050611
5999571051328
5449000337351
5999571051311
5017353505286
5000158071377
5000167056488
5011309019117
3574661370194
5000158062139
8720665000079
5013668440724
5000128966221
8720665000062
8004260483681
5060464503955
5060464500862
5000167056518
5011321365353
5029053586236
5017764004743
8004260421423
5029053583013
5056267010806
8006540827277
5055028388253
5025135113376
5010605829017
5056267009213
50158072
5056267004522
5000237206553
5000328036175
5056267007691
5056267007677
5056267003990
8717163545324
5056267003273
59099758
8717163020524
5000168006260
8720181336041
5000101514074
5000237206539
3574669909594
8700216026277
0615357000414
5010035068383
7622202245428
7622202218422
5060391629575
5060391629551
8445291151925
5059319036861
5000157150875
5000354924354
5000354914416
5000354921360
4002359019524
8715700124544
8715700124520
5060926500461
5060926502182
5060926500607
5011792008353
8445290697325
4062139022298
4062139022236
5000159603614
7622202342981
5060078181693
9311218119509
44385893
4062139015641
7613031513000
7613031513062
5059321006258
50237890
80310891
8000500447666
7622202341601
5010115822331
3057640372513
5000328037271
5000237206935
5000168008523
5000237206713
5000237207871
5010102345485
5029578000163
4062139015559
5099802150117
5000237206737
3057640373183
5000112684414
5410438044883
4062139024605
5056079901705
5011673403611
4062139024667
5000328037219
5000328036465
5000237206072
5000328036779
5000328037240
5000112684339
7622202341748
5056267005611
5000101511851
8720181336935
8720181336089
5000382114543
5410091733377
5000382114246
5056267002924
5011321595149
5050375947184
5000168005614
5000328159003
5000328037141
5000328036205
5000237207253
5054805039838
5056267008483
5056267008445
4056800781294
4056800781232
4056800781263
5000101514050
5000101514098
5053990181186
5053990178490
51000001
5000112684377
5000382115236
5050375079496
7622202342530
5020535009601
5056267003761
8901288011004
5056267009503
8720181351303
5028763006409
5060066940523
5050565456397
5020535013080
5014749015060
5020535015466
8006540616048
7622202342417
5056267004263
5000101511639
5056267005055
7702018980932
90301931
8700216480444
5020535013042
8710908657900
5020535015442
5010123730215
5056267003976
www.hemincense.com
5059471000083
5000168006208
7622202245466
5010035001311
3800020403044
4017100936777
7622202342394
5000168006420
7622202342431
5000168005980
7613287418159
0034000939572
5056192411099
5060180031527
7622202341762
5059001014573
2746210213028
7622202299896
8410525263361
8410525229695
5000204579376
5010508150591
7702018980918
8720181079160
5033747003800
5033747004517
5033747003008
7622202274831
5050375099326
8720181714481
8006540994450
5019373195201
5013748062532
8711600357785
0100580000084
8006530024365
8445292001366
8712561483094
5010511482399
5056267008339
8008970041698
5000101510939
5033747004210
5012035971892
5012035972073
5012035985158
5012035985110
8445291673977
8711000707821
8445291692749
8445291282087
8445291747180
5000204771749
5000204890938
5055028387898
8006540938614
5059001015525
5029053500287
5056267004065
5010102346376
5056796897664
8720665000116
5000328039046
5000237206690
5000168039770
5000168005942
5010102347175
5054267015074
5000112684278
50792511
3245991093304
1210000100078
0088004026356
5099873046296
5000281080024
7610113026717
5016840164166
5011013100200
7312040553198
8410024711110
7610113026687
3219820000115
5013668391965
54034488
4030700127512
3057067336327
5410316961677
5016840164715
7610113021187
5010327405223
5010284011314
4016500013187
5051175738170
9300727406538
7804320746326
7804320638423
0764253950641
7804320355979
7798039594333
9311218117970
3430560004533
5060078180061
5010134921015
3430560010145
5010186017162
5010186014550
5010134922173
5010134919883
9311218003426
7804320756509
5060215330779
9311220009096
5010186019258
5000289932431
5017353504760
8714100597347
5018095012995
7622202289989
7622300735951
6942417234606
6942417260537
6942417238567
9312088451607
6942417260568
5000112684308
4062139022205
5000112684322
9311218119486
4062139024872
6942417260520
5056796808400
5061063940554
6942417234675
6942417260629
5056796857019
6932570111722
https://www.ivapegreat.com/ivg-authenticator-2/?c=BOLH0MJVCB4706
6932570111753
https://www.ivapegreat.com/ivg-authenticator-2/?c=BOLHEOOB8E191F
https://www.ivapegreat.com/ivg-authenticator-2/?c=BOLKPZ6V98132D
6932570153630
6932570153500
6932570153517
6932570153821
6932570147288
6932570129604
6932570129956
6932570128225
5061064442118
0072417332371
https://www.ivapegreat.com/ivg-authenticator-2/?c=BOKZRVKD55E85E
https://www.ivapegreat.com/ivg-authenticator-2/?c=BOLLVP9R25B1A3
5061064441500
6937080583953
6974734430003
0034000471652
5014379010954
5056357910320
0682430179206
5012389670588
5000382129196
5016860001762
5000177449638
5000382123590
5410438036420
5060166690007
90474019
5000382124603
54492653
5000382124887
5054267015586
3057640100178
5056267003716
96191330
8720181336140
5031468213799
8720181436758
4005900036568
8720181284311
3574660453119
7702018308309
5028763007611
PS0058979
3574661440477
5000477233968
5053249200668
59095804
8720181287589
5031413910872
5028763014664
4005808246014
5060335635174
5000382123675
5000382124825
5000382125105
54493957
8712561478762
8720181442568
5056267008421
5056267008520
5056267008469
5056267004249
5056267004508
5000393086365
4030700197454
5000393186997
5000328037394
5018297011918
5000254019280
4015400828235
8445291265738
5010153873722
5000328038261
5014379031256
5059319036892
5056784900185
5011157995403
5000101510809
5010102343443
5000382124283
5449000089359
8000500448380
5012818160154
5000354927478
5010029228946
4008429037962
5000147032921
5011792003211
7613034004017
5000171001184
5010029227451
7613034002969
5010105001500
5011273047215
5000234048293
5998749125649
5011898005553
024000025528
4002359019739
8700216315807
5000354926594
5000232825018
5011898001012
4062139018208
5060201181552
766200886010
5000112684766
5011157996530
3057640136993
5035766064442
8697520000065
5013803701901
5054267008533
5000112684780
5034660517832
5000213012024
5000185117277
8445290697950
5054267015579
5000112557350
5018297012274
5901359074573
5014379014457
5035766064893
5056079901187
4008400836324
80310549
5010459005179
5000184161004
4060800002594
5000232821010
5054267002333
5029788703588
5000177466451
5061013944199
4060800307187
5023274045596
7622210431769
7622210679031
5060201181835
5900951313196
7393714895110
5000168006406
5000232037732
5013668417337
3664346354363
5053990172252
5029788180099
4001686535561
5000168006185
3068320120263
5012427074804
3574661684376
5000354924576
5000157154859
5013803701802
5000112688283
5012427723108
5011898005010
4062139024841
4009900489119
5000328376677
5000382128526
5000382128465
4224176214214
5012389675033
5012389675002
5012389674999
5410438047914
5410438047976
5414150411176
4000349500052
5056079901408
7622202828256
0602201342394
7622202828195
7622202372841
5000159605144
3800020401965
5060896622200
0070847898245
5056784914939
5056784913086
5017764901202
5012035986599
3800020403235
5054267000667
5060896628882
5000382124108
5056079901392
5060517885137
5054267014367
5000177498834
5029788205280
8001585001040
0811284003942
5000112688276
0524513301749
5000382127888
7613036287715
8003625004486
4770608261245
5000166157292
5054073085469
5024993733313
5410316970198
9311789008837
931178939221929
5014201655414
7311100450927